Index,status,open_time,open_price,high_setup,real_high,high_bar,low_setup,real_low,low_bar,DD_point,DD_bar,TP_get,TP_bar,TP_same,side,result,profit,prob
0,Sell win,2020-01-06T14:30:00Z,0.69277,0.69553,0.69553,9,0.69356,0.69356,17,0.69424,16,0.69234254,30,0,Sell,win,0.216984772,0.000733057
1,Sell win,2020-01-09T19:00:00Z,0.68513,0.68782,0.68782,52,0.68518,0.68518,56,0.68586,5,0.68512,10,0.68512,Sell,win,0.003787879,1.28E-05
2,Buy loss,2020-01-14T01:00:00Z,0.69107,0.69098,0.69098,27,0.68963,0.68963,20,0.68952,33,0.6918143,0,0.69184,Buy,loss,-1.148148148,-0.003878879
3,Sell win,2020-01-14T01:00:00Z,0.68952,0.69098,0.69098,60,0.68963,0.68963,53,0.69056,0,0.6887957,1,0.69184,Sell,win,0.536518519,0.001812563
4,Buy win,2020-01-16T09:30:00Z,0.69195,0.69158,0.69158,33,0.69,0.69,27,0.6913,0,0.69255644,3,0,Buy,win,0.383822785,0.001296699
5,Sell win,2020-01-17T13:00:00Z,0.68889,0.69295,0.69086,48,0.68902,0.68902,38,0.68944,0,0.68788288,5,0,Sell,win,0.256264631,0.000865759
6,Sell win,2020-01-21T02:30:00Z,0.68585,0.68794,0.68794,5,0.68599,0.68599,24,0.68677,2,0.6847849,11,0,Sell,win,0.546205128,0.001845288
7,Sell win,2020-01-21T19:00:00Z,0.68458,0.68721,0.68721,12,0.68476,0.68476,22,0.68493,0,0.6832459,12,0,Sell,win,0.544530612,0.00183963
8,Sell win,2020-01-24T15:00:00Z,0.68248,0.68755,0.68755,73,0.6832,0.6832,123,0.68425,0,0.6805117,16,0,Sell,win,0.452482759,0.001528658
9,Buy loss,2020-01-29T14:30:00Z,0.67638,0.67636,0.67636,36,0.67411,0.67411,29,0.67403,30,0.67762,0,0.67762,Buy,loss,-1.044444444,-0.003528529
10,Sell win,2020-01-29T14:30:00Z,0.67403,0.67636,0.67636,66,0.67411,0.67411,59,0.6763,10,0.6727195,33,0.67762,Sell,win,0.582444444,0.001967718
11,Buy loss,2020-01-31T08:00:00Z,0.67231,0.67214,0.67214,7,0.67047,0.67047,19,0.67035,14,0.67317206,0,0,Buy,loss,-1.173652695,-0.003965043
12,Sell win,2020-01-31T08:00:00Z,0.67035,0.67214,0.67214,21,0.67047,0.67047,33,0.67101,0,0.66943794,2,0,Sell,win,0.546143713,0.00184508
13,Buy win,2020-02-04T03:30:00Z,0.67151,0.67053,0.67053,41,0.66845,0.66845,83,0.66848,0,0.67181544,1,0,Buy,win,0.146846154,0.000496102
14,Buy win,2020-02-04T14:30:00Z,0.67327,0.6732,0.6732,13,0.67088,0.67088,10,0.67236,0,0.67403,22,0.67403,Buy,win,0.327586207,0.00110671
15,Sell win,2020-02-06T15:00:00Z,0.67339,0.67713,0.67567,59,0.67419,0.67419,11,0.67442,3,0.67327536,8,0,Sell,win,0.038993197,0.000131734
16,Buy win,2020-02-11T02:30:00Z,0.67058,0.67057,0.67057,41,0.66733,0.66733,18,0.66993,22,0.67257232,24,0,Buy,win,0.61491358,0.002077411
17,Buy win,2020-02-12T01:30:00Z,0.67308,0.67294,0.67294,22,0.67084,0.67084,14,0.67235,10,0.6742378,13,0,Buy,win,0.551333333,0.001862613
18,Sell win,2020-02-13T23:00:00Z,0.67125,0.67382,0.67298,17,0.67133,0.67133,47,0.67316,8,0.67125,25,0.67125,Sell,win,0,0
19,Sell win,2020-02-25T13:00:00Z,0.65893,0.66356,0.66356,90,0.65912,0.65912,106,0.66081,6,0.65637608,49,0,Sell,win,0.575207207,0.001943268
20,Sell win,2020-02-28T03:00:00Z,0.65361,0.65871,0.65871,24,0.6544,0.6544,59,0.65518,0,0.65173642,5,0,Sell,win,0.434705336,0.001468599
21,Buy win,2020-03-03T10:30:00Z,0.65646,0.65634,0.65634,53,0.64577,0.6513,86,0.65557,1,0.65945472,9,0,Buy,win,0.283322611,0.000957171
22,Sell loss,2020-03-06T02:30:00Z,0.65881,0.66165,0.66165,5,0.65894,0.65894,15,0.66228,10,0.65726522,0,0,Sell,loss,-1.280442804,-0.00432582
23,Buy win,2020-03-06T07:30:00Z,0.66228,0.66165,0.66165,15,0.65894,0.65894,25,0.66156,0,0.66332478,1,0,Buy,win,0.385527675,0.001302458
24,Sell win,2020-03-18T08:00:00Z,0.59351,0.60243,0.60243,6,0.59653,0.59653,31,0.59737,0,0.5928838,1,0,Sell,win,0.106135593,0.000358566
25,Buy win,2020-03-20T02:00:00Z,0.58953,0.58861,0.58861,22,0.56676,0.57034,7,0.56997,46,0.59702,105,0.59702,Buy,win,0.342791762,0.00115808
26,Buy win,2020-03-26T16:30:00Z,0.60687,0.60626,0.60626,64,0.58746,0.58746,31,0.60345,10,0.60835,18,0.60835,Buy,win,0.078723404,0.000265957
27,Sell loss,2020-03-27T15:30:00Z,0.60243,0.61227,0.61227,14,0.60359,0.60243,28,0.61244,6,0.59822576,6,0,Sell,loss,-1.153225806,-0.003896033
28,Buy win,2020-03-27T15:30:00Z,0.61244,0.61227,0.61227,14,0.60359,0.60243,28,0.60751,0,0.61835112,4,0,Buy,win,0.681004608,0.002300691
29,Sell win,2020-04-02T12:30:00Z,0.60364,0.61937,0.60735,179,0.60475,0.60475,48,0.60832,0,0.6031432,40,0.60151,Sell,win,0.033980848,0.0001148
30,Buy win,2020-04-08T14:30:00Z,0.62073,0.62068,0.62068,50,0.61216,0.61216,17,0.6191,0,0.62594536,44,0,Buy,win,0.612131455,0.002068012
31,Buy win,2020-04-14T01:00:00Z,0.6404,0.64027,0.64027,15,0.63808,0.63808,8,0.63959,0,0.64162342,1,0,Buy,win,0.558639269,0.001887295
32,Buy loss,2020-04-15T05:30:00Z,0.64322,0.64275,0.64275,41,0.6383,0.6383,29,0.63828,10,0.64425,0,0.64425,Buy,loss,-1.11011236,-0.00375038
33,Sell win,2020-04-15T05:30:00Z,0.63828,0.64275,0.64275,51,0.6383,0.6383,39,0.6406,0,0.6355499,2,0.64425,Sell,win,0.613505618,0.002072654
34,Buy win,2020-04-20T09:00:00Z,0.63906,0.63822,0.63822,64,0.63365,0.63365,19,0.63481,6,0.63906,11,0.63906,Buy,win,0,0
35,Buy win,2020-04-27T00:00:00Z,0.64024,0.63983,0.63983,66,0.63426,0.63426,37,0.6393,0,0.64327226,3,0,Buy,win,0.544391382,0.00183916
36,Buy win,2020-04-29T00:30:00Z,0.65192,0.65121,0.65121,27,0.64536,0.65089,36,0.65057,22,0.65140776,28,0.65413,Buy,win,0.087562393,0.000295819
37,Sell win,2020-05-06T15:00:00Z,0.64179,0.64491,0.64491,16,0.64221,0.64221,29,0.6435,0,0.6405414,9,0,Sell,win,0.462444444,0.001562312
38,Buy win,2020-05-07T15:30:00Z,0.64991,0.64657,0.64657,9,0.63832,0.64474,33,0.64629,0,0.64770094,2,0,Buy,win,0.267764848,0.000904611
39,Buy win,2020-05-11T01:30:00Z,0.65558,0.65429,0.65429,20,0.65205,0.65205,7,0.65387,0,0.65567432,1,0,Buy,win,0.042107143,0.000142254
40,Sell win,2020-05-13T16:30:00Z,0.64503,0.6516,0.6516,10,0.64515,0.64515,34,0.64689,18,0.6411639,37,0,Sell,win,0.599395349,0.002024984
41,Sell loss,2020-05-15T14:30:00Z,0.64135,0.64705,0.64516,30,0.64144,0.64144,52,0.64522,35,0.64055,0,0.64055,Sell,loss,-0.689839572,-0.002330539
42,Buy win,2020-05-18T08:00:00Z,0.64522,0.64705,0.64516,65,0.64144,0.64242,87,0.64344,1,0.64685332,8,0.64055,Buy,win,0.291144385,0.000983596
43,Buy win,2020-05-20T09:30:00Z,0.65673,0.65562,0.65562,17,0.65295,0.65298,23,0.65518,0,0.65725152,2,0,Buy,win,0.195325843,0.000659885
44,Buy win,2020-05-25T15:00:00Z,0.65473,0.65462,0.65462,30,0.65145,0.65145,51,0.65378,16,0.65657906,20,0,Buy,win,0.583299685,0.001970607
45,Buy loss,2020-05-27T12:30:00Z,0.66746,0.66742,0.66742,30,0.65245,0.6636,101,0.66159,6,0.66978076,0,0,Buy,loss,-0.392117568,-0.001324722
46,Sell win,2020-05-27T13:00:00Z,0.66159,0.66742,0.66742,36,0.65245,0.6636,107,0.66457,0,0.66123924,1,0,Sell,win,0.023430862,7.92E-05
47,Buy win,2020-05-28T12:30:00Z,0.66332,0.66292,0.66292,22,0.65767,0.65894,44,0.66151,0,0.66537964,4,0,Buy,win,0.392312381,0.00132538
48,Buy win,2020-05-29T11:30:00Z,0.66675,0.66656,0.66656,38,0.66196,0.66196,28,0.66184,7,0.66694,15,0.66694,Buy,win,0.041304348,0.000139542
49,Buy win,2020-06-02T05:00:00Z,0.68046,0.68042,0.68042,16,0.66337,0.67761,74,0.67893,3,0.68215658,8,0,Buy,win,0.099506158,0.000336169
50,Buy win,2020-06-04T14:30:00Z,0.69776,0.6948,0.6948,46,0.68623,0.68846,55,0.69291,9,0.69871812,30,0,Buy,win,0.1117993,0.0003777
51,Buy win,2020-06-08T17:00:00Z,0.70091,0.69998,0.69998,35,0.69636,0.69731,43,0.69952,0,0.70163006,3,0,Buy,win,0.198911602,0.000671999
52,Buy win,2020-06-10T05:00:00Z,0.69933,0.6975,0.6975,29,0.69393,0.69393,10,0.69679,0,0.69970626,1,0,Buy,win,0.105394958,0.000356064
53,Sell win,2020-06-15T06:00:00Z,0.6811,0.69064,0.68668,30,0.68165,0.68165,14,0.68456,3,0.67854146,11,0,Sell,win,0.284598443,0.000961481
54,Sell loss,2020-06-19T18:00:00Z,0.68378,0.69041,0.68862,11,0.68418,0.68418,57,0.68947,39,0.68151,0,0.68151,Sell,loss,-0.913322632,-0.003085549
55,Buy win,2020-06-22T13:30:00Z,0.68947,0.69041,0.68862,50,0.68418,0.68418,96,0.68738,0,0.69136392,5,0.68151,Buy,win,0.304,0.001027027
56,Sell win,2020-06-26T14:30:00Z,0.68461,0.68944,0.68944,21,0.68555,0.68555,78,0.68754,6,0.68461,14,0.68461,Sell,win,0,0
57,Sell loss,2020-06-30T08:30:00Z,0.68486,0.68888,0.68888,53,0.685,0.685,34,0.69039,13,0.68260216,0,0,Sell,loss,-1.425257732,-0.00481506
58,Buy win,2020-06-30T15:00:00Z,0.69039,0.68888,0.68888,66,0.685,0.685,47,0.68825,0,0.69127784,20,0,Buy,win,0.228824742,0.000773057
59,Buy win,2020-07-01T16:00:00Z,0.69224,0.69169,0.69169,16,0.68848,0.68848,9,0.69046,20,0.69367378,33,0,Buy,win,0.446660436,0.001508988
60,Buy win,2020-07-08T16:00:00Z,0.69767,0.69733,0.69733,48,0.69244,0.6932,62,0.69646,0,0.69988234,32,0,Buy,win,0.452421268,0.00152845
61,Buy win,2020-07-14T22:00:00Z,0.69908,0.69903,0.69903,63,0.69307,0.69307,42,0.69742,0,0.70271328,30,0,Buy,win,0.609610738,0.002059496
62,Sell win,2020-07-16T00:30:00Z,0.69955,0.70318,0.70318,23,0.6996,0.6996,14,0.7012,2,0.69738756,18,0,Sell,win,0.60403352,0.002040654
63,Buy win,2020-07-20T14:00:00Z,0.70107,0.70032,0.70032,37,0.69751,0.69751,23,0.69956,0,0.70205658,19,0,Buy,win,0.351096085,0.001186135
64,Sell win,2020-07-24T04:00:00Z,0.7079,0.71211,0.71211,7,0.70943,0.70943,14,0.70962,0,0.70777376,2,0,Sell,win,0.047104478,0.000159137
65,Buy win,2020-07-29T06:30:00Z,0.71732,0.71726,0.71726,57,0.7067,0.71308,136,0.71207,64,0.71893,76,0.71893,Buy,win,0.152462121,0.000515075
66,Sell win,2020-08-03T11:00:00Z,0.71231,0.72227,0.71453,51,0.71256,0.71256,12,0.71456,0,0.71134254,10,0,Sell,win,0.099635427,0.000336606
67,Buy win,2020-08-04T02:30:00Z,0.71299,0.71268,0.71268,13,0.70826,0.70826,26,0.71153,21,0.71541156,25,0,Buy,win,0.547864253,0.001850893
68,Sell win,2020-08-06T02:30:00Z,0.71867,0.72343,0.72098,26,0.71887,0.71887,13,0.72167,7,0.71756602,17,0,Sell,win,0.242100877,0.000817908
69,Sell win,2020-08-07T13:00:00Z,0.71791,0.72387,0.72387,35,0.71806,0.71806,53,0.72087,0,0.71446942,8,0,Sell,win,0.592182444,0.002000616
70,Sell win,2020-08-11T19:30:00Z,0.714,0.71862,0.71862,14,0.71411,0.71411,65,0.71509,9,0.71132282,13,0,Sell,win,0.593609756,0.002005438
71,Buy loss,2020-08-14T09:00:00Z,0.71795,0.7172,0.7172,19,0.71109,0.71393,40,0.71392,66,0.71922086,0,0,Buy,loss,-0.659574468,-0.002228292
72,Sell loss,2020-08-14T09:00:00Z,0.71392,0.7172,0.7172,85,0.71109,0.71393,106,0.71728,15,0.71190914,0,0,Sell,loss,-0.549918167,-0.001857832
73,Buy win,2020-08-14T16:30:00Z,0.71728,0.7172,0.7172,100,0.71109,0.71393,121,0.71611,9,0.71922086,14,0,Buy,win,0.317653028,0.001073152
74,Buy win,2020-08-17T13:00:00Z,0.7201,0.71959,0.71959,25,0.7173,0.7173,10,0.71938,0,0.72100522,1,0,Buy,win,0.395292576,0.001335448
75,Sell win,2020-08-19T15:00:00Z,0.7232,0.72556,0.72556,51,0.72334,0.72334,22,0.72389,0,0.72196804,6,0,Sell,win,0.554936937,0.001874787
76,Buy win,2020-08-26T13:30:00Z,0.72149,0.72089,0.72089,170,0.71576,0.71576,85,0.72038,0,0.72406034,19,0,Buy,win,0.501040936,0.001692706
77,Buy win,2020-08-31T14:00:00Z,0.73842,0.73715,0.73715,23,0.7231,0.73638,120,0.73593,54,0.73762586,64,0.74111,Buy,win,0.05652242,0.000190954
78,Sell win,2020-09-03T05:30:00Z,0.73055,0.73371,0.73371,18,0.73069,0.73069,32,0.73197,4,0.72882364,12,0,Sell,win,0.571642384,0.001931224
79,Sell win,2020-09-04T13:00:00Z,0.72525,0.72925,0.72925,7,0.7254,0.7254,27,0.72671,0,0.7230207,2,0,Sell,win,0.579038961,0.001956213
80,Buy loss,2020-09-08T13:00:00Z,0.72996,0.72973,0.72973,71,0.72325,0.72325,80,0.72289,14,0.73373464,0,0,Buy,loss,-1.091049383,-0.003685978
81,Sell win,2020-09-08T13:00:00Z,0.72289,0.72973,0.72973,85,0.72325,0.72325,94,0.72477,2,0.71924536,18,0,Sell,win,0.562444444,0.00190015
82,Buy win,2020-09-10T12:30:00Z,0.72922,0.72843,0.72843,33,0.72665,0.72665,23,0.72726,0,0.72953004,1,0,Buy,win,0.174179775,0.000588445
83,Buy win,2020-09-14T13:30:00Z,0.729,0.72861,0.72861,16,0.72606,0.72667,41,0.72804,0,0.72980892,3,0,Buy,win,0.317223529,0.001071701
84,Buy loss,2020-09-16T19:00:00Z,0.73383,0.73369,0.73369,43,0.72947,0.72947,21,0.72858,17,0.73629796,0,0,Buy,loss,-1.244075829,-0.004202959
85,Sell win,2020-09-16T19:00:00Z,0.72858,0.73369,0.73369,60,0.72947,0.72947,38,0.73153,0,0.72686204,13,0,Sell,win,0.407099526,0.001375336
86,Buy loss,2020-09-21T07:30:00Z,0.73187,0.73187,0.73187,24,0.72899,0.72899,15,0.72858,7,0.73364984,0,0,Buy,loss,-1.142361111,-0.003859328
87,Sell win,2020-09-21T07:30:00Z,0.72858,0.73187,0.73187,31,0.72899,0.72899,22,0.73082,0,0.72721016,2,0,Sell,win,0.475638889,0.001606888
88,Sell win,2020-09-23T12:00:00Z,0.71108,0.72282,0.71774,51,0.71135,0.71135,8,0.71202,0,0.70740098,14,0,Sell,win,0.320751526,0.00108362
89,Buy win,2020-09-25T04:30:00Z,0.70674,0.70641,0.70641,22,0.7043,0.7043,16,0.7054,3,0.70771398,5,0,Buy,win,0.461601896,0.001559466
90,Buy win,2020-09-28T23:30:00Z,0.70936,0.70852,0.70852,81,0.70117,0.70117,63,0.70742,15,0.7130623,24,0,Buy,win,0.503714286,0.001701737
91,Buy win,2020-09-30T14:00:00Z,0.71541,0.71454,0.71454,28,0.71064,0.71064,17,0.7136,0,0.7169502,1,0,Buy,win,0.394923077,0.0013342
92,Sell win,2020-10-06T18:30:00Z,0.71221,0.71933,0.71933,38,0.71411,0.71411,124,0.71555,0,0.71088404,4,0,Sell,win,0.254015326,0.00085816
93,Buy win,2020-10-07T12:30:00Z,0.7144,0.71426,0.71426,10,0.71,0.71231,28,0.7123,26,0.7154651,34,0,Buy,win,0.250023474,0.000844674
94,Sell win,2020-10-13T13:30:00Z,0.71653,0.72019,0.72019,9,0.71658,0.71658,23,0.71738,22,0.71526,23,0.71526,Sell,win,0.351800554,0.001188515
95,Buy win,2020-10-19T00:00:00Z,0.7098,0.70952,0.70952,58,0.70707,0.70707,39,0.70837,7,0.71035,18,0.71035,Buy,win,0.224489796,0.000758411
96,Sell win,2020-10-19T17:30:00Z,0.70802,0.71116,0.71116,15,0.70856,0.70856,26,0.70885,0,0.7069532,2,0,Sell,win,0.410307692,0.001386175
97,Buy win,2020-10-21T02:00:00Z,0.70767,0.707,0.707,16,0.70471,0.70471,9,0.70664,0,0.70841522,8,0,Buy,win,0.325423581,0.001099404
98,Buy win,2020-10-22T22:30:00Z,0.71334,0.71332,0.71332,61,0.7089,0.7089,37,0.7102,15,0.71334,18,0.71334,Buy,win,0,0
99,Buy win,2020-10-26T10:30:00Z,0.71412,0.71409,0.71409,29,0.71052,0.71052,7,0.71048,14,0.71412,58,0.71412,Buy,win,0,0
100,Sell loss,2020-10-27T21:00:00Z,0.7117,0.7145,0.7145,8,0.7122,0.7122,22,0.7152,17,0.7114,0,0.7114,Sell,loss,-1.52173913,-0.005141011
101,Buy loss,2020-10-28T08:00:00Z,0.7152,0.7145,0.7145,25,0.7122,0.7122,39,0.71209,5,0.7159214,0,0.7114,Buy,loss,-1.352173913,-0.004568155
102,Sell win,2020-10-28T08:00:00Z,0.71209,0.7145,0.7145,30,0.7122,0.7122,44,0.71373,0,0.7107786,3,0.7114,Sell,win,0.570173913,0.001926263
103,Buy loss,2020-11-01T23:30:00Z,0.70672,0.7052,0.7052,22,0.7016,0.7016,11,0.70075,20,0.70672,0,0.70672,Buy,loss,-1.658333333,-0.005602477
104,Sell win,2020-11-01T23:30:00Z,0.70075,0.7052,0.7052,42,0.7016,0.7016,31,0.70253,4,0.6993752,14,0.70672,Sell,win,0.381888889,0.001290165
105,Buy win,2020-11-03T23:00:00Z,0.71909,0.71675,0.71675,14,0.69979,0.71408,78,0.7164,0,0.71840006,1,0,Buy,win,0.040680425,0.000137434
106,Buy win,2020-11-05T08:00:00Z,0.72021,0.71965,0.71965,65,0.70741,0.70741,50,0.71847,0,0.72721432,15,0,Buy,win,0.572248366,0.001933272
107,Sell win,2020-11-12T06:00:00Z,0.72616,0.72899,0.72899,10,0.72642,0.72642,29,0.7273,0,0.72483174,3,0,Sell,win,0.516832685,0.001746056
108,Buy win,2020-11-16T08:00:00Z,0.72996,0.72948,0.72948,11,0.72237,0.72842,57,0.72812,5,0.73013508,17,0,Buy,win,0.024624473,8.32E-05
109,Sell loss,2020-11-19T08:30:00Z,0.72696,0.73251,0.72952,31,0.72781,0.72781,62,0.72953,42,0.72679,0,0.72679,Sell,loss,-0.546808511,-0.001847326
110,Buy win,2020-11-20T05:30:00Z,0.72953,0.73251,0.72952,73,0.72781,0.72781,104,0.72813,4,0.73057678,12,0.72679,Buy,win,0.222719149,0.00075243
111,Buy win,2020-11-23T03:00:00Z,0.73183,0.73183,0.73183,24,0.73008,0.73008,10,0.73064,7,0.73244,10,0.73244,Buy,win,0.348571429,0.001177606
112,Buy win,2020-11-24T20:30:00Z,0.7362,0.73598,0.73598,23,0.73266,0.73284,11,0.73251,37,0.73691,46,0.73691,Buy,win,0.213855422,0.000722485
113,Buy win,2020-11-27T04:00:00Z,0.73743,0.73734,0.73734,64,0.73553,0.73553,27,0.73693,0,0.73845858,8,0,Buy,win,0.568276243,0.001919852
114,Buy win,2020-11-27T21:00:00Z,0.73875,0.73844,0.73844,25,0.73691,0.73691,18,0.73765,1,0.73938554,4,0,Buy,win,0.415385621,0.00140333
115,Buy win,2020-12-01T20:30:00Z,0.73692,0.73687,0.73687,29,0.73452,0.73452,20,0.73629,3,0.7383223,5,0,Buy,win,0.596723404,0.002015957
116,Buy win,2020-12-03T07:00:00Z,0.74283,0.74195,0.74195,20,0.73731,0.73731,32,0.74091,5,0.74481752,18,0,Buy,win,0.428344828,0.001447111
117,Buy loss,2020-12-08T15:00:00Z,0.74486,0.74476,0.74476,88,0.73777,0.74076,14,0.74026,46,0.74336,0,0.74336,Buy,loss,-0.658082976,-0.002223253
118,Sell loss,2020-12-08T15:00:00Z,0.74026,0.74476,0.74476,134,0.73777,0.74076,60,0.74513,30,0.74026,0,0.74026,Sell,loss,-0.696709585,-0.002353749
119,Buy win,2020-12-09T06:00:00Z,0.74513,0.74476,0.74476,164,0.73777,0.74076,90,0.74428,0,0.747232,7,0.74026,Buy,win,0.300715308,0.00101593
120,Buy win,2020-12-10T09:00:00Z,0.74883,0.74832,0.74832,39,0.74233,0.74233,29,0.74742,0,0.75202182,12,0,Buy,win,0.532858097,0.001800196
121,Buy win,2020-12-16T09:30:00Z,0.75785,0.75763,0.75763,88,0.75092,0.75092,58,0.75384,19,0.76177678,44,0,Buy,win,0.585213115,0.001977071
122,Sell win,2020-12-21T02:00:00Z,0.7583,0.76357,0.76226,78,0.75847,0.75847,41,0.75938,0,0.75612778,6,0,Sell,win,0.42592549,0.001438937
123,Sell loss,2020-12-22T15:30:00Z,0.75199,0.75686,0.75686,7,0.75298,0.75298,12,0.75738,32,0.75175,0,0.75175,Sell,loss,-1.389175258,-0.00469316
124,Buy win,2020-12-23T07:30:00Z,0.75738,0.75686,0.75686,39,0.75298,0.75298,44,0.75425,11,0.75925784,36,0.75175,Buy,win,0.483979381,0.001635065
125,Buy win,2020-12-29T16:30:00Z,0.76228,0.76202,0.76202,67,0.75663,0.75663,50,0.76008,11,0.76535102,24,0,Buy,win,0.569762523,0.001924873
126,Sell win,2021-01-04T22:00:00+07:00,0.7684,0.77373,0.77373,12,0.76867,0.76867,29,0.77076,0,0.76554292,3,0,Sell,win,0.564640316,0.001907569
127,Buy win,2021-01-06T12:00:00+07:00,0.77774,0.77723,0.77723,20,0.76549,0.77342,73,0.77646,0,0.77958458,4,0,Buy,win,0.15711925,0.000530808
128,Buy loss,2021-01-07T16:00:00+07:00,0.78156,0.78152,0.78152,25,0.77702,0.77702,19,0.77673,19,0.784301,0,0,Buy,loss,-1.073333333,-0.003626126
129,Sell win,2021-01-07T16:00:00+07:00,0.77673,0.78152,0.78152,44,0.77702,0.77702,38,0.77767,0,0.774239,3,0,Sell,win,0.553555556,0.00187012
130,Buy win,2021-01-13T01:00:00+07:00,0.77505,0.77425,0.77425,86,0.76917,0.76917,27,0.77315,0,0.77738944,4,0,Buy,win,0.460519685,0.00155581
131,Buy win,2021-01-14T22:30:00+07:00,0.777,0.77681,0.77681,12,0.77266,0.77429,51,0.77542,0,0.77836736,2,0,Buy,win,0.329484337,0.001113123
132,Sell win,2021-01-18T06:30:00+07:00,0.76831,0.77218,0.77218,14,0.76912,0.76912,17,0.77107,0,0.76722892,17,0,Sell,win,0.353294118,0.001193561
133,Buy win,2021-01-20T09:00:00+07:00,0.77212,0.7718,0.7718,24,0.76883,0.76883,14,0.77093,0,0.77363546,9,0,Buy,win,0.510255892,0.001723837
134,Buy loss,2021-01-21T23:30:00+07:00,0.77807,0.77759,0.77759,17,0.77552,0.77552,8,0.77538,9,0.77886926,0,0,Buy,loss,-1.299516908,-0.00439026
135,Sell win,2021-01-21T23:30:00+07:00,0.77538,0.77759,0.77759,26,0.77552,0.77552,17,0.77645,0,0.77424074,1,0,Sell,win,0.55036715,0.001859348
136,Sell win,2021-01-25T22:30:00+07:00,0.77051,0.77807,0.77432,103,0.77069,0.77069,53,0.77196,15,0.76844666,29,0,Sell,win,0.279585366,0.000944545
137,Sell win,2021-01-27T21:30:00+07:00,0.76632,0.77554,0.77554,29,0.76717,0.76717,62,0.77009,7,0.76632,10,0.76632,Sell,win,0,0
138,Sell win,2021-01-30T02:30:00+07:00,0.76386,0.7692,0.7692,12,0.76406,0.76406,31,0.76531,1,0.76088348,7,0,Sell,win,0.579089494,0.001956383
139,Sell loss,2021-02-02T04:30:00+07:00,0.76187,0.76605,0.76424,31,0.76188,0.76188,12,0.76465,7,0.76042152,0,0,Sell,loss,-0.666666667,-0.002252252
140,Buy win,2021-02-02T08:00:00+07:00,0.76465,0.76605,0.76424,38,0.76188,0.76188,19,0.76313,0,0.76569848,3,0,Buy,win,0.251434053,0.000849439
141,Buy win,2021-02-05T20:30:00+07:00,0.76245,0.76218,0.76218,10,0.75852,0.75852,22,0.76081,0,0.76444188,1,0,Buy,win,0.544229508,0.001838613
142,Buy win,2021-02-15T09:00:00+07:00,0.77696,0.77693,0.77693,74,0.77209,0.77209,24,0.77667,0,0.77992112,47,0,Buy,win,0.611801653,0.002066897
143,Buy win,2021-02-19T12:30:00+07:00,0.77825,0.77825,0.77825,34,0.77405,0.77405,28,0.77722,0,0.7808456,6,0,Buy,win,0.618,0.002087838
144,Buy loss,2021-02-23T16:00:00+07:00,0.79324,0.79287,0.79287,13,0.78596,0.79024,37,0.79005,15,0.79449534,0,0,Buy,loss,-0.461649783,-0.001559628
145,Sell win,2021-02-23T16:00:00+07:00,0.79005,0.79287,0.79287,28,0.78596,0.79024,52,0.79147,0,0.78861466,11,0,Sell,win,0.207719247,0.000701754
146,Buy win,2021-02-25T00:30:00+07:00,0.79406,0.79397,0.79397,32,0.79036,0.79036,8,0.79357,1,0.79620098,6,0,Buy,win,0.593069252,0.002003612
147,Buy win,2021-03-01T22:30:00+07:00,0.77829,0.7769,0.7769,17,0.76948,0.7727,38,0.77357,35,0.7794956,39,0,Buy,win,0.162479784,0.000548918
148,Sell win,2021-03-04T04:30:00+07:00,0.77741,0.78096,0.78096,11,0.77787,0.77787,13,0.77892,2,0.77596038,3,0,Sell,win,0.469132686,0.001584908
149,Sell win,2021-03-09T04:00:00+07:00,0.76419,0.77171,0.76799,20,0.76558,0.76558,34,0.76851,12,0.76419,24,0.76419,Sell,win,0,0
150,Buy win,2021-03-10T20:30:00+07:00,0.77266,0.7723,0.7723,35,0.76758,0.76758,15,0.77015,0,0.7739,21,0.7739,Buy,win,0.262711864,0.00088754
151,Buy loss,2021-03-15T09:00:00+07:00,0.77739,0.77711,0.77711,19,0.7748,0.7748,6,0.7747,2,0.77853758,0,0,Buy,loss,-1.164502165,-0.003934129
152,Sell win,2021-03-15T09:00:00+07:00,0.7747,0.77711,0.77711,21,0.7748,0.7748,8,0.77639,0,0.77337242,7,0,Sell,win,0.574709957,0.001941588
153,Sell win,2021-03-15T21:00:00+07:00,0.7729,0.7759,0.7759,10,0.77292,0.77292,16,0.7737,1,0.77107836,3,0,Sell,win,0.611288591,0.002065164
154,Sell loss,2021-03-17T18:00:00+07:00,0.77169,0.77579,0.77538,78,0.77197,0.77197,52,0.77618,14,0.76986262,0,0,Sell,loss,-1.17539267,-0.003970921
155,Buy win,2021-03-18T01:00:00+07:00,0.77618,0.77579,0.77538,92,0.77197,0.77197,66,0.7703,0,0.77748738,1,0,Buy,win,0.342246073,0.001156237
156,Sell win,2021-03-22T04:00:00+07:00,0.77132,0.77692,0.7754,25,0.77264,0.77264,40,0.77564,43,0.77093432,59,0.77063,Sell,win,0.09011215,0.000304433
157,Sell loss,2021-03-25T02:30:00+07:00,0.75875,0.76275,0.76111,7,0.75883,0.75883,25,0.76117,30,0.75875,0,0.75875,Sell,loss,-0.617346939,-0.002085632
158,Buy loss,2021-03-25T21:30:00+07:00,0.76117,0.76275,0.76111,37,0.75883,0.75883,55,0.75835,8,0.76251904,0,0.75875,Buy,loss,-0.719387755,-0.002430364
159,Sell win,2021-03-25T21:30:00+07:00,0.75835,0.76275,0.76111,45,0.75883,0.75883,63,0.7599,0,0.75742096,1,0.75875,Sell,win,0.237,0.000800676
160,Buy win,2021-03-29T08:00:00+07:00,0.7625,0.76248,0.76248,39,0.76076,0.76076,26,0.76211,0,0.76354296,2,0,Buy,win,0.606372093,0.002048554
161,Buy loss,2021-03-30T17:30:00+07:00,0.76583,0.76529,0.76529,31,0.76277,0.76277,13,0.76174,15,0.76583,0,0.76583,Buy,loss,-1.623015873,-0.005483162
162,Sell win,2021-03-30T17:30:00+07:00,0.76174,0.76529,0.76529,46,0.76277,0.76277,28,0.76335,0,0.76121264,1,0.76583,Sell,win,0.209269841,0.000706993
163,Sell win,2021-04-01T07:00:00+07:00,0.75813,0.76325,0.76325,20,0.75894,0.75894,60,0.75953,0,0.75627642,9,0,Sell,win,0.430064965,0.001452922
164,Buy win,2021-04-05T17:00:00+07:00,0.76241,0.76233,0.76233,14,0.76045,0.76045,9,0.76169,0,0.76349184,5,0,Buy,win,0.575446809,0.001944077
165,Sell win,2021-04-06T09:30:00+07:00,0.76439,0.76571,0.76571,24,0.76469,0.76469,11,0.76491,0,0.76405964,1,0,Sell,win,0.323882353,0.001094197
166,Sell loss,2021-04-08T01:30:00+07:00,0.76051,0.7672,0.76409,35,0.76108,0.76108,65,0.76471,34,0.76036,0,0.76036,Sell,loss,-0.68627451,-0.002318495
167,Buy win,2021-04-08T18:30:00+07:00,0.76471,0.7672,0.76409,69,0.76108,0.76168,99,0.76318,7,0.76557938,9,0.76036,Buy,win,0.142055556,0.000479917
168,Sell loss,2021-04-13T19:00:00+07:00,0.75964,0.76341,0.76341,50,0.75969,0.75969,68,0.76384,10,0.75964,0,0.75964,Sell,loss,-1.129032258,-0.003814298
169,Buy win,2021-04-14T00:00:00+07:00,0.76384,0.76341,0.76341,60,0.75969,0.75969,78,0.76315,0,0.76570896,19,0.75964,Buy,win,0.502408602,0.001697326
170,Buy win,2021-04-16T02:30:00+07:00,0.77565,0.77564,0.77564,21,0.77193,0.77293,27,0.77241,13,0.77565,30,0.77565,Buy,win,0,0
171,Buy win,2021-04-19T14:30:00+07:00,0.77665,0.77526,0.77526,40,0.77107,0.77107,13,0.77443,0,0.77784942,2,0,Buy,win,0.286257757,0.000967087
172,Sell loss,2021-04-23T01:00:00+07:00,0.77014,0.77602,0.77602,31,0.77081,0.77081,58,0.77657,62,0.77014,0,0.77014,Sell,loss,-1.234165067,-0.004169477
173,Buy win,2021-04-26T08:00:00+07:00,0.77657,0.77602,0.77602,93,0.77081,0.77081,120,0.7756,0,0.77923978,17,0.77014,Buy,win,0.512433781,0.001731195
174,Sell win,2021-04-27T15:00:00+07:00,0.7776,0.77989,0.77989,5,0.77817,0.77817,12,0.77843,0,0.77710704,1,0,Sell,win,0.286604651,0.000968259
175,Buy win,2021-04-29T01:30:00+07:00,0.77935,0.77864,0.77864,62,0.77329,0.77774,23,0.77721,0,0.7791962,35,0.78145,Buy,win,0.028747664,9.71E-05
176,Sell loss,2021-05-04T22:00:00+07:00,0.76957,0.77664,0.7737,41,0.77018,0.77018,88,0.77373,40,0.77089,0,0.77089,Sell,loss,-0.643962848,-0.00217555
177,Buy win,2021-05-05T18:00:00+07:00,0.77373,0.77664,0.7737,81,0.77018,0.77018,128,0.7701,31,0.77587536,50,0.77089,Buy,win,0.332099071,0.001121956
178,Buy win,2021-05-10T13:00:00+07:00,0.78616,0.78605,0.78605,29,0.77616,0.78285,48,0.7846,2,0.7880276,8,0,Buy,win,0.188837209,0.000637964
179,Sell win,2021-05-12T07:30:00+07:00,0.7823,0.78553,0.78553,22,0.78249,0.78249,40,0.78374,0,0.78061128,5,0,Sell,win,0.5555,0.001876689
180,Sell win,2021-05-13T10:00:00+07:00,0.7722,0.78115,0.77491,40,0.77228,0.77228,13,0.77311,0,0.77065466,5,0,Sell,win,0.17422097,0.000588584
181,Buy win,2021-05-18T08:00:00+07:00,0.77928,0.77865,0.77865,61,0.77338,0.77338,26,0.77758,0,0.78087,22,0.78087,Buy,win,0.30170778,0.001019283
182,Sell win,2021-05-19T14:00:00+07:00,0.77689,0.7804,0.7804,26,0.77811,0.77811,31,0.77834,0,0.77669478,1,0,Sell,win,0.085248908,0.000288003
183,Buy loss,2021-05-21T21:00:00+07:00,0.77782,0.77781,0.77781,39,0.77441,0.77441,7,0.77391,6,0.7799112,0,0,Buy,loss,-1.15,-0.003885135
184,Sell win,2021-05-21T21:00:00+07:00,0.77391,0.77781,0.77781,45,0.77441,0.77441,13,0.77608,0,0.7723088,5,0,Sell,win,0.470941176,0.001591017
185,Buy loss,2021-05-26T21:30:00+07:00,0.77767,0.77752,0.77752,39,0.77397,0.77397,21,0.77389,24,0.77953,0,0.77953,Buy,loss,-1.064788732,-0.003597259
186,Sell win,2021-05-26T21:30:00+07:00,0.77389,0.77752,0.77541,63,0.77397,0.77397,45,0.77627,0,0.77308008,53,0.77272,Sell,win,0.228146479,0.000770765
187,Buy win,2021-06-01T07:30:00+07:00,0.77478,0.77461,0.77461,91,0.76807,0.77321,72,0.77308,20,0.7754752,28,0.77646,Buy,win,0.106299694,0.000359121
188,Sell win,2021-06-02T11:30:00+07:00,0.77466,0.77674,0.77674,9,0.77496,0.77496,14,0.77529,0,0.77385996,3,0,Sell,win,0.449460674,0.001518448
189,Sell win,2021-06-03T19:00:00+07:00,0.77054,0.77552,0.77552,34,0.77168,0.77168,50,0.77199,0,0.76930688,2,0,Sell,win,0.321125,0.001084882
190,Buy win,2021-06-07T14:30:00+07:00,0.77477,0.77446,0.77446,25,0.76491,0.77319,77,0.7738,0,0.77524486,5,0,Buy,win,0.04972356,0.000167985
191,Sell win,2021-06-09T21:30:00+07:00,0.77312,0.77645,0.77585,99,0.77343,0.77343,35,0.77419,0,0.77271,9,0.77271,Sell,win,0.135761589,0.000458654
192,Sell win,2021-06-15T15:30:00+07:00,0.76918,0.77159,0.77159,6,0.76973,0.76973,14,0.76993,0,0.76858052,2,0,Sell,win,0.322301075,0.001088855
193,Sell win,2021-06-18T11:30:00+07:00,0.75335,0.77132,0.77054,81,0.75435,0.75435,25,0.75506,9,0.74785,53,0.74785,Sell,win,0.324101355,0.001094937
194,Buy win,2021-06-23T00:30:00+07:00,0.7544,0.75438,0.75438,39,0.74953,0.74953,19,0.75379,17,0.75603,29,0.75603,Buy,win,0.336082474,0.001135414
195,Sell win,2021-06-28T15:00:00+07:00,0.75789,0.76123,0.76123,38,0.75799,0.75799,22,0.75917,0,0.75598768,7,0,Sell,win,0.587135802,0.001983567
196,Sell win,2021-07-01T22:00:00+07:00,0.74675,0.75961,0.75041,161,0.74786,0.74786,18,0.7481,0,0.7462841,5,0,Sell,win,0.039651064,0.000133956
197,Buy win,2021-07-05T16:00:00+07:00,0.75336,0.75321,0.75321,30,0.74496,0.7512,48,0.75174,10,0.75445218,26,0,Buy,win,0.132385455,0.000447248
198,Sell win,2021-07-07T21:00:00+07:00,0.74723,0.7526,0.7526,4,0.74865,0.74865,43,0.75083,0,0.7462089,22,0,Sell,win,0.258506329,0.000873332
199,Buy loss,2021-07-13T19:30:00+07:00,0.7493,0.74912,0.74912,21,0.74512,0.74716,31,0.74307,22,0.75021,0,0.75021,Buy,loss,-1.5575,-0.005261824
200,Sell win,2021-07-13T19:30:00+07:00,0.74307,0.74912,0.74912,43,0.74512,0.74716,53,0.74791,0,0.74594872,1,0.75021,Sell,win,0.71968,0.002431351
201,Sell loss,2021-07-14T15:30:00+07:00,0.74393,0.74662,0.74662,5,0.74396,0.74396,18,0.74833,8,0.74393,0,0.74393,Sell,loss,-1.654135338,-0.005588295
202,Buy win,2021-07-14T19:30:00+07:00,0.74833,0.74662,0.74662,13,0.74396,0.74396,26,0.74614,0,0.74826388,1,0.74393,Buy,win,0.024857143,8.40E-05
203,Sell win,2021-07-15T18:00:00+07:00,0.74485,0.74793,0.74793,10,0.74535,0.74535,17,0.74619,0,0.74375556,2,0,Sell,win,0.42420155,0.001433113
204,Sell win,2021-07-16T20:30:00+07:00,0.74124,0.7442,0.7442,10,0.7413,0.7413,40,0.74236,0,0.7395078,11,0,Sell,win,0.597310345,0.00201794
205,Sell win,2021-07-20T13:00:00+07:00,0.73199,0.73534,0.73534,8,0.73218,0.73218,22,0.73348,6,0.73022712,14,0,Sell,win,0.557873418,0.001884707
206,Sell loss,2021-07-21T12:30:00+07:00,0.72977,0.73394,0.73394,11,0.7305,0.7305,33,0.73411,18,0.7293,0,0.7293,Sell,loss,-1.261627907,-0.004262256
207,Buy win,2021-07-21T21:30:00+07:00,0.73411,0.73394,0.73394,29,0.7305,0.7305,51,0.73319,0,0.73606592,9,0.7293,Buy,win,0.568581395,0.001920883
208,Sell loss,2021-07-28T17:00:00+07:00,0.73399,0.7389,0.7389,87,0.73403,0.73403,52,0.73937,42,0.73102034,0,0,Sell,loss,-1.104722793,-0.003732172
209,Buy win,2021-07-29T14:00:00+07:00,0.73937,0.7389,0.7389,129,0.73403,0.73403,94,0.73771,13,0.74022,15,0.74022,Buy,win,0.174537988,0.000589655
210,Buy win,2021-08-03T11:30:00+07:00,0.73998,0.73849,0.73849,86,0.73323,0.73622,69,0.7361,18,0.73989286,36,0.74027,Buy,win,0.01656654,5.60E-05
211,Sell win,2021-08-06T19:30:00+07:00,0.7375,0.74135,0.74135,50,0.73839,0.73839,21,0.74012,0,0.73656072,2,0,Sell,win,0.317324324,0.001072042
212,Sell win,2021-08-10T00:00:00+07:00,0.73326,0.73594,0.73594,7,0.73327,0.73327,36,0.73414,3,0.73161994,18,0,Sell,win,0.614254682,0.002075185
213,Sell win,2021-08-16T18:30:00+07:00,0.73305,0.73796,0.73796,39,0.73323,0.73323,82,0.7342,8,0.73030686,30,0,Sell,win,0.579945032,0.001959274
214,Sell win,2021-08-18T20:00:00+07:00,0.7241,0.72679,0.72679,18,0.72433,0.72433,41,0.72643,10,0.72280972,15,0,Sell,win,0.524504065,0.001771973
215,Buy loss,2021-08-27T03:30:00+07:00,0.72787,0.72683,0.72683,55,0.72375,0.72375,23,0.72359,53,0.72798,0,0.72798,Buy,loss,-1.38961039,-0.00469463
216,Sell loss,2021-08-27T03:30:00+07:00,0.72359,0.72683,0.72683,108,0.72375,0.72375,76,0.72896,35,0.72247,0,0.72247,Sell,loss,-1.743506494,-0.005890225
217,Buy win,2021-08-27T21:00:00+07:00,0.72896,0.72683,0.72683,143,0.72375,0.72375,111,0.72425,0,0.72873344,1,0.72247,Buy,win,0.073558442,0.000248508
218,Buy win,2021-08-31T12:00:00+07:00,0.73229,0.73176,0.73176,56,0.729,0.729,11,0.73107,0,0.73346568,1,0,Buy,win,0.425971014,0.001439091
219,Buy win,2021-09-01T14:00:00+07:00,0.73394,0.73393,0.73393,50,0.73063,0.73063,32,0.73312,0,0.7359694,13,0,Buy,win,0.614969697,0.0020776
220,Sell loss,2021-09-02T07:00:00+07:00,0.7363,0.73826,0.73826,16,0.73642,0.73642,7,0.73876,13,0.73528288,0,0,Sell,loss,-1.336956522,-0.004516745
221,Buy win,2021-09-02T13:30:00+07:00,0.73876,0.73826,0.73826,29,0.73642,0.73642,20,0.73784,0,0.73939712,12,0,Buy,win,0.34626087,0.0011698
222,Sell win,2021-09-08T13:00:00+07:00,0.73731,0.74619,0.73996,121,0.73803,0.73803,32,0.73856,0,0.73683726,3,0,Sell,win,0.057933824,0.000195722
223,Sell loss,2021-09-09T07:30:00+07:00,0.73544,0.73805,0.73805,27,0.73546,0.73546,33,0.73829,22,0.73481,0,0.73481,Sell,loss,-1.1003861,-0.003717521
224,Buy win,2021-09-09T18:30:00+07:00,0.73829,0.73805,0.73805,49,0.73546,0.73626,55,0.736,27,0.73886,35,0.73886,Buy,win,0.22007722,0.000743504
225,Sell win,2021-09-13T11:30:00+07:00,0.73457,0.74082,0.73725,40,0.7349,0.7349,16,0.73757,22,0.7334477,51,0,Sell,win,0.189577703,0.000640465
226,Buy win,2021-09-15T20:30:00+07:00,0.7335,0.7333,0.7333,8,0.73084,0.73177,24,0.73162,0,0.73424554,18,0,Buy,win,0.303065041,0.001023868
227,Sell win,2021-09-17T21:30:00+07:00,0.72742,0.73182,0.73182,13,0.72777,0.72777,48,0.72819,3,0.7252671,21,0,Sell,win,0.531580247,0.001795879
228,Buy loss,2021-09-23T09:30:00+07:00,0.72843,0.72785,0.72785,65,0.72238,0.72238,55,0.72232,17,0.72843,0,0.72843,Buy,loss,-1.117001828,-0.003773655
229,Sell loss,2021-09-23T09:30:00+07:00,0.72232,0.72785,0.72785,82,0.72238,0.72238,72,0.72838,13,0.72232,0,0.72232,Sell,loss,-1.10786106,-0.003742774
230,Buy win,2021-09-23T16:00:00+07:00,0.72838,0.72785,0.72785,95,0.72238,0.72238,85,0.72612,2,0.73123046,11,0.72232,Buy,win,0.521107861,0.0017605
231,Buy win,2021-09-27T23:00:00+07:00,0.72898,0.72868,0.72868,29,0.72525,0.72525,8,0.72655,18,0.72909,21,0.72909,Buy,win,0.032069971,0.000108344
232,Sell win,2021-09-28T15:00:00+07:00,0.72651,0.73094,0.73094,5,0.72703,0.72703,14,0.72748,0,0.72461362,4,0,Sell,win,0.485007673,0.001638539
233,Buy win,2021-09-30T22:00:00+07:00,0.72455,0.72313,0.72313,54,0.71882,0.71993,9,0.71919,31,0.72455,39,0.72455,Buy,win,0,0
234,Buy loss,2021-10-06T14:00:00+07:00,0.7299,0.7298,0.7298,56,0.72561,0.72561,23,0.72402,27,0.7299,0,0.7299,Buy,loss,-1.403341289,-0.004741018
235,Sell win,2021-10-06T14:00:00+07:00,0.72402,0.7298,0.7298,83,0.72561,0.72561,50,0.72574,0,0.72302058,2,0.7299,Sell,win,0.23852506,0.000805828
236,Buy win,2021-10-08T19:30:00+07:00,0.73272,0.73209,0.73209,42,0.7227,0.72915,103,0.72921,22,0.73390692,36,0,Buy,win,0.126402556,0.000427036
237,Buy loss,2021-10-13T06:30:00+07:00,0.73686,0.7368,0.7368,35,0.73356,0.73356,16,0.73332,29,0.73880232,0,0,Buy,loss,-1.092592593,-0.003691191
238,Sell loss,2021-10-13T06:30:00+07:00,0.73332,0.7368,0.7368,64,0.73356,0.73356,45,0.73684,29,0.73155768,0,0,Sell,loss,-1.086419753,-0.003670337
239,Buy win,2021-10-13T21:00:00+07:00,0.73684,0.7368,0.7368,93,0.73356,0.73356,74,0.73518,0,0.73880232,20,0,Buy,win,0.605654321,0.002046129
240,Buy win,2021-10-19T07:00:00+07:00,0.74252,0.74181,0.74181,13,0.73832,0.74083,28,0.74149,0,0.74241564,2,0,Buy,win,0.029902579,0.000101022
241,Sell loss,2021-10-23T00:00:00+07:00,0.74594,0.75428,0.75217,78,0.74596,0.74596,34,0.75301,111,0.74573,0,0.74573,Sell,loss,-0.849759615,-0.00287081
242,Buy win,2021-10-27T07:30:00+07:00,0.75301,0.75428,0.75217,189,0.74596,0.74911,145,0.74873,17,0.75301,33,0.75301,Buy,win,0,0
243,Buy win,2021-10-28T21:00:00+07:00,0.75452,0.75292,0.75292,42,0.74913,0.74913,26,0.75284,0,0.75526222,2,0,Buy,win,0.195836412,0.000661609
244,Sell win,2021-10-29T19:30:00+07:00,0.75222,0.75529,0.75529,41,0.75302,0.75302,24,0.75395,0,0.75161714,3,0,Sell,win,0.265577093,0.00089722
245,Sell win,2021-11-02T10:30:00+07:00,0.75045,0.75341,0.75341,24,0.75148,0.75148,17,0.75321,0,0.75028726,1,0,Sell,win,0.084321244,0.000284869
246,Sell loss,2021-11-03T23:30:00+07:00,0.74176,0.74488,0.74488,17,0.74227,0.74227,48,0.74532,6,0.74065702,0,0,Sell,loss,-1.363984674,-0.004608056
247,Buy win,2021-11-04T02:30:00+07:00,0.74532,0.74488,0.74488,23,0.74227,0.74227,54,0.7437,3,0.74649298,8,0,Buy,win,0.449417625,0.001518303
248,Buy win,2021-11-08T19:30:00+07:00,0.7408,0.7408,0.7408,38,0.73686,0.73876,49,0.74055,0,0.74206072,4,0,Buy,win,0.319979695,0.001081012
249,Sell win,2021-11-09T21:30:00+07:00,0.73926,0.74281,0.74281,11,0.73955,0.73955,23,0.74109,0,0.73753532,1,0,Sell,win,0.529042945,0.001787307
250,Sell win,2021-11-10T12:00:00+07:00,0.736,0.73811,0.73811,17,0.73637,0.73637,26,0.73691,0,0.73529468,1,0,Sell,win,0.405356322,0.001369447
251,Sell win,2021-11-11T15:00:00+07:00,0.72904,0.73872,0.73375,36,0.73015,0.73015,8,0.73118,9,0.7279252,36,0,Sell,win,0.13008168,0.000439465
252,Sell win,2021-11-16T12:30:00+07:00,0.73403,0.7364,0.7364,5,0.73439,0.73439,14,0.73525,0,0.73314782,10,0,Sell,win,0.438895522,0.001482755
253,Sell win,2021-11-17T17:30:00+07:00,0.72733,0.73021,0.73021,7,0.72747,0.72747,14,0.72985,3,0.72733,7,0.72733,Sell,win,0,0
254,Sell win,2021-11-19T16:00:00+07:00,0.72578,0.72912,0.72894,52,0.72582,0.72582,36,0.72709,0,0.72389184,2,0,Sell,win,0.572169697,0.001933006
255,Sell loss,2021-11-20T04:30:00+07:00,0.72273,0.7262,0.7262,15,0.72317,0.72317,18,0.72707,32,0.72273,0,0.72273,Sell,loss,-1.432343234,-0.004838997
256,Buy loss,2021-11-23T00:00:00+07:00,0.72707,0.7262,0.72707,47,0.72317,0.72317,50,0.72299,7,0.72807254,0,0.72273,Buy,loss,-1.346534653,-0.004549104
257,Sell win,2021-11-23T00:00:00+07:00,0.72299,0.7262,0.7262,47,0.72317,0.72317,50,0.72363,17,0.72129746,25,0.72273,Sell,win,0.558594059,0.001887142
258,Sell win,2021-11-25T17:00:00+07:00,0.71857,0.72069,0.72069,16,0.71876,0.71876,40,0.71929,10,0.71756726,27,0,Sell,win,0.519554404,0.001755251
259,Sell loss,2021-11-30T13:30:00+07:00,0.71092,0.71545,0.71545,8,0.71133,0.71133,66,0.7156,15,0.71033,0,0.71033,Sell,loss,-1.13592233,-0.003837575
260,Buy loss,2021-11-30T22:30:00+07:00,0.7156,0.71545,0.71545,23,0.71133,0.71133,81,0.70923,3,0.71799616,0,0.71033,Buy,loss,-1.546116505,-0.005223367
261,Sell win,2021-11-30T22:30:00+07:00,0.70923,0.71545,0.71545,26,0.71133,0.71133,84,0.71617,0,0.70878384,1,0.71033,Sell,win,0.108291262,0.000365849
262,Sell win,2021-12-03T08:30:00+07:00,0.70944,0.71685,0.71179,62,0.7095,0.7095,33,0.71144,4,0.70808478,25,0,Sell,win,0.184383673,0.000622918
263,Sell win,2021-12-03T21:00:00+07:00,0.70492,0.70807,0.70807,17,0.70515,0.70515,10,0.70651,0,0.70334544,1,0,Sell,win,0.539232877,0.001821733
264,Buy win,2021-12-07T11:00:00+07:00,0.70725,0.70654,0.70654,89,0.69946,0.69946,61,0.70653,0,0.71091544,18,0,Buy,win,0.517717514,0.001749046
265,Buy loss,2021-12-09T18:00:00+07:00,0.71831,0.71788,0.71788,26,0.71455,0.71455,32,0.71448,10,0.71831,0,0.71831,Buy,loss,-1.15015015,-0.003885642
266,Sell win,2021-12-09T18:00:00+07:00,0.71448,0.71788,0.71752,36,0.71455,0.71455,42,0.71824,54,0.7143,91,0.7143,Sell,win,0.054054054,0.000182615
267,Buy win,2021-12-15T19:30:00+07:00,0.71428,0.71345,0.71345,50,0.70987,0.70987,28,0.70921,13,0.71566244,15,0,Buy,win,0.386156425,0.001304583
268,Buy win,2021-12-16T15:00:00+07:00,0.71788,0.71745,0.71745,14,0.71484,0.71484,11,0.7171,0,0.71906298,1,0,Buy,win,0.453249042,0.001531247
269,Sell win,2021-12-17T10:30:00+07:00,0.71609,0.72204,0.72204,28,0.71713,0.71713,16,0.7176,5,0.71409562,23,0,Sell,win,0.406187373,0.001372255
270,Buy win,2021-12-21T16:30:00+07:00,0.71273,0.71252,0.71252,39,0.70838,0.71017,53,0.7123,0,0.7139723,5,0,Buy,win,0.300072464,0.001013758
271,Buy win,2021-12-22T17:00:00+07:00,0.71591,0.71557,0.71557,27,0.71232,0.71232,10,0.71534,0,0.7175785,7,0,Buy,win,0.513384615,0.001734407
272,Sell win,2021-12-24T21:30:00+07:00,0.72263,0.72431,0.72431,10,0.72271,0.72271,22,0.72308,0,0.7217212,3,0,Sell,win,0.568,0.001918919
273,Sell loss,2021-12-27T16:00:00+07:00,0.72078,0.72396,0.72396,13,0.72173,0.72173,27,0.72413,20,0.72035186,0,0,Sell,loss,-1.502242152,-0.005075142
274,Buy win,2021-12-28T02:00:00+07:00,0.72413,0.72396,0.72396,33,0.72173,0.72173,47,0.72287,14,0.72533814,34,0,Buy,win,0.541766816,0.001830293
275,Buy win,2021-12-30T08:30:00+07:00,0.72669,0.72619,0.72619,73,0.72173,0.72482,32,0.72437,11,0.72669,21,0.72669,Buy,win,0,0
276,Sell loss,2021-12-31T19:30:00+07:00,0.72468,0.72715,0.72715,7,0.72471,0.72471,28,0.72719,7,0.72320208,0,0,Sell,loss,-1.028688525,-0.003475299
277,Buy loss,2022-01-03T10:00:00+07:00,0.72719,0.72715,0.72715,14,0.72471,0.72471,35,0.72458,18,0.72865792,0,0,Buy,loss,-1.069672131,-0.003613757
278,Sell win,2022-01-03T10:00:00+07:00,0.72458,0.72715,0.72715,32,0.72471,0.72471,53,0.72635,10,0.72457,16,0.72457,Sell,win,0.004098361,1.38E-05
279,Sell win,2022-01-07T15:00:00+07:00,0.71489,0.7175,0.7175,14,0.71511,0.71511,47,0.71695,0,0.71363298,11,0,Sell,win,0.525949791,0.001776857
280,Buy win,2022-01-11T23:30:00+07:00,0.71958,0.7195,0.7195,27,0.71639,0.71639,4,0.71918,1,0.72142198,11,0,Buy,win,0.592276527,0.002000934
281,Sell win,2022-01-17T08:30:00+07:00,0.72004,0.73098,0.72162,56,0.72016,0.72016,116,0.72239,8,0.72004,15,0.72004,Sell,win,0,0
282,Buy win,2022-01-19T20:00:00+07:00,0.72238,0.72217,0.72217,69,0.71715,0.71715,38,0.72068,19,0.72331,23,0.72331,Buy,win,0.185258964,0.000625875
283,Sell win,2022-01-21T07:00:00+07:00,0.72042,0.72725,0.72725,17,0.7209,0.7209,51,0.72185,0,0.7169757,59,0,Sell,win,0.542409449,0.001832464
284,Buy win,2022-01-26T01:30:00+07:00,0.71617,0.71581,0.71581,36,0.7102,0.71233,52,0.7144,8,0.71691,30,0.71691,Buy,win,0.131907308,0.000445633
285,Sell win,2022-01-27T23:30:00+07:00,0.70609,0.71755,0.7098,57,0.70676,0.70676,17,0.7084,0,0.70488128,3,0,Sell,win,0.112022243,0.000378454
286,Buy win,2022-01-31T15:30:00+07:00,0.70491,0.70447,0.70447,60,0.697,0.697,39,0.70334,38,0.70908646,47,0,Buy,win,0.559097724,0.001888844
287,Buy loss,2022-02-02T22:00:00+07:00,0.71461,0.71409,0.71409,28,0.7125,0.7125,11,0.7123,2,0.71507262,0,0,Buy,loss,-1.452830189,-0.00490821
288,Sell loss,2022-02-02T22:00:00+07:00,0.7123,0.71409,0.71409,30,0.7125,0.7125,13,0.71449,9,0.7123,0,0.7123,Sell,loss,-1.377358491,-0.004653238
289,Buy loss,2022-02-03T06:00:00+07:00,0.71449,0.71409,0.71409,39,0.7125,0.7125,22,0.71241,7,0.71457,0,0.71457,Buy,loss,-1.308176101,-0.004419514
290,Sell win,2022-02-03T06:00:00+07:00,0.71241,0.71409,0.71409,46,0.7125,0.7125,29,0.71347,0,0.71151738,21,0.71457,Sell,win,0.561396226,0.001896609
291,Sell win,2022-02-04T15:00:00+07:00,0.71108,0.71534,0.71534,32,0.71117,0.71117,42,0.71154,0,0.70859294,6,0,Sell,win,0.596417266,0.002014923
292,Buy win,2022-02-09T01:30:00+07:00,0.71405,0.71367,0.71367,34,0.70554,0.71092,106,0.71302,0,0.7153695,14,0,Buy,win,0.162300123,0.000548311
293,Buy win,2022-02-10T09:30:00+07:00,0.71676,0.7167,0.7167,44,0.71518,0.71518,39,0.71626,1,0.71763936,4,0,Buy,win,0.578526316,0.001954481
294,Sell loss,2022-02-14T15:00:00+07:00,0.71014,0.718,0.714,34,0.71151,0.71151,52,0.7148,48,0.70997118,0,0.709,Sell,loss,-0.718027735,-0.002425769
295,Buy win,2022-02-15T15:00:00+07:00,0.7148,0.718,0.714,82,0.71151,0.71151,100,0.7112,0,0.71553882,1,0.709,Buy,win,0.113839753,0.000384594
