,time,open,high,low,close,EMA90,EMA,EMA60,EMA45,EMA30,ParabolicSAR,loop,step,open_price,Max_bar,Max_TP,Long_ba,close_price,DD_bar,DD_point,status,Index,TotalDD_bar,side,result,profit,prob,results
0,2015-01-28T21:00:00+07:00,1.51974,1.52017,1.51603,1.51766,1.514220346,1.513242673,1.512472708,1.512023879,1.512003701,1.514001346,3,2,1.5015,3,1.49512,22,1.51766,16,1.52237,Sell,1,22,Sell,loss,-0.016159999999999952,-1.0762570762570731,Sellloss
1,2015-01-30T21:00:00+07:00,1.50564,1.50631,1.49888,1.50195,1.512997091,1.512063964,1.511279973,1.510656613,1.510042379,1.511930206,3,1,1.51766,1,1.52023,12,1.50195,0,1.49888,Buy,2,12,Buy,loss,-0.015710000000000113,-1.0351462119315336,Buyloss
2,2015-02-05T01:00:00+07:00,1.52015,1.52335,1.51646,1.51789,1.512267766,1.511651605,1.511264901,1.511204358,1.511700501,1.507604826,3,2,1.50195,11,1.49881,20,1.51789,19,1.52509,Sell,3,20,Sell,loss,-0.015940000000000065,-1.0612869935750235,Sellloss
3,2015-03-03T21:00:00+07:00,1.53505,1.5394,1.53505,1.5382,1.538026294,1.539261889,1.540393085,1.54115303,1.541068984,1.539918139,3,1,1.51789,92,1.55524,113,1.5382,0,1.51646,Buy,4,113,Buy,win,0.02031000000000005,1.3380416235695638,Buywin
4,2015-04-06T20:00:00+07:00,1.4949,1.49814,1.49342,1.49437,1.489197011,1.487881736,1.486919597,1.486542938,1.487033104,1.484978719,3,2,1.5382,66,1.46346,145,1.49437,1,1.5394,Sell,5,145,Sell,win,0.043830000000000036,2.8494344038486568,Sellwin
5,2015-04-10T12:00:00+07:00,1.47136,1.47202,1.46232,1.46382,1.48630028,1.485064043,1.483983675,1.482975627,1.481556986,1.49082461,3,1,1.49437,0,1.49814,22,1.46382,0,1.46232,Buy,6,22,Buy,loss,-0.030550000000000077,-2.044339755214577,Buyloss
6,2015-04-17T00:00:00+07:00,1.4921,1.49701,1.49116,1.49292,1.481361611,1.480251918,1.479357158,1.47880795,1.479094786,1.479553956,3,2,1.46382,7,1.45658,28,1.49292,0,1.49701,Sell,7,28,Sell,loss,-0.029100000000000126,-1.9879493380333735,Sellloss
7,2015-05-25T20:00:00+07:00,1.54663,1.54712,1.54565,1.54681,1.550291439,1.55291711,1.555148908,1.556485507,1.556093385,1.560932949,3,1,1.49292,118,1.58148,161,1.54681,15,1.48563,Buy,8,161,Buy,win,0.05388999999999999,3.609704471773437,Buywin
8,2015-06-11T00:00:00+07:00,1.55066,1.5539,1.55065,1.55284,1.53701845,1.536676442,1.536170887,1.535886805,1.536731016,1.535872345,3,2,1.54681,31,1.51702,74,1.55284,73,1.55543,Sell,9,74,Sell,loss,-0.00602999999999998,-0.3898345627452615,Sellloss
9,2015-07-02T16:00:00+07:00,1.56037,1.564,1.55619,1.56128,1.566746466,1.56806985,1.569099066,1.569444894,1.568448678,1.569558728,3,1,1.55284,34,1.59301,94,1.56128,4,1.54207,Buy,10,94,Buy,win,0.008440000000000003,0.5435202596532807,Buywin
10,2015-07-15T20:00:00+07:00,1.56057,1.5645,1.55767,1.56276,1.555863006,1.555292445,1.554502753,1.553764965,1.553998509,1.552325881,3,2,1.56128,26,1.53301,56,1.56276,54,1.56756,Sell,11,56,Sell,loss,-0.0014799999999999258,-0.09479401516703767,Sellloss
11,2015-07-24T20:00:00+07:00,1.54862,1.55261,1.54731,1.55088,1.556687111,1.556484777,1.556251801,1.556019467,1.555575329,1.560177747,3,1,1.56276,10,1.5673,42,1.55088,40,1.54666,Buy,12,42,Buy,loss,-0.01187999999999989,-0.7601935038009605,Buyloss
12,2015-07-29T08:00:00+07:00,1.56087,1.56191,1.56033,1.56042,1.556708573,1.556597018,1.556514076,1.556531664,1.556711404,1.550878193,3,2,1.55088,0,1.54696,16,1.56042,13,1.56278,Sell,13,16,Sell,loss,-0.009539999999999882,-0.6151346332404752,Sellloss
13,2015-08-07T20:00:00+07:00,1.54731,1.54947,1.54245,1.54774,1.55741635,1.557329435,1.5571776,1.556854798,1.55603775,1.562716916,3,1,1.56042,3,1.56897,45,1.54774,0,1.54245,Buy,14,45,Buy,loss,-0.012680000000000025,-0.8126017354302063,Buyloss
14,2015-08-12T16:00:00+07:00,1.55721,1.56298,1.55585,1.5619,1.556946755,1.556841812,1.556707861,1.556536114,1.556391261,1.548280428,3,2,1.54774,1,1.54245,18,1.5619,0,1.56298,Sell,15,18,Sell,loss,-0.014160000000000172,-0.9148823445798502,Sellloss
15,2015-08-27T20:00:00+07:00,1.54252,1.5433,1.53699,1.54069,1.562310459,1.562514379,1.562569799,1.562204475,1.560623139,1.559618567,3,1,1.5619,54,1.58191,67,1.54069,0,1.53699,Buy,16,67,Buy,loss,-0.021210000000000173,-1.3579614571995757,Buyloss
16,2015-09-11T20:00:00+07:00,1.54306,1.54366,1.54,1.54303,1.540910062,1.539512487,1.538173045,1.53727086,1.537674114,1.53684708,3,2,1.54069,38,1.51627,67,1.54303,0,1.54909,Sell,17,67,Sell,loss,-0.0023400000000000087,-0.15188000181736813,Sellloss
17,2015-09-23T20:00:00+07:00,1.52555,1.5266,1.52207,1.52626,1.543893237,1.543714704,1.543706166,1.54376093,1.543179502,1.541549789,3,1,1.54303,29,1.5659,48,1.52626,0,1.52207,Buy,18,48,Buy,loss,-0.01676999999999995,-1.0868226800515837,Buyloss
18,2015-10-08T12:00:00+07:00,1.53081,1.53369,1.53072,1.53262,1.526277532,1.525040613,1.523921856,1.523196796,1.523606286,1.522897624,3,2,1.52626,35,1.5107,65,1.53262,0,1.53428,Sell,19,65,Sell,loss,-0.006360000000000143,-0.4167048864544798,Sellloss
19,2015-10-26T20:00:00+07:00,1.53316,1.53817,1.53245,1.5364,1.537329408,1.537915637,1.538596229,1.539131796,1.53889401,1.540308272,3,1,1.53262,32,1.55089,74,1.5364,19,1.52003,Buy,20,74,Buy,win,0.0037799999999998946,0.2466364787096537,Buywin
20,2015-11-03T01:00:00+07:00,1.54219,1.54228,1.54056,1.54155,1.536219773,1.536431077,1.536631532,1.536796315,1.537200528,1.538066929,3,2,1.5364,19,1.52422,32,1.54155,29,1.5497,Sell,21,32,Sell,loss,-0.005149999999999988,-0.3351991668836233,Sellloss
21,2015-11-06T21:00:00+07:00,1.50453,1.50864,1.50302,1.50376,1.533857677,1.533476567,1.532806224,1.531579985,1.529174105,1.525227524,3,1,1.54155,3,1.54454,23,1.50376,22,1.5029,Buy,22,23,Buy,loss,-0.03778999999999999,-2.451428756770782,Buyloss
22,2015-11-20T05:00:00+07:00,1.52898,1.52933,1.52709,1.52791,1.524469021,1.523794547,1.523201866,1.522918889,1.523409942,1.519964396,3,2,1.50376,2,1.50269,57,1.52791,55,1.53356,Sell,23,57,Sell,loss,-0.024150000000000116,-1.6059743576102647,Sellloss
23,2015-11-24T01:00:00+07:00,1.51274,1.51313,1.5109,1.51226,1.523241933,1.522509342,1.521799307,1.521193421,1.520656546,1.524778426,3,1,1.52791,3,1.53098,11,1.51226,0,1.5109,Buy,24,11,Buy,loss,-0.015650000000000164,-1.0242749900190562,Buyloss
24,2015-12-10T21:00:00+07:00,1.51582,1.51876,1.51522,1.51685,1.510500504,1.509712249,1.509121285,1.508937718,1.509596814,1.504685734,3,2,1.51226,42,1.48948,78,1.51685,77,1.52021,Sell,25,78,Sell,loss,-0.004590000000000094,-0.30351923611019893,Sellloss
25,2015-12-17T01:00:00+07:00,1.50102,1.50988,1.49567,1.49998,1.510853372,1.51041025,1.51011108,1.509924991,1.50950458,1.511246177,3,1,1.51685,7,1.524,25,1.49998,0,1.49567,Buy,26,25,Buy,loss,-0.01686999999999994,-1.112173253782506,Buyloss
26,2016-02-03T01:00:00+07:00,1.441,1.44269,1.44045,1.44073,1.435946398,1.43402527,1.432680883,1.432272505,1.433226144,1.422665354,3,2,1.49998,143,1.40791,193,1.44073,1,1.50988,Sell,27,193,Sell,win,0.059250000000000025,3.9500526673688996,Sellwin
27,2016-02-17T17:00:00+07:00,1.431,1.43388,1.42799,1.42879,1.442850788,1.442691515,1.442631859,1.442303022,1.440885295,1.444236871,3,1,1.44073,10,1.46688,64,1.42879,63,1.42443,Buy,28,64,Buy,loss,-0.011940000000000062,-0.8287465382132712,Buyloss
28,2016-03-05T01:00:00+07:00,1.42212,1.42353,1.42007,1.42229,1.412916241,1.410773022,1.408741747,1.407303511,1.407747785,1.41069,3,2,1.42879,49,1.38354,75,1.42229,15,1.44048,Sell,29,75,Sell,win,0.00649999999999995,0.45493039564946214,Sellwin
29,2016-03-16T20:00:00+07:00,1.40648,1.41122,1.40527,1.4102,1.419568425,1.419562173,1.419935892,1.420626127,1.420938656,1.427353229,3,1,1.42229,29,1.44363,47,1.4102,0,1.40527,Buy,30,47,Buy,loss,-0.012090000000000156,-0.8500376153949023,Buyloss
30,2016-03-18T04:00:00+07:00,1.44772,1.44864,1.4467,1.44815,1.422366959,1.422883054,1.423928772,1.42559652,1.427876505,1.418369777,3,2,1.4102,1,1.40527,9,1.44815,7,1.45033,Sell,31,9,Sell,loss,-0.03795000000000015,-2.691107644305783,Sellloss
31,2016-03-23T16:00:00+07:00,1.41668,1.41993,1.41439,1.41475,1.426193788,1.426936669,1.427941021,1.428980295,1.429289597,1.431571509,3,1,1.44815,4,1.45145,21,1.41475,0,1.41439,Buy,32,21,Buy,loss,-0.033400000000000096,-2.3063909125435966,Buyloss
32,2016-03-29T20:00:00+07:00,1.43011,1.43787,1.42593,1.4365,1.42264556,1.422627998,1.422547503,1.422243494,1.421757937,1.41943,3,2,1.41475,6,1.40571,26,1.4365,0,1.43787,Sell,33,26,Sell,loss,-0.021750000000000158,-1.5373740943629728,Sellloss
33,2016-04-06T08:00:00+07:00,1.41533,1.417,1.41435,1.41635,1.425400038,1.425557657,1.425632778,1.425458055,1.424659532,1.429592297,3,1,1.4365,6,1.44591,33,1.41635,30,1.41212,Buy,34,33,Buy,loss,-0.020150000000000112,-1.4027149321267045,Buyloss
34,2016-04-12T16:00:00+07:00,1.42931,1.43477,1.42518,1.42621,1.420973117,1.420536185,1.419947909,1.419214503,1.418670742,1.415495826,3,2,1.41635,3,1.40053,27,1.42621,0,1.43477,Sell,35,27,Sell,loss,-0.00985999999999998,-0.6961556112542789,Sellloss
35,2016-04-15T04:00:00+07:00,1.41512,1.41535,1.41326,1.414,1.420551832,1.420162906,1.419685162,1.419147112,1.418675287,1.421122904,3,1,1.42621,0,1.43477,15,1.414,11,1.40901,Buy,36,15,Buy,loss,-0.012210000000000054,-0.8561151583567675,Buyloss
36,2016-04-20T00:00:00+07:00,1.43851,1.44061,1.43851,1.43932,1.42222563,1.422305262,1.422544035,1.423161011,1.424699181,1.426977632,3,2,1.414,9,1.4131,18,1.43932,17,1.44188,Sell,37,18,Sell,loss,-0.02532000000000001,-1.7906647807637914,Sellloss
37,2016-05-09T08:00:00+07:00,1.4416,1.44404,1.44152,1.44399,1.447042731,1.44862288,1.450080385,1.451017713,1.450586114,1.45348704,3,1,1.43932,57,1.47696,80,1.44399,9,1.42979,Buy,38,80,Buy,win,0.004670000000000174,0.32445877219799446,Buywin
38,2016-05-19T12:00:00+07:00,1.45758,1.46637,1.45616,1.46481,1.446213905,1.446747496,1.447160689,1.447586756,1.448661571,1.442977209,3,2,1.44399,33,1.43323,50,1.46481,0,1.46637,Sell,39,50,Sell,loss,-0.02081999999999984,-1.4418382398769962,Sellloss
39,2016-06-02T00:00:00+07:00,1.4422,1.44269,1.44031,1.44143,1.454807757,1.455545879,1.456133001,1.456360954,1.455535926,1.458264138,3,1,1.46481,30,1.47394,57,1.44143,56,1.43859,Buy,40,57,Buy,loss,-0.023379999999999956,-1.596111441074266,Buyloss
40,2016-06-08T12:00:00+07:00,1.45507,1.45794,1.45,1.45316,1.451782296,1.451799607,1.451581936,1.451094946,1.450525857,1.43924734,3,2,1.44143,14,1.43515,28,1.45316,21,1.46622,Sell,41,28,Sell,loss,-0.011730000000000018,-0.8137752093407254,Sellloss
41,2016-06-13T12:00:00+07:00,1.41887,1.42215,1.41281,1.41482,1.447793432,1.447078363,1.445910023,1.444067884,1.441057557,1.447260799,3,1,1.45316,1,1.46007,18,1.41482,0,1.41281,Buy,42,18,Buy,loss,-0.03834000000000004,-2.6383880646315645,Buyloss
42,2016-06-21T04:00:00+07:00,1.46804,1.46951,1.4627,1.46485,1.439535255,1.438643271,1.43783891,1.437643843,1.439617003,1.451604966,3,2,1.41482,21,1.40122,35,1.46485,34,1.47179,Sell,43,35,Sell,loss,-0.05003000000000002,-3.536138872789473,Sellloss
43,2016-06-27T12:00:00+07:00,1.33965,1.34743,1.33238,1.33246,1.434980334,1.433133636,1.43057408,1.426508565,1.418121562,1.462923679,3,1,1.46485,18,1.50186,26,1.33246,19,1.32263,Buy,44,26,Buy,loss,-0.13239,-9.037785438782128,Buyloss
44,2016-08-03T12:00:00+07:00,1.33226,1.33558,1.3287,1.3354,1.322701509,1.321477422,1.321115984,1.321732823,1.323481892,1.320537623,3,2,1.33246,42,1.27893,163,1.3354,15,1.35333,Sell,45,163,Sell,loss,-0.0029399999999999427,-0.22064452216201183,Sellloss
45,2016-08-05T20:00:00+07:00,1.30469,1.30808,1.30211,1.30785,1.321798559,1.320752146,1.320285419,1.320215805,1.319922622,1.328721557,3,1,1.3354,1,1.33715,14,1.30785,0,1.30211,Buy,46,14,Buy,loss,-0.027549999999999963,-2.0630522689830735,Buyloss
46,2016-08-19T08:00:00+07:00,1.31498,1.31512,1.31283,1.31441,1.307395071,1.30607027,1.305008096,1.304368617,1.304866771,1.310436142,3,2,1.30785,37,1.28654,58,1.31441,57,1.31853,Sell,47,58,Sell,loss,-0.006560000000000121,-0.5015865733838071,Sellloss
47,2016-08-30T04:00:00+07:00,1.31031,1.31195,1.30969,1.31075,1.312308604,1.312409488,1.312876965,1.313664941,1.314405158,1.321151562,3,1,1.31441,33,1.3279,41,1.31075,3,1.30228,Buy,48,41,Buy,loss,-0.0036599999999999966,-0.2784519290023658,Buyloss
48,2016-09-02T00:00:00+07:00,1.32751,1.32795,1.32604,1.32671,1.313175507,1.313427842,1.313974176,1.314778637,1.315806428,1.310782841,3,2,1.31075,3,1.30591,18,1.32671,17,1.33178,Sell,49,18,Sell,loss,-0.015959999999999974,-1.2176234979973277,Sellloss
49,2016-09-14T20:00:00+07:00,1.31855,1.3209,1.31381,1.31919,1.324199286,1.325080769,1.325939273,1.326471802,1.326035142,1.329453265,3,1,1.32671,18,1.34451,53,1.31919,0,1.31381,Buy,50,53,Buy,loss,-0.007519999999999971,-0.5668156567750278,Buyloss
50,2016-11-03T16:00:00+07:00,1.23326,1.24947,1.23285,1.24751,1.229200758,1.227131338,1.225759441,1.22543066,1.22658047,1.224261131,3,2,1.31919,99,1.19048,216,1.24751,3,1.32784,Sell,51,216,Sell,win,0.07168000000000019,5.433637307741886,Sellwin
51,2016-11-21T09:00:00+07:00,1.23452,1.23489,1.23283,1.23397,1.241081223,1.241424111,1.241943378,1.242255322,1.241579565,1.24438452,3,1,1.24751,36,1.26738,70,1.23397,67,1.23018,Buy,52,70,Buy,loss,-0.013539999999999885,-1.0853620411860334,Buyloss
52,2016-11-25T17:00:00+07:00,1.24722,1.24725,1.24268,1.24389,1.242420082,1.242780728,1.243219827,1.243562701,1.243747252,1.237544278,3,2,1.23397,2,1.23123,27,1.24389,6,1.25124,Sell,53,27,Sell,loss,-0.009919999999999929,-0.8039093332901066,Sellloss
53,2016-12-16T05:00:00+07:00,1.24154,1.24291,1.23825,1.24026,1.257414386,1.258251238,1.258892355,1.259025315,1.25796725,1.262326352,3,1,1.24389,41,1.27747,87,1.24026,85,1.23758,Buy,54,87,Buy,loss,-0.003630000000000022,-0.2918264476762433,Buyloss
54,2017-01-18T21:00:00+07:00,1.22834,1.23489,1.22785,1.23094,1.225058094,1.223806406,1.222717385,1.222060236,1.22243324,1.211784863,3,2,1.24026,117,1.1986,131,1.23094,5,1.251,Sell,55,131,Sell,win,0.009319999999999995,0.7514553400093525,Sellwin
55,2017-02-07T01:00:00+07:00,1.24704,1.24804,1.24542,1.24635,1.247661001,1.249085299,1.250617133,1.251923695,1.252238273,1.250532931,3,1,1.23094,64,1.2706,79,1.24635,2,1.22527,Buy,56,79,Buy,win,0.015410000000000146,1.2518888004289523,Buywin
56,2017-02-09T01:00:00+07:00,1.25364,1.25448,1.25142,1.25365,1.247803225,1.248876694,1.249888171,1.250526466,1.250354615,1.239568266,3,2,1.24635,4,1.23464,13,1.25365,12,1.25495,Sell,57,13,Sell,loss,-0.007299999999999862,-0.5857102740000691,Sellloss
57,2017-02-15T21:00:00+07:00,1.23941,1.24815,1.2385,1.24494,1.248240797,1.248742839,1.249017501,1.248870367,1.248133957,1.252563387,3,1,1.25365,3,1.25821,29,1.24494,28,1.2383,Buy,58,29,Buy,loss,-0.008709999999999996,-0.6947712678977382,Buyloss
58,2017-03-17T04:00:00+07:00,1.23568,1.23634,1.23454,1.23561,1.22743375,1.226160405,1.224964996,1.224184137,1.224579368,1.219701135,3,2,1.24494,113,1.21088,129,1.23561,41,1.25695,Sell,59,129,Sell,win,0.009329999999999838,0.7494337076485484,Sellwin
59,2017-04-10T20:00:00+07:00,1.24004,1.24287,1.23997,1.24191,1.243725503,1.24418952,1.244525183,1.244493612,1.243742817,1.245479467,3,1,1.23561,40,1.26151,100,1.24191,2,1.23237,Buy,60,100,Buy,win,0.006299999999999972,0.5098696190545537,Buywin
60,2017-04-13T00:00:00+07:00,1.24909,1.25479,1.24818,1.25436,1.244562505,1.245048353,1.245469423,1.245750718,1.246007328,1.243653964,3,2,1.24191,0,1.23904,14,1.25436,0,1.25479,Sell,61,14,Sell,loss,-0.01244999999999985,-1.002488103002621,Sellloss
61,2017-05-29T08:00:00+07:00,1.28241,1.28311,1.28147,1.28271,1.292136697,1.292741326,1.292981982,1.292694094,1.291471803,1.292583616,3,1,1.25436,154,1.30476,194,1.28271,0,1.24818,Buy,62,194,Buy,win,0.028350000000000097,2.260116712905394,Buywin
62,2017-06-07T08:00:00+07:00,1.29026,1.29068,1.28961,1.28983,1.289447883,1.289437215,1.289250012,1.289003347,1.289003277,1.286512008,3,2,1.28271,14,1.27688,43,1.28983,38,1.29505,Sell,63,43,Sell,loss,-0.007120000000000015,-0.5550748025664426,Sellloss
63,2017-06-12T08:00:00+07:00,1.27436,1.27693,1.27365,1.27531,1.287691804,1.287337328,1.286719076,1.285786811,1.284264803,1.286824223,3,1,1.28983,7,1.29776,18,1.27531,13,1.26354,Buy,64,18,Buy,loss,-0.014520000000000088,-1.1257297473310504,Buyloss
64,2017-06-28T16:00:00+07:00,1.28282,1.28547,1.28109,1.28312,1.275912942,1.275200883,1.274611531,1.274395455,1.275052141,1.27937,3,2,1.27531,44,1.2589,75,1.28312,71,1.2861,Sell,65,75,Sell,loss,-0.007810000000000095,-0.6124001223232073,Sellloss
65,2017-07-12T04:00:00+07:00,1.28451,1.28647,1.2835,1.28624,1.287555465,1.288220582,1.288964857,1.289589026,1.28955853,1.2925374,3,1,1.28312,10,1.30306,57,1.28624,0,1.28109,Buy,66,57,Buy,win,0.0031200000000000117,0.24315730407132705,Buywin
66,2017-07-14T12:00:00+07:00,1.29531,1.2966,1.29488,1.29575,1.288598529,1.289246138,1.289945687,1.290581678,1.291039691,1.285543692,3,2,1.28624,3,1.28118,15,1.29575,0,1.2966,Sell,67,15,Sell,loss,-0.009509999999999907,-0.7393643487995947,Sellloss
67,2017-08-07T20:00:00+07:00,1.30222,1.30321,1.30138,1.3024,1.308204617,1.309431967,1.310564087,1.311384994,1.311311135,1.315807371,3,1,1.29575,84,1.3268,98,1.3024,25,1.29328,Buy,68,98,Buy,win,0.006650000000000045,0.5132162840054058,Buywin
68,2017-08-29T16:00:00+07:00,1.29603,1.29728,1.2945,1.29553,1.290949797,1.289976215,1.288969598,1.288198552,1.288276997,1.290343889,3,2,1.3024,77,1.27739,96,1.29553,0,1.30569,Sell,69,96,Sell,win,0.006869999999999932,0.5274877149877097,Sellwin
69,2017-10-02T20:00:00+07:00,1.32805,1.32969,1.3256,1.32726,1.337383263,1.339205576,1.340589143,1.341026413,1.339806057,1.341684738,3,1,1.29553,98,1.36574,145,1.32726,12,1.28524,Buy,70,145,Buy,win,0.031730000000000036,2.449190678718365,Buywin
70,2017-10-14T00:00:00+07:00,1.32977,1.33059,1.32779,1.32784,1.32551132,1.324987577,1.32413793,1.323225156,1.32310622,1.317628735,3,2,1.32726,25,1.3027,56,1.32784,55,1.3338,Sell,71,56,Sell,loss,-0.0005799999999998029,-0.04369904916894978,Sellloss
71,2017-10-18T20:00:00+07:00,1.31651,1.31998,1.31484,1.31909,1.324552184,1.324032973,1.323311866,1.322574234,1.322051103,1.32672358,3,1,1.32784,3,1.33118,17,1.31909,16,1.31399,Buy,72,17,Buy,loss,-0.008749999999999813,-0.6589649355343877,Buyloss
72,2017-10-31T20:00:00+07:00,1.32347,1.32888,1.32341,1.32775,1.320086911,1.319581927,1.319096153,1.31875798,1.318751513,1.312895135,3,2,1.31909,41,1.30698,55,1.32775,0,1.32888,Sell,73,55,Sell,loss,-0.00865999999999989,-0.656513202283384,Sellloss
73,2017-11-03T20:00:00+07:00,1.30919,1.31134,1.30564,1.30725,1.319204003,1.318674697,1.318102137,1.317449631,1.316398133,1.319838107,3,1,1.32775,5,1.33211,18,1.30725,16,1.30391,Buy,74,18,Buy,loss,-0.020499999999999963,-1.5439653549237404,Buyloss
74,2017-11-16T21:00:00+07:00,1.3198,1.32072,1.31742,1.3192,1.315816478,1.315455369,1.315183537,1.315090367,1.315369671,1.311104367,3,2,1.30725,0,1.30419,55,1.3192,31,1.32296,Sell,75,55,Sell,loss,-0.011949999999999905,-0.9141327213616297,Sellloss
75,2017-12-12T17:00:00+07:00,1.33454,1.33705,1.33108,1.33471,1.336925073,1.337994094,1.338937875,1.339481939,1.339129926,1.345648019,3,1,1.3192,62,1.35498,107,1.33471,5,1.31696,Buy,76,107,Buy,win,0.015510000000000135,1.1757125530624724,Buywin
76,2017-12-15T05:00:00+07:00,1.34287,1.34402,1.34212,1.34394,1.337462832,1.338295621,1.338977084,1.339368715,1.339464698,1.334686001,3,2,1.33471,3,1.33029,16,1.34394,12,1.34654,Sell,77,16,Sell,loss,-0.00922999999999985,-0.6915359890912519,Sellloss
77,2018-02-06T21:00:00+07:00,1.38561,1.39777,1.38537,1.39571,1.401827945,1.40460403,1.407002186,1.408474035,1.407925243,1.404218345,3,1,1.34394,166,1.43455,214,1.39571,5,1.33014,Buy,78,214,Buy,win,0.051770000000000094,3.85210649284939,Buywin
78,2018-02-16T01:00:00+07:00,1.40457,1.41048,1.40437,1.40996,1.395756822,1.396122593,1.395967707,1.395394538,1.39523507,1.388490965,3,2,1.39571,19,1.37646,44,1.40996,0,1.41048,Sell,79,44,Sell,loss,-0.014250000000000096,-1.0209857348589675,Sellloss
79,2018-02-22T17:00:00+07:00,1.38882,1.39197,1.38568,1.39194,1.3969545,1.397192391,1.397128631,1.396846491,1.396382809,1.399660232,3,1,1.40996,2,1.41451,28,1.39194,0,1.38568,Buy,80,28,Buy,loss,-0.018020000000000147,-1.2780504411472768,Buyloss
80,2018-03-13T16:00:00+07:00,1.38907,1.39625,1.38744,1.3951,1.388400743,1.387861983,1.387321118,1.386974351,1.387168937,1.383488748,3,2,1.39194,32,1.37117,79,1.3951,12,1.40701,Sell,81,79,Sell,loss,-0.0031600000000000517,-0.2270212796528623,Sellloss
81,2018-03-30T16:00:00+07:00,1.4052,1.40582,1.40467,1.40516,1.404724996,1.405951911,1.407278631,1.408484857,1.408896041,1.412607444,3,1,1.3951,55,1.42448,78,1.40516,0,1.38744,Buy,82,78,Buy,win,0.010059999999999958,0.7210952619883849,Buywin
82,2018-04-10T00:00:00+07:00,1.41346,1.41432,1.41246,1.41288,1.405717849,1.406328066,1.406834929,1.407167032,1.407440182,1.400550748,3,2,1.40516,26,1.39654,39,1.41288,38,1.41643,Sell,83,39,Sell,loss,-0.007719999999999949,-0.5494036266332624,Sellloss
83,2018-04-23T04:00:00+07:00,1.39998,1.40198,1.3992,1.40105,1.415331073,1.416124,1.416713045,1.416805616,1.415586203,1.410358922,3,1,1.41288,33,1.43767,55,1.40105,0,1.3992,Buy,84,55,Buy,loss,-0.011830000000000007,-0.8372968688069764,Buyloss
84,2018-06-07T04:00:00+07:00,1.34115,1.34336,1.3409,1.34313,1.339342682,1.337737822,1.336540782,1.335991284,1.336514554,1.335113734,3,2,1.40105,159,1.32043,199,1.34313,0,1.40384,Sell,85,199,Sell,win,0.05791999999999997,4.134042325398807,Sellwin
85,2018-06-13T12:00:00+07:00,1.33587,1.33702,1.33105,1.33247,1.339155863,1.338288424,1.337805627,1.337733121,1.337880776,1.341821632,3,1,1.34313,2,1.34725,26,1.33247,0,1.33105,Buy,86,26,Buy,loss,-0.010659999999999892,-0.7936685205452855,Buyloss
86,2018-07-05T16:00:00+07:00,1.32385,1.32748,1.32254,1.32663,1.322048525,1.320995315,1.320085275,1.31944807,1.319451876,1.319253679,3,2,1.33247,69,1.30494,98,1.32663,7,1.34467,Sell,87,98,Sell,win,0.005840000000000067,0.43828378875322277,Sellwin
87,2018-07-13T00:00:00+07:00,1.32195,1.32235,1.32035,1.32043,1.323305808,1.322982786,1.322890259,1.323050287,1.323324812,1.330192109,3,1,1.32663,11,1.33627,32,1.32043,30,1.31803,Buy,88,32,Buy,loss,-0.006199999999999983,-0.46734960011457477,Buyloss
88,2018-07-17T04:00:00+07:00,1.32345,1.32468,1.32309,1.32334,1.322859851,1.322570451,1.322452306,1.322483395,1.322543376,1.315991218,3,2,1.32043,5,1.31026,14,1.32334,11,1.32927,Sell,89,14,Sell,loss,-0.002909999999999968,-0.22038275410282773,Sellloss
89,2018-07-18T20:00:00+07:00,1.30396,1.30723,1.30367,1.30604,1.320738248,1.32012597,1.319489291,1.318645951,1.317108826,1.321077144,3,1,1.32334,2,1.32689,10,1.30604,8,1.30103,Buy,90,10,Buy,loss,-0.01729999999999987,-1.3072982000090583,Buyloss
90,2018-07-26T16:00:00+07:00,1.3179,1.31929,1.31571,1.31599,1.315893078,1.315191158,1.314547757,1.314054645,1.314083918,1.313396644,3,2,1.30604,6,1.29574,36,1.31599,34,1.32132,Sell,91,36,Sell,loss,-0.009949999999999903,-0.7618449664635005,Sellloss
91,2018-07-28T00:00:00+07:00,1.31131,1.31175,1.30941,1.31074,1.315058569,1.31434101,1.313661357,1.313066677,1.31270073,1.315957175,3,1,1.31599,0,1.31929,8,1.31074,6,1.30821,Buy,92,8,Buy,loss,-0.005249999999999977,-0.3989392016656644,Buyloss
92,2018-08-22T12:00:00+07:00,1.29107,1.29149,1.28681,1.28835,1.285655557,1.283692595,1.281848799,1.28048054,1.280446523,1.284349289,3,2,1.31074,78,1.26617,106,1.28835,11,1.3173,Sell,93,106,Sell,win,0.02238999999999991,1.7081953705540314,Sellwin
93,2018-09-04T16:00:00+07:00,1.28312,1.28526,1.28141,1.28386,1.289515581,1.289475238,1.289787245,1.290411119,1.290888362,1.294447025,3,1,1.28835,36,1.30433,55,1.28386,10,1.27994,Buy,94,55,Buy,loss,-0.004490000000000105,-0.3485077812706256,Buyloss
94,2018-09-07T00:00:00+07:00,1.29343,1.29444,1.29227,1.29263,1.289453023,1.289434557,1.289657392,1.290033252,1.290290815,1.280788038,3,2,1.28386,7,1.27853,15,1.29263,8,1.29831,Sell,95,15,Sell,loss,-0.008769999999999945,-0.6830962877572277,Sellloss
95,2018-09-29T00:00:00+07:00,1.30417,1.30455,1.30276,1.3029,1.309141434,1.310214173,1.31116422,1.311708724,1.311332297,1.316544959,3,1,1.29263,58,1.32986,96,1.3029,9,1.28968,Buy,96,96,Buy,win,0.010270000000000001,0.7945042278146106,Buywin
96,2018-10-10T12:00:00+07:00,1.31597,1.31855,1.31369,1.31376,1.306810416,1.307065541,1.307224546,1.307404486,1.308107292,1.305230013,3,2,1.3029,21,1.29215,46,1.31376,0,1.31855,Sell,97,46,Sell,loss,-0.010860000000000092,-0.833525212986422,Sellloss
97,2018-10-19T04:00:00+07:00,1.30168,1.3025,1.30141,1.30234,1.311430289,1.311896864,1.312285181,1.312503945,1.312165452,1.31404202,3,1,1.31376,12,1.32578,40,1.30234,0,1.30141,Buy,98,40,Buy,loss,-0.011419999999999986,-0.8692607477773707,Buyloss
98,2018-11-02T16:00:00+07:00,1.30247,1.30408,1.29826,1.29926,1.293524415,1.292027945,1.290354289,1.288768839,1.288186919,1.290049598,3,2,1.30234,48,1.26958,64,1.29926,5,1.31038,Sell,99,64,Sell,win,0.0030799999999999716,0.2364973816361297,Sellwin
99,2018-11-13T01:00:00+07:00,1.28503,1.28587,1.2843,1.28484,1.298532928,1.298431781,1.298516746,1.298794395,1.298728457,1.29363,3,1,1.29926,18,1.31747,38,1.28484,36,1.28272,Buy,100,38,Buy,loss,-0.0144200000000001,-1.1098625371365314,Buyloss
100,2018-12-31T21:00:00+07:00,1.27874,1.2815,1.27189,1.27452,1.267585605,1.267139203,1.266975719,1.267226232,1.268056142,1.265182547,3,2,1.28484,130,1.24765,203,1.27452,13,1.3072,Sell,101,203,Sell,win,0.010319999999999885,0.8032128514056135,Sellwin
101,2019-01-03T21:00:00+07:00,1.259,1.26475,1.25764,1.26427,1.266442665,1.265897173,1.265498405,1.26521157,1.264773697,1.266322373,3,1,1.27452,0,1.2815,11,1.26427,7,1.2373,Buy,102,11,Buy,loss,-0.010250000000000092,-0.804224335436093,Buyloss
102,2019-01-08T01:00:00+07:00,1.27741,1.27803,1.27631,1.27748,1.267681705,1.267528524,1.26764134,1.26810355,1.269085003,1.264650056,3,2,1.26427,0,1.25509,14,1.27748,13,1.27869,Sell,103,14,Sell,loss,-0.013209999999999944,-1.044871744168567,Sellloss
103,2019-02-06T17:00:00+07:00,1.29646,1.29692,1.29449,1.2962,1.300624059,1.302072902,1.303260993,1.303803066,1.30299863,1.2987049,3,1,1.27748,84,1.32179,130,1.2962,36,1.2668,Buy,104,130,Buy,win,0.01872000000000007,1.4653849766728302,Buywin
104,2019-02-20T17:00:00+07:00,1.30395,1.30471,1.30117,1.30361,1.293977704,1.293882024,1.293666624,1.293598729,1.294497354,1.299586695,3,2,1.2962,38,1.27729,61,1.30361,58,1.30765,Sell,105,61,Sell,loss,-0.007409999999999917,-0.5716710384199905,Sellloss
105,2019-03-09T01:00:00+07:00,1.30098,1.3018,1.29979,1.30126,1.311362861,1.312399298,1.313291626,1.313727272,1.31294505,1.314531451,3,1,1.30361,31,1.33503,74,1.30126,12,1.29683,Buy,106,74,Buy,loss,-0.002349999999999852,-0.18026863862657178,Buyloss
106,2019-03-15T04:00:00+07:00,1.32395,1.32659,1.32114,1.3242,1.313945837,1.314963244,1.315972163,1.317012127,1.318455542,1.305435842,3,2,1.30126,2,1.29604,26,1.3242,19,1.33806,Sell,107,26,Sell,loss,-0.02293999999999996,-1.7629067211779321,Sellloss
107,2019-03-22T12:00:00+07:00,1.31334,1.31582,1.31018,1.31048,1.317363975,1.318104987,1.318676892,1.318922011,1.318425163,1.326923712,3,1,1.3242,15,1.3311,32,1.31048,28,1.30034,Buy,108,32,Buy,loss,-0.013719999999999954,-1.0360972662739734,Buyloss
108,2019-03-26T16:00:00+07:00,1.31872,1.32613,1.31576,1.32421,1.317947365,1.318573352,1.31904566,1.319290536,1.319241511,1.306616839,3,2,1.31048,2,1.30808,14,1.32421,0,1.32613,Sell,109,14,Sell,loss,-0.01373000000000002,-1.047707710152007,Sellloss
109,2019-03-29T16:00:00+07:00,1.30234,1.31367,1.3002,1.30929,1.316658816,1.316790474,1.316626154,1.316007526,1.314621615,1.317185585,3,1,1.32421,8,1.32693,18,1.30929,0,1.3002,Buy,110,18,Buy,loss,-0.014920000000000044,-1.1267095098209532,Buyloss
110,2019-04-04T12:00:00+07:00,1.31693,1.3191,1.31561,1.31627,1.314423457,1.314230675,1.313831476,1.313272124,1.312852788,1.305917428,3,2,1.30929,2,1.29769,24,1.31627,18,1.31962,Sell,111,24,Sell,loss,-0.006979999999999986,-0.533113366786578,Sellloss
111,2019-04-06T00:00:00+07:00,1.30146,1.30389,1.30092,1.30318,1.313042027,1.312639131,1.311989679,1.311088261,1.309983463,1.315033309,3,1,1.31627,0,1.3191,9,1.30318,8,1.29868,Buy,112,9,Buy,loss,-0.013090000000000046,-0.9944768170664108,Buyloss
112,2019-05-01T20:00:00+07:00,1.30639,1.30935,1.30614,1.30808,1.300071656,1.299261356,1.298527646,1.298077693,1.298444219,1.302342839,3,2,1.30318,83,1.28656,108,1.30808,30,1.31328,Sell,113,108,Sell,loss,-0.004899999999999904,-0.376003314967994,Sellloss
113,2019-05-09T20:00:00+07:00,1.29905,1.3024,1.29673,1.30212,1.303072488,1.303068634,1.30325209,1.303630085,1.303941563,1.310387959,3,1,1.30808,12,1.31765,36,1.30212,0,1.29673,Buy,114,36,Buy,loss,-0.005959999999999965,-0.4556296250993797,Buyloss
114,2019-06-21T08:00:00+07:00,1.27096,1.27246,1.26985,1.27006,1.26632814,1.265520636,1.264857276,1.264377112,1.264287644,1.268496703,3,2,1.30212,168,1.2506,184,1.27006,7,1.30474,Sell,115,184,Sell,win,0.03205999999999998,2.462138666175159,Sellwin
115,2019-07-02T16:00:00+07:00,1.26177,1.26359,1.26059,1.2629,1.267575996,1.267355583,1.267238928,1.267134427,1.266775251,1.269626596,3,1,1.27006,13,1.27838,44,1.2629,0,1.26059,Buy,116,44,Buy,loss,-0.007160000000000055,-0.563752893564088,Buyloss
116,2019-08-23T08:00:00+07:00,1.2245,1.22476,1.22216,1.22295,1.216278999,1.215283138,1.214716391,1.214825579,1.21593812,1.212225731,3,2,1.2629,172,1.20143,227,1.22295,0,1.26457,Sell,117,227,Sell,win,0.03994999999999993,3.1633541848127273,Sellwin
117,2019-09-02T04:00:00+07:00,1.21475,1.21641,1.21394,1.21485,1.21913893,1.219015512,1.219202347,1.219612127,1.219820148,1.22639874,3,1,1.22295,15,1.23099,35,1.21485,34,1.2139,Buy,118,35,Buy,loss,-0.008099999999999996,-0.6623328836011281,Buyloss
118,2019-09-05T20:00:00+07:00,1.23313,1.23461,1.23139,1.23155,1.217636431,1.217449904,1.217456496,1.217633754,1.218146725,1.215598685,3,2,1.21485,9,1.19583,23,1.23155,22,1.23537,Sell,119,23,Sell,loss,-0.016699999999999937,-1.3746553072395717,Sellloss
119,2019-09-26T20:00:00+07:00,1.23461,1.23662,1.23275,1.23349,1.238864588,1.240060743,1.241155605,1.241833507,1.241462346,1.244206891,3,1,1.23155,64,1.25824,90,1.23349,10,1.22331,Buy,120,90,Buy,win,0.0019400000000000528,0.15752507003370167,Buywin
120,2019-10-12T00:00:00+07:00,1.26661,1.26727,1.26389,1.26441,1.234202937,1.234354199,1.234576506,1.235197133,1.237198348,1.232451427,3,2,1.23349,49,1.21952,68,1.26441,67,1.27069,Sell,121,68,Sell,loss,-0.03092000000000006,-2.5067086072850255,Sellloss
121,2019-11-08T17:00:00+07:00,1.28091,1.28175,1.27943,1.28055,1.283103134,1.284707731,1.285882528,1.286331449,1.285706672,1.284435447,3,1,1.26441,34,1.30125,118,1.28055,4,1.25157,Buy,122,118,Buy,win,0.016140000000000043,1.2764846845564368,Buywin
122,2019-11-13T13:00:00+07:00,1.28496,1.28585,1.2823,1.28531,1.28325246,1.284312155,1.284933193,1.284985446,1.284540728,1.281583646,3,2,1.28055,3,1.27685,18,1.28531,7,1.28979,Sell,123,18,Sell,loss,-0.0047599999999998754,-0.37171527859122055,Sellloss
123,2019-11-25T17:00:00+07:00,1.28809,1.28834,1.2867,1.28795,1.287683559,1.288391646,1.288889182,1.289176791,1.289147846,1.290991457,3,1,1.28531,19,1.29854,49,1.28795,2,1.28217,Buy,124,49,Buy,win,0.0026399999999999757,0.20539791956804007,Buywin
124,2019-11-29T05:00:00+07:00,1.29085,1.29135,1.2905,1.29089,1.288279761,1.288791186,1.289139118,1.289367116,1.289564356,1.286324041,3,2,1.28795,12,1.28272,22,1.29089,18,1.2951,Sell,125,22,Sell,loss,-0.0029400000000001647,-0.22826973096782988,Sellloss
125,2019-12-18T21:00:00+07:00,1.30794,1.309,1.30603,1.3083,1.312888173,1.314927172,1.317011806,1.318902305,1.319792743,1.331742014,3,1,1.29089,60,1.35149,82,1.3083,2,1.28793,Buy,126,82,Buy,win,0.017409999999999926,1.3486819171269375,Buywin
126,2019-12-30T17:00:00+07:00,1.31186,1.31357,1.3105,1.31255,1.306864698,1.306949328,1.306632346,1.305849968,1.304975526,1.300410956,3,2,1.3083,18,1.29047,40,1.31255,0,1.31357,Sell,127,40,Sell,loss,-0.004250000000000087,-0.3248490407398981,Sellloss
127,2020-01-10T17:00:00+07:00,1.30678,1.30972,1.30503,1.30696,1.309749992,1.309958448,1.310028885,1.309959325,1.309624927,1.313666765,3,1,1.31255,7,1.32842,46,1.30696,40,1.30127,Buy,128,46,Buy,loss,-0.005590000000000206,-0.42588853757953643,Buyloss
128,2020-01-23T13:00:00+07:00,1.3123,1.31471,1.3119,1.3132,1.306280259,1.306153447,1.306044628,1.306116971,1.306754502,1.304219634,3,2,1.30696,12,1.29542,54,1.3132,50,1.3153,Sell,129,54,Sell,loss,-0.006240000000000023,-0.47744383913815447,Sellloss
129,2020-01-28T13:00:00+07:00,1.30567,1.30567,1.30038,1.30298,1.30684052,1.306827643,1.306852903,1.306985784,1.30721989,1.309957391,3,1,1.3132,6,1.31729,18,1.30298,0,1.30038,Buy,130,18,Buy,loss,-0.010219999999999896,-0.7782515991471136,Buyloss
130,2020-01-31T21:00:00+07:00,1.31441,1.31999,1.31389,1.31961,1.306581103,1.306587606,1.306653069,1.306858697,1.307373364,1.301725591,3,2,1.30298,3,1.29751,21,1.31961,0,1.31999,Sell,131,21,Sell,loss,-0.016629999999999923,-1.2763050852660764,Sellloss
131,2020-02-04T21:00:00+07:00,1.30293,1.30368,1.30122,1.30317,1.306417161,1.306371175,1.306330276,1.306286094,1.306117173,1.309125423,3,1,1.31961,1,1.3209,12,1.30317,10,1.29412,Buy,132,12,Buy,loss,-0.01644000000000001,-1.2458226294132366,Buyloss
132,2020-03-06T17:00:00+07:00,1.29883,1.30264,1.29853,1.29956,1.290838881,1.290052287,1.289310503,1.288773216,1.288950439,1.291830566,3,2,1.30317,110,1.27258,138,1.29956,5,1.30699,Sell,133,138,Sell,win,0.003609999999999891,0.27701681284866064,Sellwin
133,2020-03-12T00:00:00+07:00,1.2857,1.28701,1.28049,1.28144,1.293908728,1.293829465,1.293967917,1.294422095,1.295122321,1.297825041,3,1,1.29956,5,1.32002,20,1.28144,0,1.28049,Buy,134,20,Buy,loss,-0.018120000000000136,-1.3943180768875723,Buyloss
134,2020-03-28T00:00:00+07:00,1.24113,1.24854,1.23755,1.24491,1.215727316,1.210023732,1.204479515,1.200334308,1.200803026,1.212801012,3,2,1.28144,38,1.14098,73,1.24491,0,1.29643,Sell,135,73,Sell,win,0.03652999999999995,2.8506992133849383,Sellwin
135,2020-04-24T12:00:00+07:00,1.23506,1.23521,1.2298,1.2316,1.238671038,1.238941159,1.239102808,1.238691082,1.23711562,1.24147,3,1,1.24491,72,1.26476,117,1.2316,37,1.21635,Buy,136,117,Buy,loss,-0.013309999999999933,-1.0691535934324516,Buyloss
136,2020-04-28T12:00:00+07:00,1.24143,1.24783,1.24036,1.24677,1.239148305,1.239438494,1.239671451,1.239622257,1.239348961,1.233431693,3,2,1.2316,1,1.2298,13,1.24677,0,1.24783,Sell,137,13,Sell,loss,-0.015169999999999906,-1.2317310815199662,Sellloss
137,2020-05-07T04:00:00+07:00,1.23377,1.23445,1.23105,1.23157,1.242519139,1.242880391,1.243152546,1.243177915,1.242636748,1.243599363,3,1,1.24677,14,1.26432,40,1.23157,0,1.23105,Buy,138,40,Buy,loss,-0.01519999999999988,-1.2191502843347113,Buyloss
138,2020-05-29T08:00:00+07:00,1.23216,1.23447,1.23153,1.23438,1.227255622,1.226651721,1.226221974,1.226225509,1.227086684,1.221768278,3,2,1.23157,43,1.2075,98,1.23438,11,1.24673,Sell,139,98,Sell,loss,-0.002809999999999979,-0.22816405076446966,Sellloss
139,2020-06-18T08:00:00+07:00,1.25487,1.25608,1.25254,1.25521,1.255023083,1.256558416,1.257990584,1.258932686,1.258723288,1.263059198,3,1,1.23438,52,1.28135,84,1.25521,2,1.22905,Buy,140,84,Buy,win,0.020829999999999904,1.6874868354963548,Buywin
140,2020-07-03T00:00:00+07:00,1.24612,1.24695,1.24574,1.24675,1.244633362,1.244074272,1.243279671,1.242407369,1.242075744,1.243970978,3,2,1.25521,46,1.22516,65,1.24675,0,1.25669,Sell,141,65,Sell,win,0.008459999999999912,0.6739908063192543,Sellwin
141,2020-09-08T12:00:00+07:00,1.31371,1.31592,1.31023,1.31045,1.321581543,1.322927167,1.32397094,1.324472795,1.32374941,1.318434462,3,1,1.24675,256,1.34832,285,1.31045,3,1.24379,Buy,142,285,Buy,win,0.06369999999999987,5.109284138760767,Buywin
142,2020-10-02T16:00:00+07:00,1.29457,1.29524,1.29032,1.29285,1.288198871,1.287007036,1.286050056,1.285702515,1.28649665,1.283361149,3,2,1.31045,67,1.26751,110,1.29285,1,1.31592,Sell,143,110,Sell,win,0.017599999999999838,1.34305009729481,Sellwin
143,2020-10-17T00:00:00+07:00,1.29242,1.29326,1.29054,1.29146,1.294118168,1.294348641,1.294758573,1.29520752,1.295219376,1.301057779,3,1,1.29285,37,1.30827,62,1.29146,19,1.28446,Buy,144,62,Buy,loss,-0.0013900000000000023,-0.10751440615694027,Buyloss
144,2020-10-22T16:00:00+07:00,1.31071,1.31224,1.30839,1.3102,1.29727543,1.297953328,1.298913235,1.300209058,1.302097255,1.298929593,3,2,1.29146,0,1.28666,23,1.3102,18,1.31769,Sell,145,23,Sell,loss,-0.01873999999999998,-1.4510708810183806,Sellloss
145,2020-10-29T20:00:00+07:00,1.29355,1.29493,1.28808,1.29154,1.299490021,1.299995137,1.300498303,1.300822499,1.300585512,1.30256,3,1,1.3102,6,1.31228,31,1.29154,0,1.28808,Buy,146,31,Buy,loss,-0.01866000000000012,-1.4242100442680599,Buyloss
146,2020-11-06T17:00:00+07:00,1.31406,1.31564,1.31079,1.31476,1.300247192,1.300719939,1.30128337,1.302052395,1.303503715,1.296704397,3,2,1.29154,11,1.28538,36,1.31476,33,1.31572,Sell,147,36,Sell,loss,-0.02322000000000002,-1.7978537250104543,Sellloss
147,2020-12-11T21:00:00+07:00,1.31807,1.32559,1.31756,1.3226,1.333065514,1.333885905,1.334363434,1.334248973,1.333073886,1.342629987,3,1,1.31476,121,1.35394,151,1.3226,1,1.30926,Buy,148,151,Buy,win,0.00784000000000007,0.5963065502449169,Buywin
148,2020-12-16T17:00:00+07:00,1.35168,1.35547,1.34985,1.35261,1.334986417,1.335865091,1.33659993,1.337243671,1.338191129,1.331504391,3,2,1.3226,0,1.31344,18,1.35261,0,1.35547,Sell,149,18,Sell,loss,-0.030010000000000092,-2.2690155753818306,Sellloss
149,2021-02-04T05:00:00+07:00,1.36436,1.36528,1.36359,1.36371,1.366054795,1.366761492,1.367307526,1.367594655,1.367405447,1.36688,3,1,1.35261,167,1.37589,201,1.36371,18,1.31877,Buy,150,201,Buy,win,0.011099999999999888,0.8206356599463176,Buywin
150,2021-02-08T05:00:00+07:00,1.3713,1.37412,1.3711,1.37326,1.366567385,1.36718432,1.367666469,1.367988031,1.368195885,1.361115899,3,2,1.36371,4,1.35661,13,1.37326,0,1.37412,Sell,151,13,Sell,loss,-0.009549999999999947,-0.7002955173753912,Sellloss
151,2021-03-06T01:00:00+07:00,1.38247,1.38539,1.38172,1.38308,1.392875364,1.393665535,1.394026383,1.393629336,1.391984207,1.396088457,3,1,1.37326,72,1.4241,119,1.38308,3,1.368,Buy,152,119,Buy,win,0.009820000000000162,0.7150867279320858,Buywin
152,2021-03-12T05:00:00+07:00,1.3989,1.40049,1.39789,1.39944,1.391701246,1.392018526,1.392043942,1.391809654,1.391745798,1.391318784,3,2,1.38308,0,1.37945,26,1.39944,0,1.40049,Sell,153,26,Sell,loss,-0.01635999999999993,-1.1828672238771387,Sellloss
153,2021-03-22T20:00:00+07:00,1.38454,1.38656,1.38211,1.38585,1.390646601,1.390591799,1.390346666,1.389938517,1.389351596,1.39059306,3,1,1.39944,0,1.40049,40,1.38585,15,1.38087,Buy,154,40,Buy,loss,-0.013589999999999991,-0.9711027268050071,Buyloss
154,2021-04-03T00:00:00+07:00,1.38197,1.38363,1.38079,1.38177,1.381555597,1.380840133,1.380104413,1.379544126,1.379573586,1.379004605,3,2,1.38585,17,1.36701,56,1.38177,0,1.38768,Sell,155,56,Sell,win,0.0040800000000000836,0.29440415629397726,Sellwin
155,2021-04-08T20:00:00+07:00,1.37674,1.377,1.37225,1.37402,1.381346172,1.380861956,1.380407746,1.380035126,1.379599751,1.37825,3,1,1.38177,9,1.39188,23,1.37402,21,1.37182,Buy,156,23,Buy,loss,-0.007749999999999924,-0.5608748199772701,Buyloss
156,2021-04-19T16:00:00+07:00,1.38767,1.39691,1.38678,1.39636,1.379269957,1.379024326,1.378937853,1.379160122,1.380031604,1.375898811,3,2,1.37402,11,1.36686,42,1.39636,0,1.39691,Sell,157,42,Sell,loss,-0.022340000000000027,-1.6258860860831739,Sellloss
157,2021-06-15T00:00:00+07:00,1.41125,1.41152,1.41035,1.41037,1.413567543,1.413871499,1.413932938,1.41369709,1.413123767,1.415590516,3,1,1.39636,184,1.42504,242,1.41037,59,1.38009,Buy,158,242,Buy,win,0.014009999999999856,1.0033229253201077,Buywin
158,2021-07-13T08:00:00+07:00,1.38923,1.39049,1.38828,1.38929,1.386676954,1.385545578,1.384571997,1.38398513,1.384163017,1.382324558,3,2,1.41037,83,1.37312,123,1.38929,11,1.41328,Sell,159,123,Sell,win,0.021079999999999988,1.4946432496437096,Sellwin
159,2021-07-17T00:00:00+07:00,1.3778,1.37849,1.37555,1.37555,1.385204168,1.384342722,1.383642842,1.383179622,1.382881856,1.388974188,3,1,1.38929,0,1.39049,22,1.37555,0,1.37555,Buy,160,22,Buy,loss,-0.013739999999999863,-0.9889943784235016,Buyloss
160,2021-07-27T20:00:00+07:00,1.38234,1.38924,1.38039,1.38845,1.378614283,1.377777346,1.377125507,1.376819827,1.377284615,1.37458188,3,2,1.37555,12,1.35716,42,1.38845,0,1.38924,Sell,161,42,Sell,loss,-0.012899999999999912,-0.9378066955036103,Sellloss
161,2021-08-10T08:00:00+07:00,1.38506,1.38516,1.3836,1.38445,1.386637081,1.387062878,1.387627308,1.388176604,1.388286612,1.39088609,3,1,1.38845,17,1.39833,57,1.38445,0,1.38039,Buy,162,57,Buy,loss,-0.0040000000000000036,-0.2880910367676188,Buyloss
162,2021-08-31T08:00:00+07:00,1.37626,1.37821,1.37577,1.37793,1.375702196,1.375006701,1.374320898,1.373805337,1.373848815,1.36964081,3,2,1.38445,52,1.36021,91,1.37793,11,1.38878,Sell,163,91,Sell,win,0.006519999999999859,0.47094514066956983,Sellwin
163,2021-09-17T20:00:00+07:00,1.37975,1.38055,1.37408,1.37469,1.380631842,1.380860397,1.381128352,1.381337431,1.381227186,1.382186087,3,1,1.37793,63,1.39131,81,1.37469,39,1.37263,Buy,164,81,Buy,loss,-0.0032400000000001317,-0.23513531166315643,Buyloss
164,2021-10-11T16:00:00+07:00,1.36473,1.36478,1.3611,1.36201,1.362276827,1.36135835,1.360564956,1.360126298,1.360439647,1.359476909,3,2,1.37469,49,1.34116,96,1.36201,0,1.38073,Sell,165,96,Sell,win,0.012680000000000025,0.9223897751493082,Sellwin
165,2021-10-13T04:00:00+07:00,1.35843,1.35971,1.35757,1.35964,1.361781779,1.360970921,1.36029874,1.359929673,1.360022068,1.363619438,3,1,1.36201,1,1.36509,9,1.35964,5,1.35683,Buy,166,9,Buy,loss,-0.0023699999999999832,-0.1740075329843381,Buyloss
166,2021-10-15T00:00:00+07:00,1.36851,1.36875,1.36675,1.36709,1.362728058,1.362296522,1.362123875,1.362409467,1.363405992,1.365271238,3,2,1.35964,1,1.35757,12,1.36709,10,1.37343,Sell,167,12,Sell,loss,-0.007449999999999957,-0.547939160365976,Sellloss
167,2021-11-02T00:00:00+07:00,1.36602,1.36644,1.36529,1.36544,1.372447693,1.37287611,1.373249534,1.373322021,1.372604723,1.376598356,3,1,1.36709,24,1.38344,72,1.36544,70,1.36417,Buy,168,72,Buy,loss,-0.0016499999999999293,-0.12069432151503774,Buyloss
168,2021-12-17T17:00:00+07:00,1.33178,1.33178,1.32804,1.32899,1.328597011,1.327635554,1.326931903,1.32666229,1.327153355,1.321761381,3,2,1.36544,161,1.31601,203,1.32899,14,1.36981,Sell,169,203,Sell,win,0.03645000000000009,2.6694691820951557,Sellwin
169,2021-12-21T09:00:00+07:00,1.32115,1.32194,1.32075,1.32171,1.327295765,1.326328852,1.325543175,1.324989306,1.324614829,1.3314099,3,1,1.32899,0,1.33178,10,1.32171,5,1.31732,Buy,170,10,Buy,loss,-0.007279999999999953,-0.5477844077081057,Buyloss
170,2021-12-23T17:00:00+07:00,1.34037,1.34357,1.34001,1.34148,1.328465992,1.328024392,1.327920548,1.328312986,1.329491844,1.326542425,3,2,1.32171,0,1.3197,15,1.34148,0,1.34357,Sell,171,15,Sell,loss,-0.019770000000000065,-1.4957895453616956,Sellloss
171,2022-01-24T05:00:00+07:00,1.35429,1.35605,1.35429,1.35605,1.358295669,1.35950301,1.36052018,1.361077029,1.360744222,1.362332401,3,1,1.34148,90,1.37488,129,1.35605,8,1.33806,Buy,172,129,Buy,win,0.014569999999999972,1.0861138444106488,Buywin
172,2022-02-03T01:00:00+07:00,1.35775,1.35866,1.35682,1.35757,1.351147396,1.350836966,1.350261834,1.349540336,1.349272178,1.352191523,3,2,1.35605,22,1.33577,48,1.35757,46,1.35875,Sell,173,48,Sell,loss,-0.0015199999999999658,-0.11209026215847247,Sellloss
