,time,open,high,low,close,EMA90,EMA75,EMA60,EMA,EMA30,ParabolicSAR,loop,step,open_price,Max_bar,Max_TP,Long_ba,close_price,DD_bar,DD_point,status,Index,TotalDD_bar,side,result,profit,prob,results
0,2015-01-29T14:00:00Z,32.727,32.78,32.712,32.77,32.6960387,32.66882189,32.64092322,32.62146541,32.61276855,32.55801647,3,2,32.605,19,32.4975,29,32.77,0,32.78,Sell,1,29,Sell,loss,-0.165,-0.506057353,Sellloss
1,2015-02-02T18:00:00Z,32.5865,32.5865,32.5705,32.575,32.68717849,32.66612786,32.646921,32.63628903,32.63424933,32.73473805,3,1,32.77,1,32.799,13,32.575,9,32.534,Buy,2,13,Buy,loss,-0.195,-0.595056454,Buyloss
2,2015-02-11T02:00:00Z,32.633,32.645,32.6245,32.634,32.64393372,32.63155052,32.62226392,32.61794156,32.61743837,32.58135742,3,2,32.575,2,32.48,39,32.634,25,32.659,Sell,3,39,Sell,loss,-0.059,-0.181120491,Sellloss
3,2015-02-13T06:00:00Z,32.5895,32.62,32.5895,32.6145,32.64375499,32.63488034,32.62936366,32.62835294,32.63053889,32.7054331,3,1,32.634,7,32.7315,13,32.6145,12,32.5805,Buy,4,13,Buy,loss,-0.0195,-0.059753631,Buyloss
4,2015-03-05T18:00:00Z,32.452,32.452,32.4245,32.425,32.47274623,32.45607204,32.43822688,32.41943011,32.4029301,32.38549071,3,2,32.6145,56,32.296,88,32.425,2,32.634,Sell,5,88,Sell,win,0.1895,0.58102991,Sellwin
5,2015-03-19T09:00:00Z,32.75,32.7695,32.7305,32.7645,32.71753241,32.73937244,32.76725633,32.80005502,32.82948351,32.90803416,3,1,32.425,35,32.952,58,32.7645,2,32.404,Buy,6,58,Buy,win,0.3395,1.047031611,Buywin
6,2015-04-07T17:00:00Z,32.5955,32.607,32.564,32.567,32.54837023,32.5376918,32.52435148,32.50924373,32.4970729,32.43365148,3,2,32.7645,70,32.382,81,32.567,2,32.7875,Sell,7,81,Sell,win,0.1975,0.602786553,Sellwin
7,2015-04-14T13:00:00Z,32.443,32.5105,32.4305,32.481,32.5459167,32.54030123,32.53498198,32.53132312,32.53032648,32.58685657,3,1,32.567,21,32.629,29,32.481,0,32.4305,Buy,8,29,Buy,loss,-0.086,-0.264070992,Buyloss
8,2015-04-23T17:00:00Z,32.445,32.4515,32.4295,32.434,32.45571752,32.44399184,32.43142354,32.41862526,32.40770227,32.36450736,3,2,32.481,35,32.343,44,32.434,3,32.517,Sell,9,44,Sell,win,0.047,0.144699978,Sellwin
9,2015-05-18T17:00:00Z,33.4145,33.4465,33.4,33.4025,33.31216796,33.36819253,33.42451754,33.47268439,33.49495466,33.57362412,3,1,32.434,76,33.895,102,33.4025,1,32.4125,Buy,10,102,Buy,win,0.9685,2.986064007,Buywin
10,2015-05-20T05:00:00Z,33.598,33.6595,33.549,33.5815,33.34478715,33.39482288,33.44260873,33.48053732,33.4976033,33.32618707,3,2,33.4025,2,33.344,10,33.5815,0,33.6595,Sell,11,10,Sell,loss,-0.179,-0.535888032,Sellloss
11,2015-05-21T17:00:00Z,33.4065,33.413,33.402,33.4115,33.37038932,33.4141254,33.45338344,33.48113265,33.48907494,33.61596692,3,1,33.5815,0,33.6595,9,33.4115,7,33.393,Buy,12,9,Buy,loss,-0.17,-0.506231109,Buyloss
12,2015-05-25T13:00:00Z,33.5965,33.5965,33.5805,33.59,33.39593858,33.43319786,33.46479605,33.4856926,33.49352822,33.37741837,3,2,33.4115,5,33.3315,12,33.59,11,33.603,Sell,13,12,Sell,loss,-0.1785,-0.53424719,Sellloss
13,2015-06-10T01:00:00Z,33.695,33.7635,33.694,33.6975,33.66910229,33.69552477,33.71789467,33.73526569,33.74593943,33.88677661,3,1,33.59,54,33.943,69,33.6975,2,33.5805,Buy,14,69,Buy,win,0.1075,0.320035725,Buywin
14,2015-06-23T05:00:00Z,33.749,33.7555,33.725,33.744,33.67461074,33.68108169,33.68317001,33.68153252,33.67874043,33.61133845,3,2,33.6975,39,33.5855,56,33.744,35,33.796,Sell,15,56,Sell,loss,-0.0465,-0.137992433,Sellloss
15,2015-09-15T13:00:00Z,35.9395,35.9415,35.9195,35.921,35.89792332,35.93865981,35.97554901,36.00600059,36.02286939,36.04228,3,1,33.744,340,36.263,362,35.921,0,33.725,Buy,16,362,Buy,win,2.177,6.451517307,Buywin
16,2015-09-22T13:00:00Z,36.083,36.1345,36.0635,36.074,35.86397968,35.87826957,35.88388015,35.8792244,35.86731508,35.76327198,3,2,35.921,18,35.491,31,36.074,0,36.1345,Sell,17,31,Sell,loss,-0.153,-0.42593469,Sellloss
17,2015-10-06T13:00:00Z,36.326,36.326,36.257,36.258,36.22789725,36.26429857,36.30138778,36.33810053,36.36680899,36.49911501,3,1,36.074,45,36.6685,60,36.258,3,36.047,Buy,18,60,Buy,win,0.184,0.510062649,Buywin
18,2015-10-22T01:00:00Z,35.6275,35.642,35.577,35.625,35.64416046,35.60210122,35.55330044,35.50468967,35.47693318,35.38790557,3,2,36.258,43,35.1375,70,35.625,0,36.364,Sell,19,70,Sell,win,0.633,1.745821612,Sellwin
19,2015-10-26T21:00:00Z,35.473,35.5015,35.4515,35.4555,35.60384273,35.57045241,35.53637419,35.50876172,35.49858785,35.63365268,3,1,35.625,3,35.663,17,35.4555,6,35.357,Buy,20,17,Buy,loss,-0.1695,-0.475789474,Buyloss
20,2015-10-29T09:00:00Z,35.603,35.6895,35.589,35.6745,35.5870861,35.56227068,35.54055801,35.52850031,35.53365557,35.38292903,3,2,35.4555,11,35.39,16,35.6745,12,35.691,Sell,21,16,Sell,loss,-0.219,-0.617675678,Sellloss
21,2015-11-04T22:00:00Z,35.5305,35.5655,35.5205,35.5425,35.57887401,35.56500207,35.55546757,35.55232093,35.55297986,35.60269436,3,1,35.6745,2,35.7285,27,35.5425,24,35.4345,Buy,22,27,Buy,loss,-0.132,-0.370012194,Buyloss
22,2015-11-05T22:00:00Z,35.559,35.581,35.546,35.574,35.57782927,35.56581821,35.55820109,35.55659685,35.55881046,35.44882307,3,2,35.5425,2,35.4935,7,35.574,3,35.619,Sell,23,7,Sell,loss,-0.0315,-0.088626292,Sellloss
23,2015-11-19T22:00:00Z,35.804,35.847,35.762,35.7655,35.82109665,35.84027723,35.86365338,35.88821668,35.90500309,35.93625492,3,1,35.574,49,36.0785,60,35.7655,0,35.546,Buy,24,60,Buy,win,0.1915,0.538314499,Buywin
24,2015-11-27T18:00:00Z,35.8845,35.896,35.8605,35.8845,35.79785035,35.80297098,35.80599973,35.8044563,35.79853077,35.7291408,3,2,35.7655,3,35.62,36,35.8845,35,35.912,Sell,25,36,Sell,loss,-0.119,-0.332722875,Sellloss
25,2015-12-01T22:00:00Z,35.7515,35.776,35.735,35.751,35.80229895,35.80648282,35.80882237,35.80797659,35.80483555,35.85324595,3,1,35.8845,1,35.934,13,35.751,0,35.735,Buy,26,13,Buy,loss,-0.1335,-0.37202692,Buyloss
26,2015-12-02T22:00:00Z,35.8595,35.8995,35.8525,35.88,35.80786782,35.81248744,35.81580937,35.81730345,35.81930754,35.75843526,3,2,35.751,1,35.735,7,35.88,0,35.8995,Sell,27,7,Sell,loss,-0.129,-0.360829068,Sellloss
27,2015-12-15T22:00:00Z,35.966,36.0045,35.9165,35.9675,35.93485208,35.95116855,35.97007907,35.99223533,36.01622996,36.07126784,3,1,35.88,40,36.189,54,35.9675,11,35.745,Buy,28,54,Buy,win,0.0875,0.24386845,Buywin
28,2015-12-17T18:00:00Z,36.189,36.189,36.164,36.177,35.96235583,35.97949337,35.99889367,36.02085464,36.04463972,35.91546655,3,2,35.9675,6,35.878,12,36.177,11,36.2005,Sell,29,12,Sell,loss,-0.2095,-0.582470286,Sellloss
29,2015-12-23T10:00:00Z,36.0425,36.065,36.04,36.065,36.01770502,36.03498078,36.05302897,36.0706478,36.08419381,36.14705722,3,1,36.177,2,36.196,22,36.065,19,36.0335,Buy,30,22,Buy,loss,-0.112,-0.309588965,Buyloss
30,2015-12-28T22:00:00Z,36.0825,36.103,36.0675,36.0955,36.0368496,36.05161405,36.06589286,36.07821856,36.08608097,36.04793686,3,2,36.065,7,36.0325,16,36.0955,13,36.15,Sell,31,16,Sell,loss,-0.0305,-0.084569527,Sellloss
31,2015-12-30T14:00:00Z,36.0565,36.082,36.0425,36.0635,36.04370622,36.05614589,36.06721317,36.07521599,36.07751811,36.11277242,3,1,36.0955,1,36.139,10,36.0635,9,35.993,Buy,32,10,Buy,loss,-0.032,-0.08865371,Buyloss
32,2016-01-04T14:00:00Z,36.1665,36.2025,36.157,36.164,36.05909839,36.07089563,36.08159039,36.09050031,36.09813315,36.04998663,3,2,36.0635,0,35.993,13,36.164,0,36.2025,Sell,33,13,Sell,loss,-0.1005,-0.278675115,Sellloss
33,2016-01-21T18:00:00Z,36.207,36.244,36.1965,36.21,36.24301256,36.25645845,36.26819204,36.27639444,36.27718581,36.29875658,3,1,36.164,25,36.4215,79,36.21,4,36.0815,Buy,34,79,Buy,win,0.046,0.127198319,Buywin
34,2016-02-12T18:00:00Z,35.591,35.603,35.5685,35.5895,35.63791327,35.59433319,35.54638301,35.49713311,35.4546442,35.3105567,3,2,36.21,88,35.2255,97,35.5895,0,36.267,Sell,35,97,Sell,win,0.6205,1.713615023,Sellwin
35,2016-02-29T22:00:00Z,35.633,35.6555,35.6195,35.62,35.66958509,35.66515897,35.66562132,35.67060916,35.67493011,35.75297628,3,1,35.5895,31,35.7915,67,35.62,20,35.539,Buy,36,67,Buy,win,0.0305,0.085699434,Buywin
36,2016-03-23T17:00:00Z,35.257,35.2575,35.202,35.204,35.13931335,35.10070968,35.06135875,35.02570275,35.0070212,35.03764,3,2,35.62,80,34.7385,102,35.204,1,35.6555,Sell,37,102,Sell,win,0.416,1.167883212,Sellwin
37,2016-03-31T17:00:00Z,35.0965,35.1145,35.0875,35.0985,35.21545754,35.2084101,35.20826615,35.21688255,35.22977108,35.33028078,3,1,35.204,21,35.4335,36,35.0985,35,35.0795,Buy,38,36,Buy,loss,-0.1055,-0.299681854,Buyloss
38,2016-04-05T05:00:00Z,35.3575,35.3755,35.2815,35.295,35.21253759,35.20776287,35.20831351,35.21432475,35.22239288,35.14767148,3,2,35.0985,4,35.0715,16,35.295,15,35.399,Sell,39,16,Sell,loss,-0.1965,-0.559852985,Sellloss
39,2016-04-07T13:00:00Z,35.175,35.199,35.1655,35.1885,35.22093722,35.2188019,35.22089602,35.22629322,35.2308952,35.29255257,3,1,35.295,0,35.3755,14,35.1885,12,35.148,Buy,40,14,Buy,loss,-0.1065,-0.301742456,Buyloss
40,2016-04-22T01:00:00Z,35.0665,35.076,35.02,35.0465,35.06369377,35.04816654,35.03127459,35.0128389,34.99594893,34.91325201,3,2,35.1885,49,34.8145,64,35.0465,3,35.2245,Sell,41,64,Sell,win,0.142,0.40354093,Sellwin
41,2016-04-28T21:00:00Z,34.9955,35,34.9405,34.946,35.07743579,35.07163713,35.06787934,35.06712798,35.06947924,35.1066105,3,1,35.0465,13,35.224,29,34.946,0,34.9405,Buy,42,29,Buy,loss,-0.1005,-0.286761874,Buyloss
42,2016-05-04T13:00:00Z,35.103,35.155,35.0955,35.1325,35.0311647,35.02202575,35.01339047,35.00557667,35.00041881,34.95686075,3,2,34.946,14,34.827,23,35.1325,22,35.1825,Sell,43,23,Sell,loss,-0.1865,-0.533680536,Sellloss
43,2016-06-02T13:00:00Z,35.618,35.6415,35.6145,35.6305,35.59131771,35.61987652,35.64686974,35.66825335,35.67785253,35.71811763,3,1,35.1325,105,35.8045,126,35.6305,4,35.0725,Buy,44,126,Buy,win,0.498,1.417490927,Buywin
44,2016-06-24T13:00:00Z,35.3115,35.335,35.2675,35.288,35.28116301,35.26783497,35.25398712,35.24296174,35.23987194,35.1443968,3,2,35.6305,28,35.0875,97,35.288,6,35.649,Sell,45,97,Sell,win,0.3425,0.961255104,Sellwin
45,2016-06-29T01:00:00Z,35.2495,35.274,35.22,35.254,35.2872241,35.27905375,35.27242187,35.27028778,35.27514227,35.49120396,3,1,35.288,3,35.421,15,35.254,0,35.22,Buy,46,15,Buy,loss,-0.034,-0.096350034,Buyloss
46,2016-07-06T05:00:00Z,35.246,35.246,35.1725,35.224,35.20538188,35.19147333,35.176981,35.16247234,35.14921282,35.12384376,3,2,35.254,16,35.013,32,35.224,31,35.296,Sell,47,32,Sell,win,0.03,0.085096727,Sellwin
47,2016-07-11T17:00:00Z,35.152,35.167,35.1485,35.1615,35.19843841,35.1891724,35.18107531,35.17519206,35.17243087,35.29616967,3,1,35.224,13,35.3155,21,35.1615,17,35.0665,Buy,48,21,Buy,loss,-0.0625,-0.177435839,Buyloss
48,2016-07-25T21:00:00Z,35.0355,35.075,34.988,35.062,35.06967761,35.05488077,35.0395071,35.02397733,35.01053954,34.89371123,3,2,35.1615,52,34.879,62,35.062,6,35.237,Sell,49,62,Sell,win,0.0995,0.282979964,Sellwin
49,2016-07-27T21:00:00Z,34.9415,34.963,34.884,34.9085,35.04804302,35.03349837,35.01861148,35.00373335,34.98973824,35.04512595,3,1,35.062,0,35.075,12,34.9085,0,34.884,Buy,50,12,Buy,loss,-0.1535,-0.437795904,Buyloss
50,2016-08-03T21:00:00Z,35.0085,35.011,34.9275,34.95,34.94295657,34.92308261,34.90222966,34.88122685,34.86397682,34.83928354,3,2,34.9085,14,34.715,31,34.95,30,35.0185,Sell,51,31,Sell,loss,-0.0415,-0.118882221,Sellloss
51,2016-08-10T09:00:00Z,34.766,34.769,34.7355,34.7395,34.93098696,34.91900505,34.90867906,34.90093743,34.89509862,35.04825273,3,1,34.95,10,35.1105,27,34.7395,0,34.7355,Buy,52,27,Buy,loss,-0.2105,-0.602288984,Buyloss
52,2016-08-31T17:00:00Z,34.63,34.6345,34.623,34.6275,34.66146571,34.64431254,34.62859632,34.61576944,34.60840597,34.55416056,3,2,34.7395,74,34.513,93,34.6275,13,34.8445,Sell,53,93,Sell,win,0.112,0.322399574,Sellwin
53,2016-09-07T05:00:00Z,34.5735,34.654,34.565,34.6235,34.65804077,34.64937135,34.6439882,34.64313507,34.64723333,34.77661385,3,1,34.6275,20,34.8275,27,34.6235,25,34.5555,Buy,54,27,Buy,loss,-0.004,-0.011551513,Buyloss
54,2016-09-09T01:00:00Z,34.7885,34.801,34.7405,34.7485,34.66775742,34.66316869,34.66266613,34.66776119,34.680242,34.58657464,3,2,34.6235,1,34.565,12,34.7485,0,34.801,Sell,55,12,Sell,loss,-0.125,-0.36102647,Sellloss
55,2016-09-20T05:00:00Z,34.831,34.841,34.804,34.8065,34.79565057,34.80753737,34.82315206,34.8408942,34.85491595,34.94241903,3,1,34.7485,18,34.981,43,34.8065,0,34.7405,Buy,56,43,Buy,win,0.058,0.16691368,Buywin
56,2016-09-30T05:00:00Z,34.7045,34.726,34.6655,34.6655,34.69631522,34.68874431,34.67818514,34.66364395,34.64781643,34.61927951,3,2,34.8065,31,34.551,49,34.6655,0,34.851,Sell,57,49,Sell,win,0.141,0.405096749,Sellwin
57,2016-10-03T05:00:00Z,34.6405,34.642,34.6195,34.6395,34.6877128,34.67967412,34.66897942,34.6551618,34.64109747,34.707177,3,1,34.6655,0,34.726,6,34.6395,3,34.5825,Buy,58,6,Buy,loss,-0.026,-0.075002524,Buyloss
58,2016-10-04T17:00:00Z,34.785,34.7985,34.7815,34.7925,34.69061134,34.68492003,34.67834072,34.67208773,34.67188376,34.60443714,3,2,34.6395,0,34.591,10,34.7925,0,34.7985,Sell,59,10,Sell,loss,-0.153,-0.441692288,Sellloss
59,2016-10-19T01:00:00Z,34.931,34.9615,34.8295,34.926,35.08069958,35.11444553,35.15105348,35.18476412,35.19524769,35.40743393,3,1,34.7925,33,35.9015,62,34.926,2,34.762,Buy,60,62,Buy,win,0.1335,0.383703384,Buywin
60,2016-10-21T17:00:00Z,35.1365,35.141,35.107,35.141,35.06099279,35.0805748,35.09690118,35.10357012,35.09040111,34.85620535,3,2,34.926,1,34.8295,17,35.141,13,35.1735,Sell,61,17,Sell,loss,-0.215,-0.615587242,Sellloss
61,2016-10-26T01:00:00Z,34.893,35.0395,34.886,35.018,35.04145841,35.05151403,35.05567818,35.04854576,35.02444873,35.12063036,3,1,35.141,1,35.141,14,35.018,13,34.874,Buy,62,14,Buy,loss,-0.123,-0.350018497,Buyloss
62,2016-10-27T13:00:00Z,35.078,35.1235,35.076,35.0955,35.04405173,35.05252125,35.05600408,35.05169406,35.04065974,34.91459387,3,2,35.018,0,34.874,10,35.0955,8,35.124,Sell,63,10,Sell,loss,-0.0775,-0.221314752,Sellloss
63,2016-10-31T09:00:00Z,35.006,35.0075,34.9895,35.0015,35.04628601,35.05282395,35.05500579,35.0514891,35.04449578,35.12146097,3,1,35.0955,3,35.1525,11,35.0015,10,34.9675,Buy,64,11,Buy,loss,-0.094,-0.267840606,Buyloss
64,2016-11-10T06:00:00Z,35.069,35.121,35.0535,35.1125,35.00917365,35.00731872,35.00311797,34.99785485,34.99532775,34.89658939,3,2,35.0015,42,34.8575,48,35.1125,0,35.121,Sell,65,48,Sell,loss,-0.111,-0.317129266,Sellloss
65,2016-12-06T18:00:00Z,35.6225,35.635,35.62,35.6225,35.55558023,35.58162407,35.60555433,35.62436328,35.63386056,35.67794012,3,1,35.1125,89,35.7535,111,35.6225,0,35.0535,Buy,66,111,Buy,win,0.51,1.45247419,Buywin
66,2016-12-09T14:00:00Z,35.6675,35.7015,35.6555,35.6935,35.58231746,35.60320203,35.62098498,35.6336731,35.64032994,35.59764342,3,2,35.6225,11,35.589,18,35.6935,0,35.7015,Sell,67,18,Sell,loss,-0.071,-0.199312232,Sellloss
67,2016-12-13T06:00:00Z,35.587,35.603,35.571,35.5845,35.59049533,35.60782211,35.62136157,35.62922369,35.63005364,35.66933394,3,1,35.6935,2,35.703,10,35.5845,9,35.5595,Buy,68,10,Buy,loss,-0.109,-0.30537773,Buyloss
68,2016-12-15T10:00:00Z,35.776,35.814,35.76,35.7775,35.6039117,35.61875699,35.6303521,35.63830491,35.64506572,35.58993732,3,2,35.5845,6,35.543,14,35.7775,0,35.814,Sell,69,14,Sell,loss,-0.193,-0.542370976,Sellloss
69,2016-12-29T22:00:00Z,35.897,35.904,35.8245,35.8365,35.86404356,35.89139191,35.91881931,35.94475492,35.96290791,36.02231148,3,1,35.7775,21,36.0795,57,35.8365,6,35.7565,Buy,70,57,Buy,win,0.059,0.164908113,Buywin
70,2017-02-12T22:00:00Z,35.087,35.108,35.07,35.1005,35.15273358,35.12476124,35.09797532,35.07465199,35.05883525,34.94704452,3,2,35.8365,175,34.927,181,35.1005,11,36.007,Sell,71,181,Sell,win,0.736,2.053771992,Sellwin
71,2017-02-14T18:00:00Z,35.0375,35.042,35.004,35.0245,35.12821253,35.10303392,35.07979676,35.06042382,35.04702036,35.09440611,3,1,35.1005,4,35.116,11,35.0245,8,34.948,Buy,72,11,Buy,loss,-0.076,-0.216521132,Buyloss
72,2017-02-21T14:00:00Z,35.0545,35.059,35.0345,35.0355,35.07671034,35.05839158,35.04315911,35.03231048,35.02703691,34.97318095,3,2,35.0245,16,34.966,30,35.0355,0,35.084,Sell,73,30,Sell,loss,-0.011,-0.031406587,Sellloss
73,2017-02-23T10:00:00Z,34.983,34.99,34.964,34.9705,35.06096306,35.04453019,35.03099309,35.02095767,35.01392083,35.04471267,3,1,35.0355,0,35.059,11,34.9705,0,34.964,Buy,74,11,Buy,loss,-0.065,-0.185526109,Buyloss
74,2017-03-01T14:00:00Z,35.0165,35.021,34.966,34.9705,34.9989171,34.98202308,34.96662141,34.95263128,34.9406197,34.90776001,3,2,34.9705,14,34.83,26,34.9705,0,35.021,Sell,75,26,Sell,win,0,0,Sellwin
75,2017-03-16T05:00:00Z,35.075,35.078,34.976,35.0565,35.1672051,35.18035662,35.19747557,35.2159343,35.22585018,35.21906,3,1,34.9705,38,35.426,64,35.0565,1,34.9605,Buy,76,64,Buy,win,0.086,0.245921562,Buywin
76,2017-04-05T09:00:00Z,34.554,34.554,34.516,34.532,34.59494657,34.5557503,34.51450454,34.47565377,34.45029938,34.37103177,3,2,35.0565,72,34.244,86,34.532,0,35.114,Sell,77,86,Sell,win,0.5245,1.496156205,Sellwin
77,2017-04-12T05:00:00Z,34.526,34.532,34.49,34.503,34.5930894,34.57438744,34.560843,34.55658367,34.56392545,34.60611598,3,1,34.532,7,34.692,29,34.503,0,34.49,Buy,78,29,Buy,loss,-0.029,-0.083980076,Buyloss
78,2017-04-26T01:00:00Z,34.4295,34.442,34.406,34.415,34.43202755,34.41546679,34.40174088,34.39199609,34.38858819,34.31336385,3,2,34.503,18,34.2415,60,34.415,0,34.542,Sell,79,60,Sell,win,0.088,0.255050285,Sellwin
79,2017-05-03T05:00:00Z,34.4405,34.486,34.432,34.4865,34.48804331,34.48767121,34.49251392,34.50298692,34.51652423,34.55638591,3,1,34.415,12,34.664,31,34.4865,0,34.406,Buy,80,31,Buy,win,0.0715,0.207758245,Buywin
80,2017-05-04T05:00:00Z,34.574,34.628,34.574,34.61,34.49726888,34.49869178,34.50521681,34.51708822,34.53234157,34.44965744,3,2,34.4865,0,34.417,7,34.61,0,34.628,Sell,81,7,Sell,loss,-0.1235,-0.358111145,Sellloss
81,2017-05-15T01:00:00Z,34.638,34.64,34.576,34.611,34.62174105,34.63647905,34.65513011,34.67607783,34.69425221,34.74796229,3,1,34.61,29,34.8165,41,34.611,5,34.542,Buy,82,41,Buy,win,0.001,0.002889338,Buywin
82,2017-06-29T21:00:00Z,33.9995,34.0065,33.988,33.994,33.99939045,33.98813756,33.98000869,33.97568129,33.97530151,33.89186704,3,2,34.611,136,33.8235,204,33.994,0,34.674,Sell,83,204,Sell,win,0.617,1.782670249,Sellwin
83,2017-07-12T13:00:00Z,33.958,33.988,33.943,33.963,34.03511032,34.03684155,34.04175753,34.04917098,34.05578013,34.09568412,3,1,33.994,39,34.149,52,33.963,5,33.9145,Buy,84,52,Buy,loss,-0.031,-0.091192563,Buyloss
84,2017-08-15T21:00:00Z,33.291,33.302,33.274,33.299,33.33244132,33.30760819,33.28636971,33.27115722,33.26440469,33.24290731,3,2,33.963,124,33.197,147,33.299,0,34.037,Sell,85,147,Sell,win,0.664,1.955068751,Sellwin
85,2017-08-17T09:00:00Z,33.2475,33.266,33.246,33.2575,33.321024,33.29942372,33.28185337,33.27026112,33.26577811,33.29942629,3,1,33.299,1,33.319,9,33.2575,7,33.234,Buy,86,9,Buy,loss,-0.0415,-0.124628367,Buyloss
86,2017-08-23T17:00:00Z,33.3695,33.3695,33.3335,33.3365,33.29500899,33.28120009,33.27200969,33.26876912,33.2730812,33.24502193,3,2,33.2575,12,33.177,27,33.3365,24,33.38,Sell,87,27,Sell,loss,-0.079,-0.237540404,Sellloss
87,2017-08-28T05:00:00Z,33.2225,33.224,33.2015,33.2115,33.29599176,33.28659345,33.2815196,33.28098118,33.28328465,33.34042423,3,1,33.3365,0,33.3695,15,33.2115,0,33.2015,Buy,88,15,Buy,loss,-0.125,-0.374964378,Buyloss
88,2017-09-21T09:00:00Z,33.13,33.136,33.12,33.1325,33.12708952,33.11734635,33.10853383,33.10110332,33.09646821,33.0736612,3,2,33.2115,51,33.038,110,33.1325,13,33.257,Sell,89,110,Sell,win,0.079,0.237869413,Sellwin
89,2017-09-25T01:00:00Z,33.0855,33.104,33.074,33.0915,33.12088587,33.11231206,33.10488541,33.09904699,33.09565667,33.13105587,3,1,33.1325,0,33.136,10,33.0915,7,33.071,Buy,90,10,Buy,loss,-0.041,-0.123745567,Buyloss
90,2017-09-26T13:00:00Z,33.203,33.238,33.1935,33.227,33.12481187,33.11887482,33.11498689,33.11425739,33.1192059,33.09111268,3,2,33.0915,0,33.072,10,33.227,0,33.238,Sell,91,10,Sell,loss,-0.1355,-0.40947071,Sellloss
91,2017-10-10T17:00:00Z,33.2325,33.239,33.2235,33.2365,33.30273849,33.31589182,33.33060646,33.34420011,33.34939061,33.40500962,3,1,33.227,27,33.544,61,33.2365,0,33.1935,Buy,92,61,Buy,win,0.0095,0.028591206,Buywin
92,2017-10-23T01:00:00Z,33.2005,33.208,33.1775,33.1795,33.18611573,33.17892973,33.16917799,33.15740947,33.14889337,33.1214276,3,2,33.2365,23,33.049,51,33.1795,0,33.262,Sell,93,51,Sell,win,0.057,0.171498202,Sellwin
93,2017-11-01T17:00:00Z,33.1255,33.1525,33.118,33.145,33.19945932,33.19868918,33.19853768,33.19948687,33.20015153,33.1993384,3,1,33.1795,23,33.349,46,33.145,43,33.09,Buy,94,46,Buy,loss,-0.0345,-0.103979867,Buyloss
94,2017-12-18T18:00:00Z,32.6455,32.6505,32.64,32.643,32.62316535,32.60579607,32.59084866,32.57930075,32.57218458,32.52159519,3,2,33.145,183,32.446,199,32.643,14,33.1945,Sell,95,199,Sell,win,0.502,1.514557248,Sellwin
95,2017-12-28T18:00:00Z,32.6115,32.7155,32.6115,32.688,32.69085752,32.69229863,32.69814519,32.70788777,32.7172929,32.81932754,3,1,32.643,2,32.894,42,32.688,39,32.606,Buy,96,42,Buy,win,0.045,0.137854977,Buywin
96,2018-02-05T14:00:00Z,31.526,31.548,31.521,31.5315,31.61377107,31.56169119,31.51075665,31.46562131,31.43681808,31.40784098,3,2,32.688,118,31.291,156,31.5315,2,32.716,Sell,97,156,Sell,win,1.1565,3.537995595,Sellwin
97,2018-02-13T14:00:00Z,31.5065,31.52,31.477,31.479,31.6336954,31.61575606,31.60668475,31.60892072,31.61889361,31.74432508,3,1,31.5315,19,31.926,36,31.479,3,31.318,Buy,98,36,Buy,loss,-0.0525,-0.166500167,Buyloss
98,2018-02-20T14:00:00Z,31.5145,31.524,31.462,31.513,31.50413087,31.47973883,31.45764754,31.43658292,31.41580016,31.38753008,3,2,31.479,16,31.188,31,31.513,6,31.552,Sell,99,31,Sell,loss,-0.034,-0.108008514,Sellloss
99,2018-02-23T18:00:00Z,31.408,31.419,31.394,31.402,31.50066192,31.48507099,31.47366032,31.46672324,31.46525732,31.58610366,3,1,31.513,9,31.636,19,31.402,0,31.394,Buy,100,19,Buy,loss,-0.111,-0.352235585,Buyloss
100,2018-02-28T22:00:00Z,31.4865,31.557,31.466,31.5555,31.46615019,31.45205735,31.44114718,31.43339331,31.42989121,31.35156736,3,2,31.402,8,31.242,20,31.5555,0,31.557,Sell,101,20,Sell,loss,-0.1535,-0.488822368,Sellloss
101,2018-03-05T06:00:00Z,31.431,31.454,31.412,31.443,31.46894985,31.45948089,31.45369117,31.45172989,31.45389727,31.55496179,3,1,31.5555,3,31.59,14,31.443,12,31.39,Buy,102,14,Buy,loss,-0.1125,-0.356514712,Buyloss
102,2018-03-22T21:00:00Z,31.301,31.301,31.246,31.255,31.27229052,31.2566825,31.24177423,31.2288028,31.22181184,31.17123723,3,2,31.443,44,31.088,83,31.255,1,31.454,Sell,103,83,Sell,win,0.188,0.597907324,Sellwin
103,2018-03-26T01:00:00Z,31.1675,31.19,31.1615,31.163,31.26105355,31.24601964,31.23177476,31.21927475,31.21071724,31.29798329,3,1,31.255,0,31.301,7,31.163,0,31.1615,Buy,104,7,Buy,loss,-0.092,-0.294352904,Buyloss
104,2018-03-28T09:00:00Z,31.2295,31.2685,31.229,31.2665,31.24040449,31.22685315,31.21452834,31.2044351,31.19856015,31.13087771,3,2,31.163,7,31.115,15,31.2665,0,31.2685,Sell,105,15,Sell,loss,-0.1035,-0.332124635,Sellloss
105,2018-03-30T17:00:00Z,31.1885,31.189,31.169,31.169,31.2377402,31.22778833,31.21991655,31.21512761,31.21436682,31.2704847,3,1,31.2665,2,31.3015,14,31.169,0,31.169,Buy,106,14,Buy,loss,-0.0975,-0.311835351,Buyloss
106,2018-04-05T09:00:00Z,31.2335,31.274,31.206,31.2575,31.22695034,31.22004149,31.21532123,31.2133613,31.21460597,31.179,3,2,31.169,3,31.152,23,31.2575,0,31.274,Sell,107,23,Sell,loss,-0.0885,-0.283935962,Sellloss
107,2018-04-10T21:00:00Z,31.196,31.218,31.184,31.193,31.23407993,31.23092406,31.22998007,31.23121465,31.23331454,31.26285028,3,1,31.2575,11,31.3,21,31.193,20,31.182,Buy,108,21,Buy,loss,-0.0645,-0.206350476,Buyloss
108,2018-04-16T17:00:00Z,31.201,31.208,31.182,31.208,31.21312151,31.20858965,31.20480187,31.20111191,31.19668564,31.15729834,3,2,31.193,5,31.108,24,31.208,13,31.2525,Sell,109,24,Sell,loss,-0.015,-0.048087712,Sellloss
109,2018-05-14T13:00:00Z,31.841,31.854,31.812,31.852,31.74133933,31.7798946,31.8213191,31.86266428,31.89547172,31.87048,3,1,31.208,103,32.226,119,31.852,2,31.162,Buy,110,119,Buy,win,0.644,2.063573443,Buywin
110,2018-05-15T17:00:00Z,32.103,32.177,32.103,32.126,31.77842395,31.8172969,31.85865483,31.90010107,31.93691746,31.85657778,3,2,31.852,0,31.799,8,32.126,0,32.177,Sell,111,8,Sell,loss,-0.274,-0.860228557,Sellloss
111,2018-05-22T21:00:00Z,31.999,32.048,31.999,32.042,31.94251495,31.98075407,32.01901319,32.05466286,32.08287039,32.20177382,3,1,32.126,21,32.278,31,32.042,8,31.96,Buy,112,31,Buy,loss,-0.084,-0.26147046,Buyloss
112,2018-05-24T01:00:00Z,32.09,32.157,32.082,32.13,31.96738743,32.00364725,32.03903957,32.07087851,32.0950149,31.9699344,3,2,32.042,3,31.944,8,32.13,5,32.169,Sell,113,8,Sell,loss,-0.088,-0.274639536,Sellloss
113,2018-05-25T09:00:00Z,31.904,31.956,31.886,31.906,31.97148731,32.00142719,32.02788502,32.04673852,32.05070164,32.14745924,3,1,32.13,0,32.157,8,31.906,0,31.886,Buy,114,8,Buy,loss,-0.224,-0.697167756,Buyloss
114,2018-05-29T13:00:00Z,32.084,32.122,32.073,32.096,31.98147264,32.00465482,32.02306554,32.03371281,32.03449162,31.92564093,3,2,31.906,5,31.862,14,32.096,12,32.14,Sell,115,14,Sell,loss,-0.19,-0.595499279,Sellloss
115,2018-05-31T05:00:00Z,32.01,32.014,31.971,31.986,31.9955367,32.01562069,32.03089302,32.03930853,32.04037506,32.14462906,3,1,32.096,3,32.178,10,31.986,0,31.971,Buy,116,10,Buy,loss,-0.11,-0.342721834,Buyloss
116,2018-06-08T05:00:00Z,32.043,32.096,32.038,32.082,31.98568336,31.99162739,31.99222608,31.98723839,31.97894704,31.90818792,3,2,31.986,25,31.858,37,32.082,6,32.127,Sell,117,37,Sell,loss,-0.096,-0.300131307,Sellloss
117,2018-07-25T21:00:00Z,33.22,33.247,33.188,33.188,33.26347708,33.29328383,33.31796351,33.33575641,33.3426898,33.3786454,3,1,32.082,179,33.526,202,33.188,5,32.016,Buy,118,202,Buy,win,1.106,3.447415997,Buywin
118,2018-07-27T01:00:00Z,33.484,33.488,33.401,33.411,33.27875937,33.30637758,33.32902287,33.34561741,33.35498596,33.19207079,3,2,33.188,2,33.134,8,33.411,7,33.492,Sell,119,8,Sell,loss,-0.223,-0.671929613,Sellloss
119,2018-07-30T13:00:00Z,33.3,33.304,33.268,33.295,33.3200941,33.3488657,33.37425796,33.39659298,33.41743435,34.4687968,3,1,33.411,5,34.652,9,33.295,0,33.268,Buy,120,9,Buy,loss,-0.116,-0.347191045,Buyloss
120,2018-08-07T01:00:00Z,33.35,33.355,33.313,33.324,33.2905276,33.29968555,33.30290564,33.3003458,33.29504305,33.20660646,3,2,33.295,12,33.113,34,33.324,3,33.392,Sell,121,34,Sell,loss,-0.029,-0.087100165,Sellloss
121,2018-08-08T01:00:00Z,33.222,33.256,33.186,33.202,33.28156266,33.2877038,33.28761636,33.28116721,33.26968041,33.35133418,3,1,33.324,0,33.355,6,33.202,5,33.18,Buy,122,6,Buy,loss,-0.122,-0.366102509,Buyloss
122,2018-08-12T21:00:00Z,33.321,33.354,33.276,33.339,33.26832451,33.27042883,33.26769442,33.26129876,33.25504629,33.15591493,3,2,33.202,7,33.138,18,33.339,0,33.354,Sell,123,18,Sell,loss,-0.137,-0.412625745,Sellloss
123,2018-08-16T17:00:00Z,33.187,33.206,33.166,33.174,33.28403343,33.28691009,33.28743681,33.28705185,33.28670129,33.33017518,3,1,33.339,3,33.424,23,33.174,22,33.154,Buy,124,23,Buy,loss,-0.165,-0.494915864,Buyloss
124,2018-09-05T01:00:00Z,32.816,32.838,32.757,32.811,32.83552265,32.80657243,32.77832588,32.756435,32.75106518,32.70707015,3,2,33.174,44,32.492,81,32.811,5,33.266,Sell,125,81,Sell,win,0.363,1.094230421,Sellwin
125,2018-09-13T05:00:00Z,32.643,32.686,32.638,32.639,32.80634981,32.79115628,32.77927171,32.77184734,32.76532874,32.74988463,3,1,32.811,19,32.888,37,32.639,36,32.538,Buy,126,37,Buy,loss,-0.172,-0.52421444,Buyloss
126,2018-10-04T01:00:00Z,32.598,32.69,32.562,32.685,32.47239291,32.44979567,32.42925773,32.41358119,32.41019046,32.38440614,3,2,32.639,72,32.2,90,32.685,11,32.722,Sell,127,90,Sell,loss,-0.046,-0.14093569,Sellloss
127,2018-10-12T01:00:00Z,32.656,32.734,32.652,32.682,32.6830262,32.69942417,32.72542506,32.76200126,32.80236777,32.98163034,3,1,32.685,21,33.104,36,32.682,0,32.562,Buy,128,36,Buy,loss,-0.003,-0.009178522,Buyloss
128,2018-10-22T17:00:00Z,32.792,32.838,32.79,32.803,32.65223222,32.65474955,32.65698257,32.65665049,32.65411469,32.64632,3,2,32.682,22,32.424,41,32.803,0,32.838,Sell,129,41,Sell,loss,-0.121,-0.37023438,Sellloss
129,2018-11-01T17:00:00Z,32.884,32.906,32.869,32.904,32.92324441,32.95395534,32.98976411,33.02956931,33.06588795,33.12774139,3,1,32.803,32,33.326,48,32.904,8,32.754,Buy,130,48,Buy,win,0.101,0.307898668,Buywin
130,2018-11-09T06:00:00Z,33.032,33.056,32.994,33.019,32.92074865,32.93357105,32.94334966,32.94688938,32.941847,32.82608682,3,2,32.904,23,32.774,34,33.019,33,33.063,Sell,131,34,Sell,loss,-0.115,-0.34950158,Sellloss
131,2018-11-14T02:00:00Z,32.911,32.942,32.84,32.882,32.95563753,32.96884865,32.98014199,32.98835087,32.99365885,33.1334012,3,1,33.019,6,33.166,17,32.882,0,32.84,Buy,132,17,Buy,loss,-0.137,-0.414912626,Buyloss
132,2018-11-23T02:00:00Z,32.99,33,32.973,32.986,32.95404769,32.95850877,32.96064616,32.96067342,32.96054276,32.86004605,3,2,32.882,17,32.809,43,32.986,13,33.156,Sell,133,43,Sell,loss,-0.104,-0.316282465,Sellloss
133,2018-11-29T06:00:00Z,32.912,32.963,32.905,32.956,32.97675448,32.98161032,32.98514693,32.9874769,32.98767293,33.04797071,3,1,32.986,4,33.081,25,32.956,23,32.875,Buy,134,25,Buy,loss,-0.03,-0.090947675,Buyloss
134,2019-02-08T18:00:00Z,31.519,31.52,31.458,31.474,31.47582338,31.43244152,31.39246253,31.35958368,31.34289508,31.27940802,3,2,32.956,258,31.18,298,31.474,10,32.971,Sell,135,298,Sell,win,1.482,4.496904964,Sellwin
135,2019-02-12T18:00:00Z,31.286,31.323,31.265,31.304,31.45133281,31.4154724,31.38485787,31.36289115,31.35448481,31.54318602,3,1,31.474,0,31.52,12,31.304,0,31.265,Buy,136,12,Buy,loss,-0.17,-0.54012836,Buyloss
136,2019-02-22T14:00:00Z,31.325,31.35,31.31,31.314,31.30886859,31.28282672,31.26045537,31.24213368,31.2293662,31.18753519,3,2,31.304,36,31.064,48,31.314,8,31.444,Sell,137,48,Sell,loss,-0.01,-0.031944799,Sellloss
137,2019-03-12T05:00:00Z,31.703,31.714,31.652,31.653,31.61635206,31.64146245,31.67316881,31.70765178,31.73277918,31.76631634,3,1,31.314,52,31.971,70,31.653,8,31.254,Buy,138,70,Buy,win,0.339,1.08258287,Buywin
138,2019-03-14T17:00:00Z,31.782,31.788,31.77,31.776,31.63383068,31.65379106,31.67591351,31.69533094,31.70374052,31.6224233,3,2,31.653,11,31.589,16,31.776,15,31.799,Sell,139,16,Sell,loss,-0.123,-0.388588759,Sellloss
139,2019-03-18T05:00:00Z,31.655,31.688,31.638,31.682,31.64446253,31.66198312,31.68001534,31.69390564,31.69735307,31.77124554,3,1,31.776,0,31.788,9,31.682,8,31.631,Buy,140,9,Buy,loss,-0.094,-0.295820745,Buyloss
140,2019-03-20T13:00:00Z,31.735,31.764,31.726,31.75,31.65942976,31.67410357,31.68804769,31.69797342,31.70199088,31.65459855,3,2,31.682,0,31.631,15,31.75,13,31.796,Sell,141,15,Sell,loss,-0.068,-0.214632915,Sellloss
141,2019-03-25T17:00:00Z,31.547,31.56,31.541,31.541,31.66158423,31.67034946,31.67633422,31.67652569,31.66796922,31.74145504,3,1,31.75,14,31.772,19,31.541,16,31.507,Buy,142,19,Buy,loss,-0.209,-0.658267717,Buyloss
142,2019-03-27T17:00:00Z,31.872,31.913,31.872,31.899,31.67470216,31.68372123,31.69122766,31.69672973,31.70389062,31.57045958,3,2,31.541,3,31.508,13,31.899,0,31.913,Sell,143,13,Sell,loss,-0.358,-1.135030595,Sellloss
143,2019-04-01T13:00:00Z,31.731,31.742,31.71,31.716,31.70708531,31.71746384,31.72716717,31.73613692,31.74516159,31.80897235,3,1,31.899,2,31.946,17,31.716,13,31.662,Buy,144,17,Buy,loss,-0.183,-0.573685695,Buyloss
144,2019-04-02T21:00:00Z,31.773,31.783,31.736,31.75,31.71453551,31.72429344,31.73328156,31.74140382,31.7490656,31.67286846,3,2,31.716,3,31.702,9,31.75,5,31.802,Sell,145,9,Sell,loss,-0.034,-0.107201413,Sellloss
145,2019-04-09T21:00:00Z,31.784,31.817,31.766,31.806,31.77180738,31.78416855,31.79698629,31.81062438,31.8248215,31.88172503,3,1,31.75,20,31.982,30,31.806,2,31.69,Buy,146,30,Buy,win,0.056,0.176377953,Buywin
146,2019-04-12T01:00:00Z,31.842,31.861,31.826,31.84,31.78080966,31.79117897,31.80111337,31.81025345,31.81735549,31.76890795,3,2,31.806,6,31.734,14,31.84,12,31.88,Sell,147,14,Sell,loss,-0.034,-0.10689807,Sellloss
147,2019-04-14T21:00:00Z,31.773,31.804,31.764,31.774,31.77982394,31.78871539,31.79655996,31.8025252,31.80435711,31.85851456,3,1,31.84,0,31.861,5,31.774,3,31.75,Buy,148,5,Buy,loss,-0.066,-0.207286432,Buyloss
148,2019-04-16T21:00:00Z,31.832,31.84,31.818,31.821,31.78550764,31.79301749,31.79931024,31.80383448,31.80594997,31.7688325,3,2,31.774,4,31.752,13,31.821,11,31.85,Sell,149,13,Sell,loss,-0.047,-0.147919683,Sellloss
149,2019-04-29T05:00:00Z,31.898,31.936,31.89,31.914,31.88727915,31.90192867,31.91825847,31.93681509,31.95633974,32.02536394,3,1,31.821,39,32.144,50,31.914,2,31.757,Buy,150,50,Buy,win,0.093,0.292259828,Buywin
150,2019-05-02T09:00:00Z,32.003,32.046,32,32.045,31.90446304,31.91619227,31.92789232,31.93890282,31.94748557,31.8960024,3,2,31.914,10,31.882,20,32.045,0,32.046,Sell,151,20,Sell,loss,-0.131,-0.41047816,Sellloss
151,2019-05-06T17:00:00Z,31.878,31.906,31.873,31.89,31.91831279,31.92841325,31.93768369,31.94499034,31.94772581,32.04594918,3,1,32.045,9,32.06,14,31.89,0,31.873,Buy,152,14,Buy,loss,-0.155,-0.483694804,Buyloss
152,2019-05-17T05:00:00Z,31.745,31.772,31.701,31.747,31.7380352,31.71999774,31.69619993,31.66679459,31.63725871,31.47216457,3,2,31.89,33,31.428,52,31.747,2,31.96,Sell,153,52,Sell,win,0.143,0.448416431,Sellwin
153,2019-05-27T01:00:00Z,31.804,31.808,31.744,31.791,31.82078249,31.82374762,31.83008049,31.84253855,31.86180174,31.92301232,3,1,31.747,18,32.033,35,31.791,0,31.701,Buy,154,35,Buy,win,0.044,0.138595773,Buywin
154,2019-06-18T01:00:00Z,31.326,31.402,31.315,31.371,31.40437169,31.37246444,31.33875964,31.30642145,31.28365345,31.23250963,3,2,31.791,87,31.136,97,31.371,9,31.89,Sell,155,97,Sell,win,0.42,1.321128621,Sellwin
155,2019-06-19T05:00:00Z,31.255,31.255,31.232,31.25,31.38450548,31.35436969,31.32357577,31.29538506,31.27627823,31.39814468,3,1,31.371,1,31.416,7,31.25,3,31.186,Buy,156,7,Buy,loss,-0.121,-0.385706544,Buyloss
156,2019-07-08T01:00:00Z,30.776,30.828,30.745,30.816,30.83227614,30.7889804,30.74804762,30.71413078,30.69653139,30.60605728,3,2,31.25,48,30.51,78,30.816,3,31.28,Sell,157,78,Sell,win,0.434,1.3888,Sellwin
157,2019-07-11T01:00:00Z,30.652,30.666,30.555,30.58,30.81034823,30.7796457,30.75459138,30.73895876,30.73546362,30.84777701,3,1,30.816,12,30.888,18,30.58,0,30.555,Buy,158,18,Buy,loss,-0.236,-0.765835929,Buyloss
158,2019-07-12T17:00:00Z,30.9,30.919,30.89,30.897,30.80899534,30.78554269,30.76937668,30.76441682,30.77470485,30.66929273,3,2,30.58,1,30.555,11,30.897,10,30.956,Sell,159,11,Sell,loss,-0.317,-1.036625245,Sellloss
159,2019-07-19T05:00:00Z,30.762,30.774,30.75,30.772,30.8366576,30.82843371,30.82747372,30.83409333,30.84387,30.86781168,3,1,30.897,16,30.95,27,30.772,26,30.738,Buy,160,27,Buy,loss,-0.125,-0.404570023,Buyloss
160,2019-07-22T05:00:00Z,30.859,30.87,30.836,30.849,30.83719961,30.8303063,30.82997018,30.83582415,30.84324041,30.76082192,3,2,30.772,0,30.738,7,30.849,5,30.881,Sell,161,7,Sell,loss,-0.077,-0.25022748,Sellloss
161,2019-07-29T05:00:00Z,30.865,30.887,30.86,30.864,30.8690539,30.87025219,30.87617211,30.88548503,30.89500159,30.98468402,3,1,30.849,23,31.016,30,30.864,4,30.819,Buy,162,30,Buy,win,0.015,0.048623942,Buywin
162,2019-08-02T01:00:00Z,30.892,30.922,30.863,30.888,30.85608873,30.85512928,30.85584883,30.85628935,30.85457719,30.74886063,3,2,30.864,15,30.682,24,30.888,17,30.951,Sell,163,24,Sell,loss,-0.024,-0.077760498,Sellloss
163,2019-08-04T21:00:00Z,30.772,30.772,30.721,30.754,30.84453953,30.84154172,30.83903085,30.83437934,30.82391514,30.91058144,3,1,30.888,0,30.922,5,30.754,3,30.704,Buy,164,5,Buy,loss,-0.134,-0.433825434,Buyloss
164,2019-08-15T21:00:00Z,30.85,30.874,30.832,30.832,30.81880908,30.81700827,30.8163892,30.81768032,30.82344149,30.7348102,3,2,30.754,14,30.692,55,30.832,15,30.992,Sell,165,55,Sell,loss,-0.078,-0.253625545,Sellloss
165,2019-08-20T13:00:00Z,30.782,30.786,30.75,30.766,30.82812717,30.82816615,30.82941696,30.83201962,30.83546208,30.91578126,3,1,30.832,1,30.946,16,30.766,0,30.75,Buy,166,16,Buy,loss,-0.066,-0.214063311,Buyloss
166,2019-09-06T05:00:00Z,30.642,30.672,30.625,30.656,30.67164927,30.65920632,30.64610735,30.63347791,30.62445163,30.55235514,3,2,30.766,70,30.533,77,30.656,3,30.834,Sell,167,77,Sell,win,0.11,0.357537541,Sellwin
167,2019-09-11T01:00:00Z,30.619,30.632,30.612,30.62,30.66012351,30.65028681,30.6410068,30.63355395,30.62973938,30.69034924,3,1,30.656,1,30.678,17,30.62,14,30.6,Buy,168,17,Buy,loss,-0.036,-0.11743215,Buyloss
168,2019-09-24T17:00:00Z,30.542,30.55,30.536,30.538,30.55221258,30.54082131,30.53002744,30.52062566,30.51408142,30.45816977,3,2,30.62,10,30.358,59,30.538,1,30.632,Sell,169,59,Sell,win,0.082,0.267798824,Sellwin
169,2019-10-03T17:00:00Z,30.544,30.554,30.534,30.544,30.58597313,30.58569517,30.58780696,30.59226728,30.59684938,30.66811362,3,1,30.538,27,30.698,42,30.544,3,30.517,Buy,170,42,Buy,win,0.006,0.019647652,Buywin
170,2019-11-06T02:00:00Z,30.258,30.274,30.24,30.263,30.25991141,30.24533443,30.23170578,30.22050217,30.21472137,30.1997456,3,2,30.544,123,30.15,141,30.263,0,30.596,Sell,171,141,Sell,win,0.281,0.919984285,Sellwin
171,2019-11-13T18:00:00Z,30.237,30.242,30.227,30.24,30.29699299,30.29500199,30.29617128,30.3007629,30.30592257,30.32800356,3,1,30.263,11,30.441,34,30.24,33,30.223,Buy,172,34,Buy,loss,-0.023,-0.076000397,Buyloss
172,2019-11-25T14:00:00Z,30.235,30.24,30.222,30.238,30.23986817,30.23345936,30.2271452,30.22054807,30.21442267,30.18951086,3,2,30.24,27,30.17,48,30.238,14,30.268,Sell,173,48,Sell,win,0.002,0.006613757,Sellwin
173,2019-12-12T02:00:00Z,30.165,30.218,30.165,30.194,30.27843899,30.28120326,30.28479862,30.2880971,30.28719336,30.30436941,3,1,30.238,49,30.388,75,30.194,74,30.163,Buy,174,75,Buy,loss,-0.044,-0.145512269,Buyloss
174,2020-01-02T14:00:00Z,30.134,30.162,30.126,30.156,30.13195387,30.11625501,30.09660955,30.07172337,30.04107917,29.757672,3,2,30.194,75,29.718,82,30.156,20,30.276,Sell,175,82,Sell,win,0.038,0.125852818,Sellwin
175,2020-03-01T22:00:00Z,31.519,31.585,31.423,31.438,31.43340127,31.48317188,31.53321469,31.58151985,31.61955516,31.7423738,3,1,30.156,232,31.926,248,31.438,2,30.116,Buy,176,248,Buy,win,1.282,4.251226953,Buywin
176,2020-03-05T22:00:00Z,31.584,31.636,31.528,31.633,31.44478045,31.47326328,31.49520094,31.50680866,31.50410341,31.30915834,3,2,31.438,16,31.262,25,31.633,9,31.652,Sell,177,25,Sell,loss,-0.195,-0.620268465,Sellloss
177,2020-03-10T01:00:00Z,31.44,31.464,31.353,31.428,31.45618538,31.47813946,31.49316567,31.49880958,31.4941268,31.60398024,3,1,31.633,1,31.672,13,31.428,0,31.353,Buy,178,13,Buy,loss,-0.205,-0.648057408,Buyloss
178,2020-03-12T09:00:00Z,31.612,31.676,31.564,31.66,31.4655173,31.48249921,31.4933703,31.49768854,31.4988214,31.40141425,3,2,31.428,1,31.353,15,31.66,0,31.676,Sell,179,15,Sell,loss,-0.232,-0.73819524,Sellloss
179,2020-04-07T05:00:00Z,32.808,32.823,32.726,32.742,32.6474407,32.71310669,32.77552883,32.82938063,32.86617375,32.914,3,1,31.66,88,33.188,107,32.742,0,31.564,Buy,180,107,Buy,win,1.082,3.417561592,Buywin
180,2020-05-01T05:00:00Z,32.49,32.534,32.49,32.515,32.50056631,32.48970088,32.47356972,32.45582819,32.44348992,32.33660248,3,2,32.742,73,32.28,109,32.515,0,32.914,Sell,181,109,Sell,win,0.227,0.693299127,Sellwin
181,2020-05-04T21:00:00Z,32.39,32.436,32.341,32.382,32.49155782,32.48149119,32.46789003,32.45435116,32.44572517,32.54495347,3,1,32.515,5,32.574,10,32.382,7,32.322,Buy,182,10,Buy,loss,-0.133,-0.409041981,Buyloss
182,2020-05-25T17:00:00Z,31.975,31.977,31.972,31.975,32.07534836,32.04023707,32.00266359,31.96510431,31.93403291,31.89001533,3,2,32.382,71,31.801,90,31.975,14,32.482,Sell,183,90,Sell,win,0.407,1.256871101,Sellwin
183,2020-05-26T17:00:00Z,31.871,31.89,31.871,31.882,32.05292183,32.01884072,31.98319958,31.94866971,31.92087283,31.98138154,3,1,31.975,1,31.979,6,31.882,5,31.871,Buy,184,6,Buy,loss,-0.093,-0.290852228,Buyloss
184,2020-07-01T13:00:00Z,30.96,31.04,30.958,31.032,31.04588096,31.00607162,30.97095187,30.94360294,30.92846356,30.88242939,3,2,31.882,124,30.804,156,31.032,6,31.932,Sell,185,156,Sell,win,0.85,2.666081174,Sellwin
185,2020-07-27T13:00:00Z,31.506,31.52,31.47,31.48,31.51112173,31.54175686,31.5753296,31.60596855,31.62184551,31.72529948,3,1,31.032,76,31.858,108,31.48,0,30.958,Buy,186,108,Buy,win,0.448,1.443671049,Buywin
186,2020-08-17T17:00:00Z,31.161,31.162,31.148,31.148,31.19107538,31.17193001,31.15047809,31.1302344,31.11918605,31.09619074,3,2,31.48,42,30.97,92,31.148,5,31.604,Sell,187,92,Sell,win,0.332,1.054637865,Sellwin
187,2020-08-26T17:00:00Z,31.262,31.276,31.256,31.26,31.31331608,31.32239242,31.33751938,31.36079093,31.3886227,31.48610323,3,1,31.148,26,31.64,42,31.26,4,31.11,Buy,188,42,Buy,win,0.112,0.359573648,Buywin
188,2020-09-02T17:00:00Z,31.318,31.355,31.318,31.332,31.24471766,31.23988577,31.23358434,31.22359463,31.20734292,31.04859734,3,2,31.26,22,30.942,31,31.332,0,31.368,Sell,189,31,Sell,loss,-0.072,-0.230326296,Sellloss
189,2020-09-10T05:00:00Z,31.309,31.354,31.28,31.319,31.30874524,31.31426651,31.32160133,31.33077999,31.34069425,31.39078715,3,1,31.332,22,31.47,33,31.319,32,31.222,Buy,190,33,Buy,loss,-0.013,-0.041491127,Buyloss
190,2020-09-21T21:00:00Z,31.292,31.354,31.257,31.352,31.23894135,31.23202817,31.22276805,31.21058594,31.19770788,31.0133159,3,2,31.319,42,30.949,47,31.352,45,31.398,Sell,191,47,Sell,loss,-0.033,-0.105367349,Sellloss
191,2020-10-05T09:00:00Z,31.457,31.46,31.294,31.296,31.48066277,31.50018929,31.52171854,31.54265465,31.55351943,31.62484457,3,1,31.352,26,31.753,57,31.296,0,31.257,Buy,192,57,Buy,loss,-0.056,-0.178616994,Buyloss
192,2020-10-20T17:00:00Z,31.257,31.257,31.218,31.234,31.25792126,31.24549556,31.23121627,31.21767412,31.21215353,31.17713345,3,2,31.296,28,30.985,69,31.234,0,31.552,Sell,193,69,Sell,win,0.062,0.198108384,Sellwin
193,2020-10-27T21:00:00Z,31.218,31.252,31.204,31.22,31.25859581,31.25317936,31.24904547,31.24801944,31.25070301,31.28029312,3,1,31.234,20,31.338,31,31.22,6,31.172,Buy,194,31,Buy,loss,-0.014,-0.044822949,Buyloss
194,2020-11-19T14:00:00Z,30.436,30.438,30.366,30.367,30.52923838,30.46965728,30.40631008,30.34493087,30.30184878,30.25551275,3,2,31.22,80,30.128,101,30.367,5,31.296,Sell,195,101,Sell,win,0.853,2.732222934,Sellwin
195,2020-11-20T18:00:00Z,30.258,30.296,30.252,30.295,30.49667859,30.44127676,30.38473442,30.3334681,30.30150493,30.4193792,3,1,30.367,0,30.438,7,30.295,6,30.252,Buy,196,7,Buy,loss,-0.072,-0.237099483,Buyloss
196,2020-11-24T06:00:00Z,30.361,30.364,30.332,30.338,30.46588172,30.41691774,30.36992888,30.33180695,30.31437677,30.25262152,3,2,30.295,2,30.237,10,30.338,9,30.437,Sell,197,10,Sell,loss,-0.043,-0.141937613,Sellloss
197,2020-11-26T06:00:00Z,30.316,30.322,30.261,30.281,30.43379052,30.39265755,30.35599162,30.3296303,30.31987655,30.41528324,3,1,30.338,2,30.426,12,30.281,0,30.261,Buy,198,12,Buy,loss,-0.057,-0.187883183,Buyloss
198,2020-12-21T14:00:00Z,30.112,30.146,30.074,30.104,30.07711023,30.04944641,30.02274431,29.99679278,29.97330663,29.85970778,3,2,30.281,95,29.75,105,30.104,0,30.34,Sell,199,105,Sell,win,0.177,0.58452495,Sellwin
199,2020-12-29T14:00:00Z,30.039,30.064,30.024,30.058,30.10451886,30.09489617,30.09040292,30.09200685,30.09911536,30.18371484,3,1,30.104,7,30.252,30,30.058,16,29.983,Buy,200,30,Buy,loss,-0.046,-0.152803614,Buyloss
200,2021-01-07T22:00:00Z,30.081,30.162,30.036,30.11,30.02360282,30.01117895,30.00027265,29.99066141,29.98432599,29.94609349,3,2,30.058,17,29.845,39,30.11,0,30.162,Sell,201,39,Sell,loss,-0.052,-0.172998869,Sellloss
201,2021-01-13T10:00:00Z,30.052,30.076,30.025,30.032,30.0525584,30.04949763,30.05019627,30.05549165,30.06644705,30.15372913,3,1,30.11,13,30.194,21,30.032,20,29.948,Buy,202,21,Buy,loss,-0.078,-0.259050149,Buyloss
202,2021-01-17T22:00:00Z,30.067,30.112,30.063,30.103,30.04432488,30.04108649,30.0401663,30.04111161,30.04246861,29.96272824,3,2,30.032,0,29.948,16,30.103,0,30.112,Sell,203,16,Sell,loss,-0.071,-0.236414491,Sellloss
203,2021-01-19T18:00:00Z,30,30.03,29.984,30,30.04961468,30.04793886,30.04841036,30.05047584,30.05258961,30.13060431,3,1,30.103,3,30.144,11,30,0,29.984,Buy,204,11,Buy,loss,-0.103,-0.342158589,Buyloss
204,2021-01-28T10:00:00Z,30.03,30.04,29.994,30.002,30.00907424,30.00436573,29.99994413,29.99557543,29.99240318,29.97921566,3,2,30,11,29.911,41,30.002,38,30.058,Sell,205,41,Sell,loss,-0.002,-0.006666667,Sellloss
205,2021-01-29T06:00:00Z,29.986,29.99,29.921,29.93,30.0051966,30.00034051,29.99565358,29.99083544,29.98643839,30.05039208,3,1,30.002,0,30.04,5,29.93,0,29.921,Buy,206,5,Buy,loss,-0.072,-0.239984001,Buyloss
206,2021-02-02T10:00:00Z,29.98,30.01,29.977,30.006,29.99372718,29.9885277,29.98340143,29.97823221,29.97380767,29.90330266,3,2,29.93,3,29.862,14,30.006,10,30.012,Sell,207,14,Sell,loss,-0.076,-0.253925827,Sellloss
207,2021-02-08T18:00:00Z,29.984,29.985,29.976,29.979,30.01433816,30.0145414,30.01636653,30.02033086,30.0266719,30.09353461,3,1,30.006,16,30.138,26,29.979,0,29.976,Buy,208,26,Buy,loss,-0.027,-0.089982004,Buyloss
208,2021-02-17T02:00:00Z,29.972,29.986,29.959,29.982,29.95331058,29.94637199,29.93849414,29.92948078,29.92074382,29.86210622,3,2,29.979,27,29.842,39,29.982,0,30.012,Sell,209,39,Sell,loss,-0.003,-0.010007005,Sellloss
209,2021-04-14T21:00:00Z,31.307,31.338,31.298,31.32,31.29435877,31.334861,31.37231939,31.4041794,31.42529699,31.50904128,3,1,29.982,236,31.606,245,31.32,17,29.957,Buy,210,245,Buy,win,1.338,4.462677607,Buywin
210,2021-04-21T17:00:00Z,31.308,31.328,31.3,31.326,31.27376967,31.29046725,31.29935409,31.29842267,31.28861351,31.24281284,3,2,31.32,5,31.112,30,31.326,2,31.372,Sell,211,30,Sell,loss,-0.006,-0.019157088,Sellloss
211,2021-04-29T09:00:00Z,31.219,31.224,31.202,31.213,31.32171425,31.33361862,31.34097669,31.34404706,31.34248432,31.39131962,3,1,31.326,15,31.493,34,31.213,33,31.197,Buy,212,34,Buy,loss,-0.113,-0.360722722,Buyloss
212,2021-05-12T05:00:00Z,31.236,31.243,31.168,31.18,31.2089897,31.20076896,31.18842048,31.17336487,31.15924657,31.05934109,3,2,31.213,41,31.034,54,31.18,32,31.292,Sell,213,54,Sell,win,0.033,0.105725179,Sellwin
213,2021-05-24T21:00:00Z,31.314,31.34,31.3,31.31,31.32834722,31.33733213,31.34781078,31.35960473,31.36818908,31.38096964,3,1,31.18,23,31.514,52,31.31,0,31.168,Buy,214,52,Buy,win,0.13,0.416933932,Buywin
214,2021-06-16T05:00:00Z,31.172,31.186,31.165,31.174,31.18321753,31.17357173,31.1629109,31.15231113,31.14444184,31.12476774,3,2,31.31,81,31.028,99,31.174,5,31.385,Sell,215,99,Sell,win,0.136,0.434366017,Sellwin
