,status,open_time,open_price,high_setup,real_high,high_bar,low_setup,real_low,low_bar,DD_point,DD_bar,TP_get,TP_bar,TP_same,side,result,profit,prob
0,Sell loss,2020-01-15T10:30:00Z,84.027,84.361,84.361,33,84.059,84.059,53,84.407,44,84.018,0,84.018,Sell,loss,-1.258278146,-0.005447092
1,Buy win,2020-01-16T08:30:00Z,84.407,84.361,84.361,77,84.059,84.059,97,84.295,10,84.407,12,84.407,Buy,win,0,0
2,Sell win,2020-01-17T16:00:00Z,84.277,84.548,84.548,16,84.308,84.308,54,84.46,51,84.255,66,84.255,Sell,win,0.091666667,0.000396825
3,Sell win,2020-01-22T15:00:00Z,83.725,84.45,84.296,78,83.96,83.96,27,84.142,0,83.752352,2,0,Sell,win,0.055820408,0.000241647
4,Sell win,2020-01-24T19:00:00Z,83.04,83.532,83.532,21,83.086,83.086,54,83.192,2,82.810372,6,0,Sell,win,0.514860987,0.002228835
5,Sell win,2020-01-27T14:00:00Z,82.515,82.901,82.901,19,82.661,82.661,29,82.781,0,82.51268,1,0,Sell,win,0.009666667,4.18E-05
6,Buy win,2020-01-28T15:00:00Z,82.839,82.722,82.722,17,82.413,82.413,12,82.68,0,82.912962,12,0,Buy,win,0.239359223,0.001036187
7,Sell win,2020-01-31T15:00:00Z,82.153,82.644,82.644,28,82.154,82.154,42,82.254,0,81.85118,5,0,Sell,win,0.615959184,0.00266649
8,Buy win,2020-02-04T08:00:00Z,82.149,82.124,82.124,34,81.659,81.659,14,81.968,0,82.41137,16,0,Buy,win,0.564236559,0.002442583
9,Buy win,2020-02-11T05:00:00Z,82.64,82.629,82.629,46,82.318,82.318,30,82.459,17,82.821198,54,0,Buy,win,0.582630225,0.002522209
10,Sell win,2020-02-18T08:00:00Z,82.739,83.092,82.902,31,82.762,82.762,11,82.864,0,82.67548,4,0,Sell,win,0.192484848,0.000833268
11,Sell win,2020-02-25T09:00:00Z,83.057,84.71,83.541,131,83.151,83.151,31,83.335,11,82.90998,12,0,Sell,win,0.094304041,0.000408243
12,Sell win,2020-02-26T18:30:00Z,82.728,83.261,83.261,8,82.831,82.831,50,82.973,0,82.56526,20,0,Sell,win,0.378465116,0.001638377
13,Buy loss,2020-03-03T16:00:00Z,81.312,81.261,81.261,26,80.387,80.387,18,80.243,39,81.441,0,81.441,Buy,loss,-1.223112128,-0.005294858
14,Sell win,2020-03-03T16:00:00Z,80.243,81.261,81.261,65,80.387,80.387,57,80.679,0,79.846868,14,81.441,Sell,win,0.453240275,0.001962079
15,Sell win,2020-03-05T09:00:00Z,79.85,80.559,80.559,42,79.907,79.907,68,80.017,0,79.504064,15,0,Sell,win,0.530576687,0.002296869
16,Sell win,2020-03-06T07:30:00Z,78.966,79.388,79.388,15,78.997,78.997,22,79.109,0,78.755362,4,0,Sell,win,0.538716113,0.002332104
17,Buy win,2020-03-10T01:00:00Z,75.914,75.783,75.783,19,74.613,74.613,8,75.433,2,76.50606,8,0,Buy,win,0.506034188,0.002190624
18,Sell loss,2020-03-12T01:00:00Z,75.11,76.946,76.691,57,75.208,75.208,68,76.731,64,75.051,0,75.051,Sell,loss,-0.932681243,-0.004037581
19,Buy win,2020-03-13T09:00:00Z,76.731,76.946,76.691,121,75.208,75.208,132,76.449,0,77.607494,7,75.051,Buy,win,0.504311853,0.002183168
20,Sell loss,2020-03-15T23:00:00Z,76.547,77.444,77.444,21,76.571,76.571,15,77.565,5,76.031486,0,0,Sell,loss,-1.166093929,-0.005048026
21,Buy loss,2020-03-16T08:30:00Z,77.565,77.444,77.444,26,76.571,76.571,20,76.391,14,77.983514,0,78.204,Buy,loss,-1.344788087,-0.005821593
22,Sell win,2020-03-16T08:30:00Z,76.391,77.444,77.444,40,76.571,76.571,34,76.667,0,76.031486,3,78.204,Sell,win,0.411814433,0.001782746
23,Sell win,2020-03-17T22:00:00Z,75.458,76.489,76.489,42,75.497,75.497,51,75.802,0,75.292,16,75.292,Sell,win,0.16733871,0.00072441
24,Buy win,2020-03-24T14:00:00Z,77.082,76.984,76.984,10,76.057,76.294,66,76.647,6,77.41042,29,0,Buy,win,0.354282632,0.001533691
25,Buy loss,2020-03-27T12:30:00Z,77.859,77.829,77.829,69,77.149,77.149,63,77.05,36,78.196,0,78.196,Buy,loss,-1.189705882,-0.005150242
26,Sell win,2020-03-27T12:30:00Z,77.05,77.829,77.829,105,77.149,77.149,99,77.281,0,76.72876,3,78.196,Sell,win,0.472411765,0.002045073
27,Sell win,2020-03-30T00:30:00Z,76.508,77.393,76.917,11,76.644,76.644,20,76.999,13,76.475286,18,76.329,Sell,win,0.043676903,0.000189078
28,Sell loss,2020-04-02T13:00:00Z,75.175,76.108,76.108,13,75.258,75.258,36,76.428,3,74.7327,0,0,Sell,loss,-1.474117647,-0.006381462
29,Buy win,2020-04-02T14:30:00Z,76.428,76.108,76.108,16,75.258,75.258,39,75.822,0,76.6333,42,0,Buy,win,0.241529412,0.001045582
30,Buy win,2020-04-06T05:30:00Z,77.055,76.929,76.929,30,76.07,76.07,16,76.871,0,77.459862,3,0,Buy,win,0.471317811,0.002040337
31,Sell loss,2020-04-08T14:30:00Z,77.335,77.775,77.775,7,77.368,77.368,28,77.79,18,77.298,0,77.298,Sell,loss,-1.117936118,-0.00483955
32,Buy win,2020-04-08T23:30:00Z,77.79,77.775,77.775,25,77.368,77.368,46,77.308,24,77.823,27,77.823,Buy,win,0.081081081,0.000351
33,Sell win,2020-04-13T07:00:00Z,77.328,77.818,77.818,19,77.368,77.368,73,77.418,0,77.0899,14,0,Sell,win,0.529111111,0.002290524
34,Sell win,2020-04-14T15:00:00Z,76.989,77.693,77.693,22,77.069,77.069,50,77.269,11,76.958,21,76.958,Sell,win,0.049679487,0.000215063
35,Sell win,2020-04-16T14:00:00Z,75.977,77.226,76.782,83,76.066,76.066,33,77.081,15,75.977,121,75.977,Sell,win,0,0
36,Buy win,2020-04-22T07:30:00Z,76.074,76.019,76.019,25,75.608,75.608,6,75.916,0,76.272998,10,0,Buy,win,0.484180049,0.002096018
37,Buy win,2020-04-23T06:00:00Z,76.322,76.286,76.286,33,75.93,75.93,11,75.876,4,76.506008,15,0,Buy,win,0.516876404,0.00223756
38,Sell win,2020-04-24T14:00:00Z,76.231,76.852,76.63,46,76.304,76.304,12,76.397,0,76.102532,6,0,Sell,win,0.234430657,0.001014851
39,Sell loss,2020-04-27T13:00:00Z,76.125,76.416,76.416,23,76.131,76.131,29,76.417,13,76.125,0,76.125,Sell,loss,-1.024561404,-0.004435331
40,Buy win,2020-04-27T19:30:00Z,76.417,76.416,76.416,36,76.131,76.131,42,76.164,23,76.517,82,76.517,Buy,win,0.350877193,0.001518949
41,Sell win,2020-05-01T07:30:00Z,76.181,77.21,77.21,25,76.305,76.305,116,76.339,0,75.74571,15,0,Sell,win,0.480983425,0.002082179
42,Sell win,2020-05-03T22:30:00Z,75.634,76.016,76.016,5,75.704,75.704,14,75.729,0,75.511184,2,0,Sell,win,0.393641026,0.001704074
43,Buy win,2020-05-07T01:00:00Z,75.148,75.145,75.145,12,74.821,74.821,5,75.074,0,75.345232,10,0,Buy,win,0.608740741,0.002635241
44,Buy win,2020-05-08T00:00:00Z,76.173,76.147,76.147,16,75.929,75.929,9,76.121,0,76.281724,1,0,Buy,win,0.498733945,0.002159021
45,Sell win,2020-05-12T00:30:00Z,76.448,77.05,76.849,35,76.45,76.45,55,76.866,19,76.422,33,76.422,Sell,win,0.043333333,0.00018759
46,Sell win,2020-05-13T07:30:00Z,76.084,76.829,76.324,43,76.087,76.087,22,76.368,14,75.940534,19,0,Sell,win,0.193350404,0.000837015
47,Buy win,2020-05-18T08:00:00Z,76.257,76.227,76.227,35,75.879,75.879,22,76.18,0,76.442064,8,0,Buy,win,0.531793103,0.002302135
48,Buy win,2020-05-19T08:30:00Z,77.196,77.097,77.097,17,76.868,76.868,11,77.019,0,77.238522,2,0,Buy,win,0.18568559,0.000803834
49,Sell loss,2020-05-20T07:00:00Z,77.209,77.781,77.504,33,77.216,77.216,19,77.511,11,77.183,0,77.183,Sell,loss,-0.534513274,-0.00231391
50,Buy win,2020-05-20T12:30:00Z,77.511,77.781,77.504,44,77.216,77.216,30,77.199,30,77.517,45,77.517,Buy,win,0.010619469,4.60E-05
51,Sell loss,2020-05-25T20:30:00Z,76.954,77.095,77.095,22,76.961,76.961,13,77.187,8,76.878188,0,0,Sell,loss,-1.73880597,-0.007527299
52,Buy win,2020-05-26T00:30:00Z,77.187,77.095,77.095,30,76.961,76.961,21,77.09,0,77.177812,1,0,Buy,win,0.068567164,0.000296828
53,Buy loss,2020-05-29T00:30:00Z,78.482,78.481,78.481,27,78.03,78.03,20,77.958,48,78.482,0,78.482,Buy,loss,-1.161862528,-0.005029708
54,Sell loss,2020-05-29T00:30:00Z,77.958,78.481,78.481,75,78.03,78.03,68,78.525,47,77.826,0,77.826,Sell,loss,-1.257206208,-0.005442451
55,Buy win,2020-06-01T00:00:00Z,78.525,78.481,78.481,122,78.03,78.33,115,78.133,0,78.574318,15,78.579,Buy,win,0.10935255,0.000473388
56,Buy win,2020-06-04T03:30:00Z,80.586,80.569,80.569,54,80.057,80.057,33,80.528,14,80.841,16,80.841,Buy,win,0.498046875,0.002156047
57,Sell win,2020-06-08T14:00:00Z,81.501,81.842,81.831,20,81.535,81.535,11,81.751,17,81.352072,26,0,Sell,win,0.485107492,0.002100032
58,Sell win,2020-06-10T13:30:00Z,79.958,80.547,80.547,63,80.045,80.045,57,80.411,9,79.734764,18,0,Sell,win,0.444693227,0.001925079
59,Buy loss,2020-06-17T20:00:00Z,79.639,79.443,79.443,81,78.376,78.855,41,78.841,83,79.521,0,79.521,Buy,loss,-0.747891284,-0.003237625
60,Sell win,2020-06-17T20:00:00Z,78.841,79.443,79.443,164,78.376,78.855,124,78.963,5,78.491616,11,79.521,Sell,win,0.327445173,0.001417512
61,Sell win,2020-06-18T15:00:00Z,78.56,79.1,79.1,13,78.561,78.561,27,78.908,47,78.534,50,78.534,Sell,win,0.048237477,0.00020882
62,Sell win,2020-06-24T23:30:00Z,78.432,79.268,78.839,80,78.439,78.439,25,78.771,20,78.1918,77,0,Sell,win,0.289746683,0.001254315
63,Buy win,2020-06-29T00:30:00Z,78.515,78.482,78.482,12,78.174,78.352,21,78.31,8,78.559,22,78.559,Buy,win,0.142857143,0.000618429
64,Sell win,2020-07-01T10:00:00Z,79.212,79.39,79.39,7,79.229,79.229,9,79.271,0,79.129502,1,0,Sell,win,0.512409938,0.002218225
65,Buy win,2020-07-05T22:00:00Z,79.34,79.328,79.328,32,79.184,79.184,26,79.252,0,79.416992,4,0,Buy,win,0.534666667,0.002314574
66,Sell win,2020-07-09T15:00:00Z,78.993,79.527,79.527,10,78.999,78.999,66,79.065,0,78.672696,26,0,Sell,win,0.606636364,0.002626131
67,Buy loss,2020-07-15T13:30:00Z,78.885,78.879,78.879,17,78.661,78.661,29,78.617,31,79.013724,0,0,Buy,loss,-1.229357798,-0.005321895
68,Sell loss,2020-07-15T13:30:00Z,78.617,78.879,78.879,48,78.661,78.661,60,78.916,2,78.526276,0,0,Sell,loss,-1.371559633,-0.005937488
69,Buy win,2020-07-15T14:30:00Z,78.916,78.879,78.879,50,78.661,78.661,62,78.657,0,79.013724,1,0,Buy,win,0.448275229,0.001940585
70,Sell win,2020-07-17T16:00:00Z,78.843,79.226,78.997,52,78.864,78.864,13,78.901,0,78.781806,5,0,Sell,win,0.169044199,0.000731793
71,Buy win,2020-07-22T12:00:00Z,79.71,79.683,79.683,50,79.311,79.311,30,79.621,2,79.912896,7,0,Buy,win,0.545419355,0.002361123
72,Sell win,2020-07-24T03:30:00Z,79.596,80.122,79.736,32,79.646,79.646,8,79.709,0,79.59038,7,0,Sell,win,0.011806723,5.11E-05
73,Sell win,2020-07-27T11:30:00Z,78.702,79.12,79.024,23,78.706,78.706,38,79.045,33,78.509476,48,78.507,Sell,win,0.465033816,0.002013133
74,Buy loss,2020-07-30T07:00:00Z,78.712,78.71,78.71,10,78.354,78.504,58,78.406,23,78.837308,0,0,Buy,loss,-0.859550562,-0.003720998
75,Sell win,2020-07-30T07:00:00Z,78.406,78.71,78.71,33,78.354,78.504,81,78.553,0,78.376692,2,0,Sell,win,0.082325843,0.000356389
76,Buy win,2020-08-03T13:00:00Z,79.224,79.168,79.168,26,78.707,79.105,9,79.001,3,79.206934,23,79.24,Buy,win,0.037019523,0.000160258
77,Sell win,2020-08-07T01:00:00Z,79.214,79.63,79.63,52,79.223,79.223,110,79.293,0,78.971474,5,0,Sell,win,0.595886978,0.002579597
78,Sell win,2020-08-17T23:00:00Z,80.211,80.962,80.36,102,80.258,80.258,10,80.325,0,80.194964,5,0,Sell,win,0.022778409,9.86E-05
79,Buy loss,2020-08-20T13:00:00Z,80.27,80.267,80.267,55,80.05,80.05,68,80.021,48,80.338,0,80.338,Buy,loss,-1.147465438,-0.004967383
80,Sell loss,2020-08-20T13:00:00Z,80.021,80.267,80.267,103,80.05,80.05,116,80.269,4,79.915894,0,80.338,Sell,loss,-1.142857143,-0.004947434
81,Buy loss,2020-08-21T07:30:00Z,80.269,80.267,80.267,107,80.05,80.05,120,80.034,33,80.343,0,80.343,Buy,loss,-1.082949309,-0.004688092
82,Sell win,2020-08-21T07:30:00Z,80.034,80.267,80.267,140,80.05,80.05,153,80.096,0,79.915894,1,80.343,Sell,win,0.544267281,0.002356135
83,Buy win,2020-08-25T09:30:00Z,80.481,80.461,80.461,44,80.051,80.051,32,80.429,0,80.71438,8,0,Buy,win,0.569219512,0.002464154
84,Sell loss,2020-08-28T14:00:00Z,80.395,81.554,81.412,21,80.536,80.536,76,81.436,162,80.426,0,80.426,Sell,loss,-1.02259332,-0.004426811
85,Buy loss,2020-09-08T02:30:00Z,81.436,81.554,81.412,183,80.536,81.089,238,81.079,151,81.25,0,81.25,Buy,loss,-0.350687623,-0.001518128
86,Sell win,2020-09-08T05:00:00Z,81.079,81.554,81.193,334,80.536,81.089,389,81.101,0,81.024728,5,81.25,Sell,win,0.053312377,0.00023079
87,Buy loss,2020-09-11T17:30:00Z,80.805,80.795,80.795,16,79.841,80.398,47,80.384,71,80.805,0,80.805,Buy,loss,-0.44129979,-0.001910389
88,Sell win,2020-09-11T17:30:00Z,80.384,80.795,80.631,87,79.841,80.398,118,80.648,17,80.356,32,80.356,Sell,win,0.029350105,0.000127057
89,Sell win,2020-09-16T10:30:00Z,79.798,80.419,80.26,57,79.818,79.818,21,79.873,0,79.544844,5,0,Sell,win,0.421224626,0.001823483
90,Sell win,2020-09-17T00:00:00Z,79.545,79.76,79.76,16,79.618,79.618,7,79.709,0,79.530244,1,0,Sell,win,0.103915493,0.000449851
91,Sell win,2020-09-18T12:00:00Z,79.08,79.66,79.66,27,79.096,79.096,47,79.295,14,79.08,20,79.08,Sell,win,0,0
92,Sell loss,2020-09-28T00:30:00Z,78.66,79.042,79.042,63,78.713,78.713,17,79.079,64,78.509678,0,0,Sell,loss,-1.273556231,-0.00551323
93,Buy loss,2020-09-30T03:00:00Z,79.079,79.042,79.042,127,78.713,78.798,81,78.79,37,79.079,0,79.079,Buy,loss,-0.878419453,-0.003802682
94,Sell win,2020-09-30T03:00:00Z,78.79,79.042,79.034,164,78.713,78.798,118,78.871,0,78.652152,5,79.079,Sell,win,0.418990881,0.001813813
95,Buy win,2020-10-01T05:30:00Z,79.411,79.383,79.383,8,78.615,78.871,47,78.75,48,79.699416,115,0,Buy,win,0.375541667,0.001625722
96,Sell win,2020-10-06T15:00:00Z,79.536,79.688,79.688,8,79.576,79.576,14,79.714,0,79.506784,7,0,Sell,win,0.260857143,0.001129252
97,Sell win,2020-10-14T01:00:00Z,80.113,80.5,80.326,26,80.165,80.165,47,80.347,16,80.113,23,80.113,Sell,win,0,0
98,Buy win,2020-10-16T14:00:00Z,79.818,79.809,79.809,38,79.492,79.492,19,79.74,1,79.973,17,79.973,Buy,win,0.488958991,0.002116706
99,Buy win,2020-10-19T13:00:00Z,80.068,80.041,80.041,26,79.837,79.929,33,79.954,0,80.110216,3,0,Buy,win,0.206941176,0.000895849
100,Buy win,2020-10-20T13:30:00Z,80.23,80.179,80.179,46,79.907,79.907,33,80.131,0,80.347096,2,0,Buy,win,0.4305,0.001863636
101,Sell win,2020-10-26T15:00:00Z,79.385,79.905,79.905,81,79.426,79.426,112,79.522,0,79.312,18,79.312,Sell,win,0.152400835,0.000659744
102,Buy win,2020-10-29T01:30:00Z,78.553,78.459,78.459,14,78.28,78.28,22,78.402,0,78.569622,4,0,Buy,win,0.092860335,0.000401993
103,Sell win,2020-10-29T09:00:00Z,78.243,78.6,78.6,6,78.284,78.284,24,78.342,0,78.088712,2,0,Sell,win,0.488253165,0.00211365
104,Buy win,2020-10-30T12:30:00Z,78.621,78.583,78.583,35,78.165,78.165,13,78.211,20,78.621,35,78.621,Buy,win,0,0
105,Buy win,2020-11-03T08:00:00Z,79.299,79.276,79.276,16,78.228,79.084,65,79.096,0,79.394656,2,0,Buy,win,0.091274809,0.000395129
106,Sell win,2020-11-04T02:00:00Z,79.289,79.82,79.82,6,79.346,79.346,9,79.647,2,79.053068,11,0,Sell,win,0.497746835,0.002154748
107,Sell loss,2020-11-06T03:30:00Z,78.98,79.743,79.238,67,78.986,78.986,88,79.249,21,78.98,0,78.98,Sell,loss,-0.355350066,-0.001538312
108,Buy win,2020-11-06T14:00:00Z,79.249,79.743,79.238,88,78.986,79.012,109,79.051,0,79.377668,22,78.98,Buy,win,0.169970938,0.000735805
109,Sell win,2020-11-12T01:30:00Z,80.537,81.055,81.055,66,80.594,80.594,93,80.612,0,80.309102,10,0,Sell,win,0.494355748,0.002140068
110,Sell win,2020-11-12T14:00:00Z,80.164,80.641,80.641,9,80.33,80.33,16,80.385,0,80.137802,1,0,Sell,win,0.084237942,0.000364666
111,Sell win,2020-11-13T15:00:00Z,79.632,80.056,80.056,10,79.673,79.673,19,79.795,0,79.436306,4,0,Sell,win,0.510950392,0.002211906
112,Sell loss,2020-11-16T08:30:00Z,79.7,79.815,79.813,16,79.708,79.708,9,80.194,6,79.64311,0,0,Sell,loss,-4.61682243,-0.019986244
113,Buy win,2020-11-16T11:30:00Z,80.194,79.815,79.813,22,79.708,79.708,15,79.794,0,79.87789,1,0,Buy,win,2.954299065,0.012789173
114,Sell win,2020-11-18T14:00:00Z,79.351,79.677,79.584,38,79.359,79.359,27,79.666,8,79.336,16,79.336,Sell,win,0.047169811,0.000204198
115,Buy win,2020-11-23T07:00:00Z,79.426,79.384,79.384,11,79.255,79.317,103,79.354,0,79.425406,2,0,Buy,win,0.004604651,1.99E-05
116,Sell win,2020-11-26T08:30:00Z,80.134,80.368,80.368,25,80.139,80.139,36,80.204,10,79.997478,32,0,Sell,win,0.596165939,0.002580805
117,Buy win,2020-12-01T15:00:00Z,80.683,80.594,80.594,49,80.18,80.18,35,80.532,2,80.849852,33,0,Buy,win,0.403024155,0.001744693
118,Buy win,2020-12-04T13:30:00Z,81.036,80.983,80.983,105,80.472,80.472,45,80.745,0,81.298798,3,0,Buy,win,0.5142818,0.002226328
119,Sell win,2020-12-07T08:30:00Z,81.278,81.529,81.529,19,81.31,81.31,10,81.386,6,81.174658,16,0,Sell,win,0.471881279,0.002042776
120,Sell win,2020-12-11T08:30:00Z,81.565,82.088,81.78,33,81.594,81.594,16,81.622,1,81.479052,3,0,Sell,win,0.173983806,0.000753177
121,Buy loss,2020-12-16T04:00:00Z,81.671,81.619,81.619,35,81.331,81.427,64,81.342,20,81.737656,0,0,Buy,loss,-1.142361111,-0.004945286
122,Sell win,2020-12-16T04:30:00Z,81.342,81.619,81.619,55,81.331,81.427,84,81.455,0,81.308344,1,0,Sell,win,0.116861111,0.000505892
123,Buy loss,2020-12-17T12:00:00Z,81.279,81.264,81.279,30,81.113,81.113,15,81.086,14,81.357318,0,0,Buy,loss,-1.278145695,-0.005533098
124,Sell win,2020-12-17T12:00:00Z,81.086,81.264,81.264,30,81.113,81.113,15,81.176,2,81.019682,3,0,Sell,win,0.439192053,0.001901264
125,Sell win,2020-12-22T02:30:00Z,80.408,80.59,80.59,15,80.413,80.413,48,80.438,0,80.303614,5,0,Sell,win,0.589751412,0.002553036
126,Sell win,2020-12-22T15:30:00Z,80.2,80.368,80.368,6,80.24,80.24,12,80.271,0,80.160896,1,0,Sell,win,0.3055,0.001322511
127,Buy win,2020-12-23T10:00:00Z,80.349,80.347,80.347,29,80.225,80.225,9,80.315,3,80.422396,8,0,Buy,win,0.601606557,0.002604357
128,Buy win,2020-12-28T09:00:00Z,80.725,80.682,80.682,75,80.534,80.534,68,80.65,2,80.773464,9,0,Buy,win,0.327459459,0.001417573
129,Buy loss,2021-01-05T13:30:00Z,81.037,81.027,81.027,99,80.557,80.624,52,80.568,87,80.961,0,80.961,Buy,loss,-0.99787234,-0.004319794
130,Sell loss,2021-01-05T13:30:00Z,80.568,81.027,81.027,186,80.557,80.624,139,81.041,9,80.568,0,80.568,Sell,loss,-1.006382979,-0.004356636
131,Buy win,2021-01-05T18:00:00Z,81.041,81.027,81.027,195,80.557,80.624,148,80.96,12,81.276054,31,80.568,Buy,win,0.500114894,0.002165
132,Buy win,2021-01-13T17:30:00Z,81.841,81.772,81.772,58,81.487,81.487,20,81.702,9,81.94813,17,0,Buy,win,0.375894737,0.00162725
133,Sell win,2021-01-18T00:00:00Z,81.346,82.136,81.652,66,81.353,81.353,18,81.382,1,81.168218,9,0,Sell,win,0.227052363,0.000982911
134,Buy win,2021-01-20T13:00:00Z,81.779,81.773,81.773,61,81.52,81.52,30,81.664,0,81.929354,4,0,Buy,win,0.594284585,0.002572661
135,Sell win,2021-01-25T15:30:00Z,81.403,82.085,81.761,126,81.437,81.437,36,81.562,0,81.236768,29,0,Sell,win,0.256530864,0.001110523
136,Sell win,2021-01-27T21:00:00Z,81.262,81.605,81.605,6,81.361,81.361,13,81.439,10,81.210208,20,0,Sell,win,0.212262295,0.000918884
137,Sell win,2021-02-01T19:30:00Z,81.709,82.018,82.018,25,81.747,81.747,41,81.865,0,81.579522,3,0,Sell,win,0.477778598,0.002068306
138,Buy win,2021-02-03T16:30:00Z,82.283,82.224,82.224,17,81.601,82.121,81,82.09,15,82.283,31,82.283,Buy,win,0,0
139,Buy win,2021-02-11T08:30:00Z,82.571,82.54,82.54,32,82.288,82.359,14,82.333,48,82.651858,64,82.662,Buy,win,0.320865079,0.001389026
140,Sell win,2021-02-18T15:30:00Z,83.157,83.575,83.409,82,83.162,83.162,47,83.399,18,83.116,34,83.116,Sell,win,0.099273608,0.000429756
141,Buy loss,2021-02-22T13:00:00Z,83.848,83.833,83.833,17,83.523,83.523,8,83.506,23,83.869,0,83.869,Buy,loss,-1.103225806,-0.004775869
142,Sell win,2021-02-22T13:00:00Z,83.506,83.833,83.833,40,83.523,83.523,31,83.603,0,83.33142,2,83.869,Sell,win,0.56316129,0.002437928
143,Buy win,2021-02-23T04:00:00Z,83.409,83.399,83.399,21,83.236,83.236,7,83.362,0,83.499734,6,0,Buy,win,0.556650307,0.002409742
144,Buy win,2021-03-01T07:00:00Z,84.042,83.989,83.989,12,83.548,83.548,19,83.892,3,84.261538,13,0,Buy,win,0.497818594,0.002155059
145,Buy win,2021-03-02T11:00:00Z,84.548,84.52,84.52,23,84.18,84.388,7,84.347,7,84.601576,35,84.676,Buy,win,0.157576471,0.000682149
146,Sell loss,2021-03-03T22:00:00Z,84.527,84.785,84.785,11,84.538,84.538,17,84.793,18,84.472,0,84.472,Sell,loss,-1.076923077,-0.004662005
147,Buy win,2021-03-04T07:00:00Z,84.793,84.785,84.785,29,84.538,84.538,35,84.716,0,84.937646,11,84.472,Buy,win,0.585611336,0.002535114
148,Buy win,2021-03-05T06:30:00Z,85.551,85.493,85.493,28,84.992,84.992,11,85.144,10,85.551,15,85.551,Buy,win,0,0
149,Buy win,2021-03-08T14:30:00Z,85.929,85.887,85.887,31,85.505,85.505,7,85.784,0,86.123076,20,0,Buy,win,0.508052356,0.002199361
150,Buy win,2021-03-11T12:00:00Z,86.341,86.327,86.327,95,85.762,85.762,84,86.201,5,86.67617,25,0,Buy,win,0.593221239,0.002568057
151,Buy win,2021-03-15T01:30:00Z,87.494,87.479,87.479,14,87.295,87.295,9,87.427,0,87.592712,14,0,Buy,win,0.536478261,0.002322417
152,Buy win,2021-03-16T23:00:00Z,87.628,87.619,87.619,77,87.276,87.276,18,87.433,22,87.655,38,87.655,Buy,win,0.078717201,0.000340767
153,Sell win,2021-03-18T17:00:00Z,87.396,88.038,88.038,29,87.448,87.448,62,87.509,0,87.08338,4,0,Sell,win,0.529864407,0.002293785
154,Sell loss,2021-03-22T01:00:00Z,86.866,87.16,87.16,16,86.901,86.901,22,87.174,22,86.740938,0,86.716,Sell,loss,-1.189189189,-0.005148005
155,Buy loss,2021-03-22T14:00:00Z,87.174,87.16,87.16,38,86.901,86.901,44,86.749,4,87.320062,0,86.716,Buy,loss,-1.640926641,-0.007103579
156,Sell win,2021-03-22T14:00:00Z,86.749,87.16,87.16,42,86.901,86.901,48,86.985,0,86.740938,2,86.716,Sell,win,0.031127413,0.000134751
157,Sell win,2021-03-23T03:30:00Z,86.717,86.967,86.967,18,86.739,86.739,24,86.747,0,86.598096,5,0,Sell,win,0.521508772,0.002257614
158,Sell loss,2021-03-24T02:00:00Z,86.11,86.752,86.752,18,86.129,86.129,32,86.755,25,86.11,0,86.11,Sell,loss,-1.035313002,-0.004481874
159,Buy win,2021-03-24T14:30:00Z,86.755,86.752,86.752,43,86.129,86.407,57,86.371,13,86.755,34,86.755,Buy,win,0,0
160,Buy win,2021-03-26T07:30:00Z,86.914,86.912,86.912,42,86.45,86.45,27,86.837,0,87.197516,8,0,Buy,win,0.613670996,0.002656584
161,Sell win,2021-03-29T00:30:00Z,87.012,87.369,87.247,22,87.043,87.043,13,87.101,0,86.916928,4,0,Sell,win,0.291631902,0.001262476
162,Buy win,2021-03-31T00:30:00Z,87.737,87.606,87.606,28,87.264,87.264,15,87.539,0,87.817356,4,0,Buy,win,0.234959064,0.001017139
163,Buy loss,2021-04-05T16:30:00Z,88.258,88.213,88.213,48,87.855,87.878,43,87.832,80,88.264,0,88.264,Buy,loss,-1.189944134,-0.005151273
164,Sell win,2021-04-05T16:30:00Z,87.832,88.213,88.176,128,87.855,87.878,123,88.093,17,87.693836,39,88.264,Sell,win,0.385932961,0.001670705
165,Sell win,2021-04-13T07:30:00Z,86.876,87.569,87.243,65,87.033,87.033,22,87.084,0,86.90322,2,0,Sell,win,0.050783582,0.000219842
166,Sell win,2021-04-14T12:00:00Z,86.705,87.087,86.903,40,86.746,86.746,21,86.792,0,86.648974,2,0,Sell,win,0.16429912,0.000711252
167,Sell win,2021-04-15T15:00:00Z,86.634,87.145,87.094,14,86.643,86.643,53,87.116,44,86.687,81,86.687,Sell,win,0.105577689,0.000457046
168,Sell win,2021-04-20T14:30:00Z,86.112,86.864,86.864,15,86.22,86.22,44,86.419,0,85.822008,5,0,Sell,win,0.450298137,0.001949343
169,Sell win,2021-04-23T12:00:00Z,86.176,86.687,86.687,39,86.307,86.307,31,86.393,0,86.07216,1,0,Sell,win,0.273263158,0.001182957
170,Sell loss,2021-05-04T11:30:00Z,88.608,89.172,89.137,57,88.666,88.666,43,89.19,75,88.374922,0,0,Sell,loss,-1.150197628,-0.004979211
171,Buy win,2021-05-06T01:00:00Z,89.19,89.172,89.137,132,88.666,88.666,118,89.001,4,89.428078,24,0,Buy,win,0.470509881,0.002036839
172,Buy win,2021-05-10T03:00:00Z,89.828,89.799,89.799,51,89.174,89.718,26,89.673,22,89.849058,26,90.073,Buy,win,0.0336928,0.000145856
173,Buy win,2021-05-12T12:30:00Z,90.308,90.087,90.087,87,89.581,89.581,47,89.987,0,90.399708,1,0,Buy,win,0.181241107,0.000784594
174,Sell win,2021-05-13T07:30:00Z,90.291,90.533,90.533,8,90.325,90.325,22,90.389,0,90.196456,2,0,Sell,win,0.454538462,0.001967699
175,Buy win,2021-05-17T17:30:00Z,90.449,90.439,90.439,54,90.045,90.045,12,90.371,0,90.682492,17,0,Buy,win,0.592619289,0.002565451
176,Buy win,2021-05-20T15:30:00Z,90.278,90.228,90.228,43,89.762,89.906,14,89.854,33,90.278,39,90.278,Buy,win,0,0
177,Sell win,2021-05-24T06:00:00Z,90.129,90.417,90.326,31,90.142,90.142,27,90.374,14,90.028288,19,0,Sell,win,0.366225455,0.001585392
178,Sell win,2021-05-26T12:00:00Z,90.061,90.327,90.327,11,90.09,90.09,31,90.1,0,89.943534,1,0,Sell,win,0.495637131,0.002145615
179,Buy loss,2021-05-31T04:30:00Z,91.051,91.036,91.036,40,90.798,90.798,5,90.794,30,91.099,0,91.099,Buy,loss,-1.079831933,-0.004674597
180,Sell win,2021-05-31T04:30:00Z,90.794,91.036,90.927,70,90.798,90.798,35,90.962,11,90.794,17,90.794,Sell,win,0,0
181,Buy loss,2021-06-04T01:00:00Z,91.118,91.109,91.109,25,90.65,90.933,91,90.922,13,91.217768,0,0,Buy,loss,-0.427015251,-0.001848551
182,Sell win,2021-06-04T01:00:00Z,90.922,91.109,91.109,38,90.65,90.933,104,91.025,12,90.89,13,90.89,Sell,win,0.069716776,0.000301804
183,Buy loss,2021-06-07T04:30:00Z,90.728,90.72,90.72,7,90.478,90.592,17,90.559,12,90.799104,0,0,Buy,loss,-0.698347107,-0.003023148
184,Sell win,2021-06-07T04:30:00Z,90.559,90.72,90.72,19,90.478,90.592,29,90.629,0,90.512896,3,0,Sell,win,0.190512397,0.000824729
185,Buy loss,2021-06-08T18:00:00Z,90.619,90.603,90.603,30,90.394,90.394,18,90.38,21,90.658,0,90.658,Buy,loss,-1.14354067,-0.004950393
186,Sell win,2021-06-08T18:00:00Z,90.38,90.603,90.603,51,90.394,90.394,39,90.456,0,90.351,25,90.351,Sell,win,0.138755981,0.000600675
187,Sell loss,2021-06-10T07:00:00Z,90.336,90.668,90.668,34,90.356,90.356,12,90.726,11,90.163184,0,0,Sell,loss,-1.25,-0.005411255
188,Buy loss,2021-06-11T15:00:00Z,90.726,90.668,90.668,45,90.356,90.358,23,90.281,53,90.726,0,90.726,Buy,loss,-1.426282051,-0.006174381
189,Sell win,2021-06-11T15:00:00Z,90.281,90.668,90.58,98,90.356,90.358,76,90.412,0,90.220804,2,90.726,Sell,win,0.192935897,0.00083522
190,Sell win,2021-06-15T15:30:00Z,90.247,90.732,90.461,19,90.29,90.29,7,90.429,30,90.184322,41,0,Sell,win,0.14180543,0.000613876
191,Sell win,2021-06-18T05:00:00Z,89.009,90.167,90.167,46,89.066,89.066,26,89.18,9,88.871,14,88.871,Sell,win,0.125340599,0.0005426
192,Sell win,2021-06-21T04:00:00Z,88.136,89.177,88.626,36,88.34,88.34,13,88.407,0,88.163252,2,0,Sell,win,0.03255914,0.000140949
193,Buy win,2021-06-23T06:00:00Z,90.01,89.927,89.927,10,88.018,89.865,100,89.905,0,89.965316,3,0,Buy,win,0.023407019,0.000101329
194,Sell win,2021-06-28T13:00:00Z,89.841,90.167,90.167,45,89.85,89.85,93,89.936,0,89.654094,3,0,Sell,win,0.589608833,0.002552419
195,Sell loss,2021-06-30T08:00:00Z,89.005,89.665,89.506,65,89.05,89.05,23,89.589,12,88.935,0,88.935,Sell,loss,-0.949593496,-0.004110794
196,Buy win,2021-06-30T14:00:00Z,89.589,89.665,89.506,77,89.05,89.05,35,89.412,5,89.787808,34,88.935,Buy,win,0.323265041,0.001399416
197,Buy win,2021-07-02T15:00:00Z,90.105,90.066,90.066,50,89.603,90.001,37,89.962,0,90.10617,17,90.185,Buy,win,0.002526998,1.09E-05
198,Buy win,2021-07-06T06:00:00Z,90.053,89.963,89.963,16,89.786,89.786,10,89.942,0,90.072386,1,0,Buy,win,0.109525424,0.000474136
199,Sell win,2021-07-07T14:30:00Z,88.476,90.069,89.062,64,88.544,88.544,28,88.81,7,88.223876,29,0,Sell,win,0.165327213,0.000715702
200,Buy win,2021-07-09T05:00:00Z,87.777,87.743,87.743,23,87.478,87.478,7,87.725,0,87.90677,4,0,Buy,win,0.489698113,0.002119905
201,Buy loss,2021-07-14T14:00:00Z,88.559,88.534,88.534,31,88.029,88.049,10,88.012,94,88.697,0,88.697,Buy,loss,-1.083168317,-0.00468904
202,Sell win,2021-07-14T14:00:00Z,88.012,88.534,88.534,125,88.029,88.049,104,88.567,0,87.74927,20,88.697,Sell,win,0.520257426,0.002252197
203,Sell win,2021-07-15T15:30:00Z,87.468,87.879,87.879,11,87.524,87.524,17,87.736,0,87.30461,3,0,Sell,win,0.460253521,0.001992439
204,Sell win,2021-07-19T00:00:00Z,87.071,87.689,87.689,22,87.076,87.076,58,87.111,0,86.697166,14,0,Sell,win,0.609843393,0.002640015
205,Buy win,2021-07-21T08:00:00Z,86.788,86.714,86.714,17,85.587,86.288,83,86.613,0,86.977268,9,0,Buy,win,0.167939663,0.000727012
206,Buy win,2021-07-22T10:30:00Z,87.906,87.889,87.889,38,87.524,87.563,11,87.433,10,88.009,104,88.009,Buy,win,0.282191781,0.001221609
207,Buy win,2021-07-29T07:30:00Z,88.113,88.005,88.005,120,87.09,87.09,70,87.774,36,88.113,47,88.113,Buy,win,0,0
208,Sell win,2021-08-02T13:00:00Z,87.788,88.257,88.257,48,87.803,87.803,71,87.937,1,87.522428,3,0,Sell,win,0.584960352,0.002532296
209,Sell win,2021-08-03T03:30:00Z,87.291,87.478,87.478,6,87.304,87.304,14,87.33,0,87.196468,3,0,Sell,win,0.543287356,0.002351893
210,Buy win,2021-08-04T14:00:00Z,87.295,87.131,87.131,14,86.607,86.748,49,86.835,0,87.367694,20,0,Buy,win,0.138729008,0.000600558
211,Sell loss,2021-08-09T06:00:00Z,87.62,87.92,87.92,78,87.657,87.657,11,87.924,50,87.494466,0,0,Sell,loss,-1.155893536,-0.005003868
212,Buy win,2021-08-10T07:00:00Z,87.924,87.92,87.92,128,87.657,87.657,61,87.716,10,88.082534,14,0,Buy,win,0.602790875,0.002609484
213,Sell win,2021-08-12T07:00:00Z,88.192,88.398,88.398,46,88.193,88.193,11,88.376,13,88.06631,16,0,Sell,win,0.613121951,0.002654208
214,Sell win,2021-08-17T02:30:00Z,86.758,86.94,86.94,6,86.763,86.763,24,86.893,4,86.653614,8,0,Sell,win,0.589751412,0.002553036
215,Sell win,2021-08-19T06:00:00Z,86.418,87.128,87.128,35,86.546,86.546,94,86.659,0,86.186324,3,0,Sell,win,0.398068729,0.001723241
216,Buy win,2021-08-25T16:00:00Z,87.181,87.177,87.177,32,84.732,86.93,158,87.153,0,87.329646,6,0,Buy,win,0.06079591,0.000263186
217,Sell win,2021-08-26T14:30:00Z,87.025,87.371,87.371,33,87.09,87.09,22,87.229,0,86.916342,1,0,Sell,win,0.386683274,0.001673954
218,Buy win,2021-08-27T14:00:00Z,87.036,86.948,86.948,13,86.584,86.584,28,86.803,0,87.172952,1,0,Buy,win,0.376241758,0.001628752
219,Buy win,2021-08-30T08:00:00Z,87.108,87.103,87.103,17,86.9,86.9,6,87,3,87.228454,8,0,Buy,win,0.593369458,0.002568699
220,Buy loss,2021-08-31T13:30:00Z,87.395,87.386,87.386,40,87.036,87.036,14,86.912,9,87.422,0,87.422,Buy,loss,-1.38,-0.005974026
221,Sell win,2021-08-31T13:30:00Z,86.912,87.386,87.386,49,87.036,87.036,23,87.082,0,86.8197,1,87.422,Sell,win,0.263714286,0.00114162
222,Buy loss,2021-09-06T10:00:00Z,87.71,87.708,87.657,92,87.036,87.531,54,87.502,57,87.812,0,87.812,Buy,loss,-0.30952381,-0.00133993
223,Sell loss,2021-09-06T10:00:00Z,87.502,87.708,87.657,92,87.036,87.531,54,87.709,7,87.502,0,87.502,Sell,loss,-0.308035714,-0.001333488
224,Buy loss,2021-09-07T05:00:00Z,87.709,87.708,87.657,99,87.036,87.531,61,87.519,31,87.734868,0,87.502,Buy,loss,-0.282738095,-0.001223974
225,Sell win,2021-09-07T05:00:00Z,87.519,87.708,87.657,130,87.036,87.531,92,87.637,5,87.453132,9,87.502,Sell,win,0.098017857,0.00042432
226,Sell win,2021-09-08T08:00:00Z,86.979,87.709,87.334,83,87.159,87.159,23,87.202,0,87.05085,2,0,Sell,win,0.130636364,0.000565525
227,Sell win,2021-09-09T00:30:00Z,86.747,87.135,87.135,17,86.759,86.759,33,86.812,0,86.526632,13,0,Sell,win,0.586085106,0.002537165
228,Sell win,2021-09-14T14:30:00Z,86.484,87.289,87.133,100,86.553,86.553,82,86.68,3,86.344,20,86.344,Sell,win,0.190217391,0.000823452
229,Sell win,2021-09-15T06:00:00Z,86.234,86.447,86.447,16,86.278,86.278,11,86.366,2,86.173558,9,0,Sell,win,0.35764497,0.001548247
230,Buy win,2021-09-16T15:30:00Z,86.488,86.438,86.438,70,86.004,86.004,55,86.427,0,86.706212,25,0,Buy,win,0.502792627,0.002176591
