time,open,high,low,close,%K,%D,ATR
2022-07-01T10:00:00+07:00,0.68767,0.68775,0.6824,0.68321,16.13055067977665,16.747094516662585,0.001889999999999987
2022-07-01T11:00:00+07:00,0.68321,0.6836,0.6813,0.68225,13.294599741010893,14.612890961420566,0.0017442857142856982
2022-07-01T12:00:00+07:00,0.68225,0.68319,0.68167,0.68281,13.148713128304559,14.191287849697373,0.0016078571428571212
2022-07-01T13:00:00+07:00,0.68281,0.68372,0.68185,0.68225,13.83522180185111,13.426178223722195,0.0016071428571428387
2022-07-01T14:00:00+07:00,0.68225,0.68245,0.67965,0.67986,11.19259024449102,12.725508391548901,0.0017171428571428457
2022-07-01T15:00:00+07:00,0.67986,0.68104,0.67904,0.68093,18.417036595331755,14.4816162138913,0.001783571428571416
2022-07-01T16:00:00+07:00,0.68093,0.6818299999999999,0.68051,0.68091,27.644824311491746,19.08481705043818,0.00176357142857142
2022-07-01T17:00:00+07:00,0.68091,0.68121,0.67918,0.67946,29.77207977208018,25.277980226301235,0.0018642857142856992
2022-07-01T18:00:00+07:00,0.67946,0.68032,0.67779,0.67833,20.173202254747252,25.863368779439735,0.00200714285714285
2022-07-01T19:00:00+07:00,0.67833,0.67872,0.67654,0.67688,8.996520992999685,19.64726767327571,0.0021028571428571364
2022-07-01T20:00:00+07:00,0.67688,0.67929,0.67636,0.6789,21.483434851028893,16.88438603292528,0.002262857142857138
2022-07-01T21:00:00+07:00,0.6789,0.68005,0.67702,0.67705,22.36304194806063,17.614332597363077,0.0023835714285714293
2022-07-01T22:00:00+07:00,0.67705,0.67982,0.67671,0.67886,41.26440593449079,28.37029424452678,0.002497857142857139
2022-07-01T23:00:00+07:00,0.67886,0.67969,0.6784,0.67845,44.66589455023,36.09778081092715,0.002447142857142854
2022-07-02T00:00:00+07:00,0.67845,0.68076,0.6783899999999999,0.68066,72.49938408475003,52.80989485649028,0.0022342857142857203
2022-07-02T01:00:00+07:00,0.68066,0.68286,0.68052,0.68166,78.28488133366193,65.15005332288065,0.002237142857142866
2022-07-02T02:00:00+07:00,0.68166,0.68197,0.6809999999999999,0.68181,87.04730229120496,79.27718923653897,0.0021978571428571563
2022-07-02T03:00:00+07:00,0.68181,0.68195,0.6812,0.6815599999999999,78.11062003237453,81.14760121908047,0.0021178571428571475
2022-07-04T04:00:00+07:00,0.68085,0.68153,0.68084,0.68121,72.31043451374066,79.1561189457734,0.001969285714285713
2022-07-04T05:00:00+07:00,0.68121,0.6824399999999999,0.68088,0.68241,71.59123501405249,74.0040965200559,0.001937857142857134
2022-07-04T06:00:00+07:00,0.68241,0.68253,0.68103,0.68132,57.41961531842788,67.10709494874034,0.001950714285714274
2022-07-04T07:00:00+07:00,0.68132,0.68284,0.68125,0.68184,53.05719921104539,60.689349847841925,0.0019192857142857028
2022-07-04T08:00:00+07:00,0.68184,0.68187,0.67938,0.68111,42.80078895463598,51.09253449470308,0.001916428571428557
2022-07-04T09:00:00+07:00,0.68111,0.6815,0.68005,0.68043,43.448940269749414,46.43564281181026,0.0018642857142856992
2022-07-04T10:00:00+07:00,0.68043,0.68157,0.6801699999999999,0.68046,37.18689788053904,41.14554236830815,0.0017549999999999907
2022-07-04T11:00:00+07:00,0.68046,0.68157,0.68033,0.6815,40.94412331406505,40.52665382145117,0.0016271428571428429
2022-07-04T12:00:00+07:00,0.6815,0.68336,0.68143,0.68328,63.491832960563805,47.207618051722626,0.0015428571428571316
2022-07-04T13:00:00+07:00,0.68328,0.6840499999999999,0.68286,0.68396,85.67054201644146,63.3688327636901,0.0015357142857142672
2022-07-04T14:00:00+07:00,0.68396,0.68625,0.68393,0.68613,97.92208851273996,82.36148782991508,0.0015321428571428311
2022-07-04T15:00:00+07:00,0.68613,0.68626,0.68486,0.68531,93.25202656726185,92.28155236548109,0.0014649999999999702
2022-07-04T16:00:00+07:00,0.68531,0.68828,0.68481,0.68782,91.76358374487673,94.31256627495952,0.001643571428571395
2022-07-04T17:00:00+07:00,0.68782,0.68886,0.68777,0.6884899999999999,90.36592292616281,91.79384441276714,0.0016678571428571179
2022-07-04T18:00:00+07:00,0.6884899999999999,0.68874,0.68779,0.68782,88.67422339352635,90.26791002152197,0.0016842857142856937
2022-07-04T19:00:00+07:00,0.68782,0.68794,0.68736,0.68754,80.04846868504674,86.36287166824529,0.001614285714285703
2022-07-04T20:00:00+07:00,0.68754,0.6877,0.68589,0.68599,58.48262506364775,75.73510571407361,0.0016364285714285626
2022-07-04T21:00:00+07:00,0.68599,0.68635,0.68504,0.68532,34.62435093616037,57.71848156161828,0.0016164285714285662
2022-07-04T22:00:00+07:00,0.68532,0.68632,0.68443,0.6862199999999999,25.998989302290852,39.701988434032984,0.001573571428571428
2022-07-04T23:00:00+07:00,0.6862199999999999,0.68712,0.68616,0.68671,37.939476798334724,32.8542723455953,0.0015385714285714289
2022-07-05T00:00:00+07:00,0.68671,0.68672,0.68602,0.68608,52.31576768646571,38.75141126236375,0.0014885714285714263
2022-07-05T01:00:00+07:00,0.68608,0.68641,0.68598,0.6864,62.88339376569809,51.04621275016617,0.0014307142857142771
2022-07-05T02:00:00+07:00,0.6864,0.68646,0.6860499999999999,0.6863,64.40321498812177,59.867458813428506,0.0013221428571428512
2022-07-05T03:00:00+07:00,0.6863,0.6868299999999999,0.68598,0.68598,47.58364312267793,58.29008395883258,0.0012978571428571364
2022-07-05T04:00:00+07:00,0.68598,0.6866099999999999,0.68577,0.68647,45.18482149120015,52.39055986733327,0.001192142857142848
2022-07-05T05:00:00+07:00,0.68647,0.68715,0.68637,0.68676,45.92562209461547,46.2313622361645,0.0011478571428571369
2022-07-05T06:00:00+07:00,0.68676,0.68796,0.6867,0.68713,66.62577430161718,52.57873929581094,0.000989999999999999
2022-07-05T07:00:00+07:00,0.68713,0.689,0.68662,0.68848,72.58017194945306,61.710522781895236,0.001082142857142849
2022-07-05T08:00:00+07:00,0.68848,0.68948,0.68776,0.689,77.68779334091303,72.29791319732776,0.0011371428571428446
2022-07-05T09:00:00+07:00,0.689,0.68911,0.68709,0.68748,68.8847472432357,73.05090417786727,0.0012399999999999872
2022-07-05T10:00:00+07:00,0.68748,0.68841,0.68733,0.68755,51.756931818206304,66.10982413411834,0.0011878571428571294
2022-07-05T11:00:00+07:00,0.68755,0.6886,0.68515,0.68646,32.820947471964296,51.15420884446877,0.0013407142857142665
2022-07-05T12:00:00+07:00,0.68646,0.68775,0.68612,0.68733,37.705981470415026,40.76128692019521,0.0013221428571428353
2022-07-05T13:00:00+07:00,0.68733,0.68733,0.68548,0.6858299999999999,32.590726355159205,34.372551765846175,0.001385714285714268
2022-07-05T14:00:00+07:00,0.6858299999999999,0.68608,0.6806,0.68168,27.006045831679945,32.43425121908472,0.0017271428571428399
2022-07-05T15:00:00+07:00,0.68168,0.68184,0.6791699999999999,0.67928,10.612735699161293,23.40316929533348,0.0018871428571428492
2022-07-05T16:00:00+07:00,0.67928,0.6805599999999999,0.6782,0.6796099999999999,9.81029594384244,15.809692491561227,0.002026428571428556
2022-07-05T17:00:00+07:00,0.6796099999999999,0.68041,0.67921,0.67977,11.042314928873475,10.488448857292404,0.0020514285714285613
2022-07-05T18:00:00+07:00,0.67977,0.67992,0.67781,0.67836,12.870332998759856,11.240981290491925,0.0021421428571428464
2022-07-05T19:00:00+07:00,0.67836,0.67897,0.6774,0.6785,16.207125288431936,13.373257738688423,0.0021985714285714148
2022-07-05T20:00:00+07:00,0.6785,0.67889,0.67674,0.67702,12.918387280712997,13.998615189301598,0.0022621428571428398
2022-07-05T21:00:00+07:00,0.67702,0.67851,0.67644,0.67762,20.60917987368924,16.578230814278058,0.0022399999999999803
2022-07-05T22:00:00+07:00,0.67762,0.6779999999999999,0.67643,0.67721,19.800778348955458,17.7761151677859,0.0022292857142856954
2022-07-05T23:00:00+07:00,0.67721,0.6775599999999999,0.67613,0.67642,20.761253240188285,20.39040382094433,0.002187142857142832
2022-07-06T00:00:00+07:00,0.67642,0.67775,0.67627,0.67772,30.056511152793707,23.539514247312486,0.0022157142857142575
2022-07-06T01:00:00+07:00,0.67772,0.67947,0.67751,0.67899,51.14956859092565,33.98911099463588,0.0021092857142856946
2022-07-06T02:00:00+07:00,0.67899,0.67974,0.67877,0.67969,80.61746553863206,53.9411817607838,0.002062142857142838
2022-07-06T03:00:00+07:00,0.67969,0.68037,0.67942,0.68003,92.07494434639807,74.61399282531859,0.001997857142857123
2022-07-06T04:00:00+07:00,0.68003,0.68008,0.67932,0.67966,91.0930057844979,87.92847188984268,0.0016607142857142615
2022-07-06T05:00:00+07:00,0.67966,0.68036,0.6795599999999999,0.67989,85.96028070717419,89.70941027935673,0.00152714285714283
2022-07-06T06:00:00+07:00,0.67989,0.68002,0.67881,0.67938,68.00823668201662,81.68717439122958,0.001444999999999974
2022-07-06T07:00:00+07:00,0.67938,0.68063,0.6788,0.68059,73.05199695568614,75.67350478162565,0.0014899999999999755
2022-07-06T08:00:00+07:00,0.68059,0.68175,0.68016,0.68075,67.34696752184341,69.46906705318206,0.0014528571428571208
2022-07-06T09:00:00+07:00,0.68075,0.6819,0.68038,0.68108,79.15476322076924,73.18457589943293,0.0014492857142856927
2022-07-06T10:00:00+07:00,0.68108,0.68135,0.68014,0.68052,65.04465099325816,70.5154605786236,0.0013821428571428398
2022-07-06T11:00:00+07:00,0.68052,0.68062,0.67882,0.67914,46.6666666666681,63.622026960231835,0.001362857142857134
2022-07-06T12:00:00+07:00,0.67914,0.67929,0.67792,0.67823,24.7468525422823,45.48605673406953,0.0013485714285714212
2022-07-06T13:00:00+07:00,0.67823,0.68093,0.67776,0.6807,29.923726470908736,33.77908189328638,0.0014728571428571408
2022-07-06T14:00:00+07:00,0.6807,0.6820499999999999,0.67987,0.68103,51.67573790033996,35.448772304510335,0.0015228571428571433
2022-07-06T15:00:00+07:00,0.68103,0.68208,0.67885,0.67985,65.20596620234299,48.93514352453057,0.0016135714285714284
2022-07-06T16:00:00+07:00,0.67985,0.6799499999999999,0.67898,0.67942,54.34311059311057,57.07493823193118,0.0016135714285714206
2022-07-06T17:00:00+07:00,0.67942,0.6807,0.67908,0.6802,47.76234567901182,55.77047415815513,0.0016614285714285598
2022-07-06T18:00:00+07:00,0.6802,0.68042,0.6789999999999999,0.68028,46.39328440928043,49.49958022713428,0.0017085714285714243
2022-07-06T19:00:00+07:00,0.68028,0.68203,0.68004,0.68137,59.59083438443648,51.248821490909584,0.001793571428571426
2022-07-06T20:00:00+07:00,0.68137,0.6826,0.67986,0.67998,49.97177702136448,51.98529860502714,0.0019028571428571426
2022-07-06T21:00:00+07:00,0.67998,0.68005,0.6769,0.67741,38.196751221570786,49.253120875790586,0.001997142857142864
2022-07-06T22:00:00+07:00,0.67741,0.6781,0.6766,0.67738,16.523892604439457,34.89747361579158,0.001990714285714298
2022-07-06T23:00:00+07:00,0.67738,0.67748,0.67619,0.67732,13.192024523086616,22.63755611636563,0.00197428571428573
2022-07-07T00:00:00+07:00,0.67732,0.67892,0.67724,0.67855,22.482059282371782,17.39932546996596,0.0020078571428571563
2022-07-07T01:00:00+07:00,0.67855,0.67982,0.67699,0.6789999999999999,42.41470176941769,26.02959519162536,0.0020814285714285835
2022-07-07T02:00:00+07:00,0.6789999999999999,0.6797,0.67786,0.67864,59.03617103590192,41.3109773625638,0.0021150000000000097
2022-07-07T03:00:00+07:00,0.67864,0.67887,0.67753,0.67753,59.06854698658723,53.50647326396895,0.001984285714285724
2022-07-07T04:00:00+07:00,0.67753,0.67828,0.67715,0.67819,48.93684678458229,55.680521602357146,0.0019092857142857245
2022-07-07T05:00:00+07:00,0.67819,0.67863,0.67771,0.67862,45.63820018365473,51.21453131827476,0.001744285714285714
2022-07-07T06:00:00+07:00,0.67862,0.6787299999999999,0.67786,0.6781699999999999,46.6666666666658,47.08057121163427,0.0017371428571428577
2022-07-07T07:00:00+07:00,0.6781699999999999,0.67883,0.67643,0.67841,59.581571376160106,50.628812742160214,0.0017928571428571516
2022-07-07T08:00:00+07:00,0.67841,0.67907,0.67781,0.67891,71.69564497433316,59.31462767238636,0.0017814285714285688
2022-07-07T09:00:00+07:00,0.67891,0.68168,0.67891,0.68146,90.29881957750865,73.8586786426673,0.0018371428571428467
2022-07-07T10:00:00+07:00,0.68146,0.6820499999999999,0.68108,0.68149,93.26150164584465,85.08532206589548,0.0017107142857142718
2022-07-07T11:00:00+07:00,0.68149,0.68208,0.68111,0.68185,93.92477151265321,92.49503091200216,0.001554999999999981
2022-07-07T12:00:00+07:00,0.68185,0.68334,0.68166,0.68207,87.66638292515063,91.61755202788282,0.0015678571428571128
2022-07-07T13:00:00+07:00,0.68207,0.68227,0.68063,0.68077,71.65000585625977,84.4137200980212,0.001592857142857118
2022-07-07T14:00:00+07:00,0.68077,0.6818299999999999,0.68035,0.6817,54.7237719003993,71.3467202272699,0.0015785714285713975
2022-07-07T15:00:00+07:00,0.6817,0.68314,0.68053,0.6826099999999999,54.24074731170581,60.20484168945495,0.001562857142857112
2022-07-07T16:00:00+07:00,0.6826099999999999,0.6846,0.68115,0.68403,69.10800708243154,59.357508764845534,0.0016778571428571118
2022-07-07T17:00:00+07:00,0.68403,0.6848299999999999,0.6837,0.68396,80.91795890597086,68.0889044333694,0.0016628571428571087
2022-07-07T18:00:00+07:00,0.68396,0.68412,0.68321,0.68403,83.10381652661192,77.70992750500477,0.0016471428571428232
2022-07-07T19:00:00+07:00,0.68403,0.68421,0.6816099999999999,0.68192,65.01626522702212,76.34601355320163,0.0017671428571428322
2022-07-07T20:00:00+07:00,0.68192,0.68374,0.68147,0.68327,57.359044730127856,68.49304216125397,0.001867142857142837
2022-07-07T21:00:00+07:00,0.68327,0.68409,0.68236,0.68346,49.72015584123826,57.36515526612941,0.00181928571428569
2022-07-07T22:00:00+07:00,0.68346,0.68379,0.68235,0.68263,53.05688418390721,53.37869491842445,0.0018321428571428378
2022-07-07T23:00:00+07:00,0.68263,0.68435,0.6826,0.68362,58.73824489244114,53.83842830586221,0.0017592857142857013
2022-07-08T00:00:00+07:00,0.68362,0.68394,0.68298,0.68384,66.42673695593322,59.407288677427196,0.0017585714285714188
2022-07-08T01:00:00+07:00,0.68384,0.68484,0.68374,0.68398,74.13543061133431,66.4334708199029,0.0017678571428571305
2022-07-08T02:00:00+07:00,0.68398,0.68481,0.68386,0.68419,73.8830321285137,71.4817332319271,0.0017157142857142807
2022-07-08T03:00:00+07:00,0.68419,0.68425,0.68372,0.68377,63.863190858672475,70.62721786617351,0.0016364285714285626
2022-07-08T04:00:00+07:00,0.68377,0.68392,0.68364,0.68392,58.88845319835263,65.54489206184628,0.0015507142857142783
2022-07-08T05:00:00+07:00,0.68392,0.6845,0.68379,0.68416,48.70103686635782,57.150893641127645,0.0014149999999999916
2022-07-08T06:00:00+07:00,0.68416,0.68503,0.68368,0.68475,57.909027616613464,55.16617256044131,0.0012650000000000003
2022-07-08T07:00:00+07:00,0.68475,0.68602,0.68415,0.68599,73.97631474652034,60.19545974316387,0.0013178571428571404
2022-07-08T08:00:00+07:00,0.68599,0.68612,0.68426,0.68465,73.10713911928072,68.33082716080484,0.0013857142857142837
2022-07-08T09:00:00+07:00,0.68465,0.68502,0.68299,0.68329,49.683322262224294,65.58892537600846,0.0013449999999999931
2022-07-08T10:00:00+07:00,0.68329,0.68376,0.6822199999999999,0.68284,22.069302295263345,48.28658789225613,0.0012928571428571431
2022-07-08T11:00:00+07:00,0.68284,0.68308,0.6813,0.68232,15.547975386773174,29.10019998142027,0.0012964285714285714
2022-07-08T12:00:00+07:00,0.68232,0.68242,0.68148,0.68238,19.821966875909432,19.14641485264865,0.0012607142857142897
2022-07-08T13:00:00+07:00,0.68238,0.68321,0.68225,0.68296,29.397373548089934,21.589105270257516,0.0012042857142857133
2022-07-08T14:00:00+07:00,0.68296,0.68308,0.68016,0.68184,37.898987194931486,29.03944253964362,0.0013442857142857184
2022-07-08T15:00:00+07:00,0.68184,0.68216,0.68093,0.68148,44.85633703507841,37.384232592699945,0.00135357142857143
2022-07-08T16:00:00+07:00,0.68148,0.68212,0.68096,0.68193,49.32604735883459,44.027123862948166,0.0013685714285714254
2022-07-08T17:00:00+07:00,0.68193,0.68376,0.68168,0.68282,58.40012143290837,50.86083527560712,0.0014792857142857147
2022-07-08T18:00:00+07:00,0.68282,0.68348,0.68254,0.68321,72.2146326654521,59.98026715239836,0.0015264285714285714
2022-07-08T19:00:00+07:00,0.68321,0.68376,0.67916,0.6809,65.47906602254311,65.36460670696786,0.0018042857142857186
2022-07-08T20:00:00+07:00,0.6809,0.68534,0.68082,0.6832199999999999,62.74803401966668,66.81391090255397,0.0020307142857142824
2022-07-08T21:00:00+07:00,0.6832199999999999,0.68743,0.68272,0.68672,64.97887731762046,64.40199245327675,0.00223357142857143
2022-07-08T22:00:00+07:00,0.68672,0.68734,0.68536,0.68585,79.33511516000549,69.02067549909755,0.002242142857142859
2022-07-08T23:00:00+07:00,0.68585,0.6859,0.68311,0.68369,75.69528415961312,73.33642554574635,0.002296428571428572
2022-07-09T00:00:00+07:00,0.68369,0.68453,0.68309,0.68437,63.125868552588436,72.71875595740234,0.002289285714285708
2022-07-09T01:00:00+07:00,0.68437,0.68537,0.68412,0.68498,52.155273345362126,63.65880868585456,0.002251428571428571
2022-07-09T02:00:00+07:00,0.68498,0.6854,0.6846099999999999,0.6849999999999999,48.876898875864214,54.71934692460493,0.0022407142857142864
2022-07-09T03:00:00+07:00,0.6849999999999999,0.68556,0.6849,0.68538,58.139617751431196,53.05726332421918,0.0022192857142857175
2022-07-11T04:00:00+07:00,0.68401,0.68545,0.68401,0.6852,70.62031320229168,59.212276609862364,0.002113571428571429
2022-07-11T05:00:00+07:00,0.6852,0.6852199999999999,0.68429,0.68479,72.41411459381692,67.05801518251327,0.0020921428571428597
2022-07-11T06:00:00+07:00,0.68479,0.68537,0.68429,0.68448,55.356754168300675,66.13039398813643,0.002086428571428584
2022-07-11T07:00:00+07:00,0.68448,0.6846,0.68355,0.6838299999999999,31.525169849676008,53.09867953726454,0.0020128571428571496
2022-07-11T08:00:00+07:00,0.6838299999999999,0.68395,0.68164,0.68227,20.262787324910455,35.71490378096238,0.0021107142857142913
2022-07-11T09:00:00+07:00,0.68227,0.68331,0.6819,0.68242,17.12576982656829,22.97124233371825,0.0018828571428571464
2022-07-11T10:00:00+07:00,0.68242,0.68298,0.68154,0.6824399999999999,20.315218579323147,19.234591910267298,0.0016628571428571484
2022-07-11T11:00:00+07:00,0.6824399999999999,0.68298,0.6817,0.68219,21.884017577486727,19.77500199445939,0.0014178571428571532
2022-07-11T12:00:00+07:00,0.68219,0.6823899999999999,0.68076,0.6812,19.511209343534073,20.57014850011465,0.0013928571428571482
2022-07-11T13:00:00+07:00,0.6812,0.68185,0.68043,0.68081,16.076459319359873,19.15722874679356,0.0012950000000000064
2022-07-11T14:00:00+07:00,0.68081,0.68164,0.6801,0.68038,12.236590038314185,15.94141956706938,0.0013021428571428628
2022-07-11T15:00:00+07:00,0.68038,0.68134,0.6799499999999999,0.68076,16.549779977998444,14.954276445224167,0.001312142857142857
2022-07-11T16:00:00+07:00,0.68076,0.68124,0.6785599999999999,0.67865,12.934921647082417,13.907097221131684,0.0014471428571428532
2022-07-11T17:00:00+07:00,0.67865,0.6793899999999999,0.67816,0.67848,12.584876479964608,14.023192701681824,0.001487857142857136
2022-07-11T18:00:00+07:00,0.67848,0.67941,0.67676,0.67689,4.561963532931238,10.027253886659423,0.0015742857142857028
2022-07-11T19:00:00+07:00,0.67689,0.67759,0.67376,0.67415,5.493713293534998,7.546851102143617,0.0017814285714285608
2022-07-11T20:00:00+07:00,0.67415,0.67459,0.67143,0.67297,7.835773411383937,5.9638167459500595,0.0019299999999999873
2022-07-11T21:00:00+07:00,0.67297,0.6745599999999999,0.67205,0.67365,16.22097822670118,9.850154977206705,0.0020342857142856947
2022-07-11T22:00:00+07:00,0.67365,0.6751699999999999,0.6731699999999999,0.67493,29.125821689800688,17.727524442628603,0.0020121428571428434
2022-07-11T23:00:00+07:00,0.67493,0.67502,0.67315,0.67401,37.85410495936842,27.73363495862343,0.0020449999999999796
2022-07-12T00:00:00+07:00,0.67401,0.67524,0.67393,0.6751,60.689408441170734,42.55644503011328,0.0020357142857142596
2022-07-12T01:00:00+07:00,0.6751,0.67535,0.67404,0.67416,67.38265671336575,55.30872337130163,0.002037857142857115
2022-07-12T02:00:00+07:00,0.67416,0.67443,0.67265,0.67357,64.77964244368503,64.2839025327405,0.0020485714285714074
2022-07-12T03:00:00+07:00,0.67357,0.67375,0.67309,0.67315,38.84399551066269,57.002098222571156,0.0019942857142856945
2022-07-12T04:00:00+07:00,0.67315,0.67352,0.67267,0.67325,24.938271604939587,42.85396985309577,0.0019449999999999826
2022-07-12T05:00:00+07:00,0.67325,0.67382,0.67316,0.67348,23.82716049382806,29.20314253647678,0.0018928571428571247
2022-07-12T06:00:00+07:00,0.67348,0.67437,0.67347,0.67404,43.68428353447107,30.81657187774624,0.0017657142857142674
2022-07-12T07:00:00+07:00,0.67404,0.67455,0.67253,0.67308,45.35278371782302,37.62140924870739,0.0018221428571428436
2022-07-12T08:00:00+07:00,0.67308,0.67381,0.67155,0.67365,58.43920347090949,49.15875690773453,0.0017942857142857086
2022-07-12T09:00:00+07:00,0.67365,0.67407,0.6726,0.6732,50.74257425742678,51.5115204820531,0.0016257142857142779
2022-07-12T10:00:00+07:00,0.6732,0.67332,0.67192,0.67321,60.11111111111135,56.430962946482545,0.0014999999999999933
2022-07-12T11:00:00+07:00,0.67321,0.67321,0.67209,0.6725,47.33333333333375,52.729006233957286,0.0014007142857142868
2022-07-12T12:00:00+07:00,0.6725,0.67275,0.67183,0.67199,34.82010582010583,47.42151675485031,0.001323571428571424
2022-07-12T13:00:00+07:00,0.67199,0.67352,0.6716799999999999,0.67298,34.506763188772716,38.88673411407076,0.0013214285714285765
2022-07-12T14:00:00+07:00,0.67298,0.67325,0.6710699999999999,0.67216,38.78113960600631,36.036002871628284,0.0013835714285714443
2022-07-12T15:00:00+07:00,0.67216,0.67289,0.6712899999999999,0.67188,43.9814419491667,39.089781581315236,0.001404285714285731
2022-07-12T16:00:00+07:00,0.67188,0.67285,0.67132,0.67279,49.25170068027327,44.00476074514876,0.001386428571428582
2022-07-12T17:00:00+07:00,0.67279,0.67377,0.67202,0.67235,50.224237843287035,47.819126824242325,0.0014642857142857274
2022-07-12T18:00:00+07:00,0.67235,0.67446,0.6722,0.67344,62.5076644882813,53.99453433728053,0.001565000000000007
2022-07-12T19:00:00+07:00,0.67344,0.67474,0.6732,0.67464,71.4734537025177,61.40178534469535,0.0016278571428571492
2022-07-12T20:00:00+07:00,0.67464,0.67609,0.67432,0.67528,83.34394054155757,72.44168624411886,0.001690000000000001
2022-07-12T21:00:00+07:00,0.67528,0.67686,0.67438,0.67646,90.61861812999088,81.81200412468871,0.0017228571428571451
2022-07-12T22:00:00+07:00,0.67646,0.67789,0.67631,0.6771,86.9567993615779,86.97311934437545,0.0016742857142857154
2022-07-12T23:00:00+07:00,0.6771,0.67763,0.6765599999999999,0.6772,87.71312554736066,88.42951434630982,0.00164571428571429
2022-07-13T00:00:00+07:00,0.6772,0.67732,0.67648,0.67731,85.05244695085332,86.57412395326396,0.0016057142857142897
2022-07-13T01:00:00+07:00,0.67731,0.67744,0.67641,0.67658,77.23980352016605,83.33512533946002,0.0015992857142857237
2022-07-13T02:00:00+07:00,0.67658,0.6766,0.67522,0.67602,58.79803696503262,73.696762478684,0.0016321428571428678
2022-07-13T03:00:00+07:00,0.67602,0.67623,0.67538,0.67538,33.09320454797126,56.37701501105665,0.0015614285714285786
2022-07-13T04:00:00+07:00,0.67538,0.67599,0.67509,0.67557,19.009027626915472,36.96675637997313,0.001470000000000003
2022-07-13T05:00:00+07:00,0.67557,0.67591,0.6752,0.67526,11.432859539153723,21.178363904680154,0.0014064285714285704
2022-07-13T06:00:00+07:00,0.67526,0.67546,0.67454,0.67458,9.867107346966012,13.436331504345072,0.0013628571428571418
2022-07-13T07:00:00+07:00,0.67458,0.67518,0.67419,0.67481,13.189315662917066,11.496427516345603,0.0013085714285714287
2022-07-13T08:00:00+07:00,0.67481,0.67655,0.6747799999999999,0.67566,31.540680009594286,18.19903433982579,0.0012735714285714375
2022-07-13T09:00:00+07:00,0.67566,0.67719,0.67521,0.6769499999999999,61.56009748532338,35.430031052611575,0.0013050000000000086
2022-07-13T10:00:00+07:00,0.6769499999999999,0.67789,0.67668,0.6771,77.64559474729083,56.9154574140695,0.0012650000000000161
2022-07-13T11:00:00+07:00,0.6771,0.67747,0.67676,0.67727,84.63063063063136,74.61210762108186,0.0011385714285714413
2022-07-13T12:00:00+07:00,0.67727,0.67742,0.67618,0.67648,72.18475710437222,78.15366082743147,0.0011142857142857263
2022-07-13T13:00:00+07:00,0.67648,0.67747,0.67525,0.6761199999999999,57.286948848354065,71.36744552778588,0.0011964285714285824
2022-07-13T14:00:00+07:00,0.6761199999999999,0.6776,0.67587,0.67729,55.296776858180976,61.589494270302424,0.0012600000000000072
2022-07-13T15:00:00+07:00,0.67729,0.67857,0.67701,0.67809,65.59003994267287,59.391255216402634,0.0012978571428571442
2022-07-13T16:00:00+07:00,0.67809,0.67854,0.67775,0.67804,82.28368017524511,67.72349899203299,0.0012557142857142964
2022-07-13T17:00:00+07:00,0.67804,0.67968,0.67798,0.67899,84.6675641618387,77.51376142658556,0.0013164285714285756
2022-07-13T18:00:00+07:00,0.67899,0.6796099999999999,0.67887,0.67941,87.12463654586342,84.69196029431573,0.0013050000000000006
2022-07-13T19:00:00+07:00,0.67941,0.68029,0.67255,0.67467,68.24264864594373,80.01161645121527,0.0018071428571428563
2022-07-13T20:00:00+07:00,0.67467,0.67716,0.67385,0.67455,48.71445332899298,68.02724617360003,0.00197785714285715
2022-07-13T21:00:00+07:00,0.67455,0.6798,0.67258,0.67885,44.87510766580545,53.944069880247376,0.002422857142857147
2022-07-13T22:00:00+07:00,0.67885,0.68034,0.67763,0.67829,60.30645088172628,51.29867062550823,0.00249
2022-07-13T23:00:00+07:00,0.67829,0.6794,0.67799,0.67846,76.98201829019509,60.72119227924225,0.002449285714285717
2022-07-14T00:00:00+07:00,0.67846,0.67927,0.67804,0.67879,76.52549307641767,71.27132074944633,0.00245071428571429
2022-07-14T01:00:00+07:00,0.67879,0.67881,0.67646,0.67689,70.47783527211332,74.66178221290868,0.0025678571428571534
2022-07-14T02:00:00+07:00,0.67689,0.6769499999999999,0.67554,0.67613,49.286225658648696,65.42985133572655,0.002580000000000003
2022-07-14T03:00:00+07:00,0.67613,0.67628,0.67536,0.6758,26.241330962993235,48.66846396458507,0.0024871428571428622
2022-07-14T04:00:00+07:00,0.6758,0.6761199999999999,0.6753,0.67563,10.498366114948364,28.67530757886342,0.0024221428571428566
2022-07-14T05:00:00+07:00,0.67563,0.67585,0.67475,0.67513,9.521012529836566,15.420236535926037,0.0023892857142857127
2022-07-14T06:00:00+07:00,0.67513,0.67513,0.67306,0.67325,7.518755748888843,9.179378131224572,0.0024807142857142805
2022-07-14T07:00:00+07:00,0.67325,0.67496,0.67302,0.67379,12.621185526413415,9.886984601712923,0.0024978571428571467
2022-07-14T08:00:00+07:00,0.67379,0.67602,0.67308,0.6755599999999999,36.81314484629224,18.984362040531497,0.0026550000000000024
2022-07-14T09:00:00+07:00,0.6755599999999999,0.67763,0.67529,0.6774,66.85532058659835,38.763216986434664,0.0022692857142857198
2022-07-14T10:00:00+07:00,0.6774,0.67857,0.67721,0.67788,88.17129914184055,63.94658819157704,0.0021300000000000047
2022-07-14T11:00:00+07:00,0.67788,0.67808,0.67669,0.67702,84.88349520887517,79.97003831243804,0.0017135714285714334
2022-07-14T12:00:00+07:00,0.67702,0.67747,0.67467,0.67567,68.9387748404141,80.66452306370995,0.0017200000000000073
2022-07-14T13:00:00+07:00,0.67567,0.6764,0.67513,0.6752,44.27950018113945,66.03392341014292,0.0017100000000000051
2022-07-14T14:00:00+07:00,0.6752,0.67876,0.67492,0.6769,38.42988528506946,50.54938676887434,0.0018964285714285767
2022-07-14T15:00:00+07:00,0.6769,0.67719,0.6735,0.67389,25.17580654760241,35.96173067127044,0.001992142857142855
2022-07-14T16:00:00+07:00,0.67389,0.67533,0.6738,0.67508,30.658566288917132,31.421419373862992,0.0020007142857142923
2022-07-14T17:00:00+07:00,0.67508,0.6751699999999999,0.67145,0.67147,12.575356431369244,22.803243089296256,0.002200714285714286
2022-07-14T18:00:00+07:00,0.67147,0.67258,0.6709499999999999,0.67191,14.201184681200331,19.145035800495563,0.0022585714285714353
2022-07-14T19:00:00+07:00,0.67191,0.67328,0.67067,0.67081,4.9042568312388894,10.560265981269481,0.0023664285714285788
2022-07-14T20:00:00+07:00,0.67081,0.6710699999999999,0.6681199999999999,0.67001,13.550921638503075,10.885454383647426,0.002429285714285721
2022-07-14T21:00:00+07:00,0.67001,0.67031,0.6685099999999999,0.67022,19.382688513123032,12.61262232762166,0.002419285714285719
2022-07-14T22:00:00+07:00,0.67022,0.67527,0.66989,0.6741699999999999,46.8720702969828,26.601893482869627,0.002593571428571441
2022-07-14T23:00:00+07:00,0.6741699999999999,0.67428,0.6715099999999999,0.67189,55.70996379507025,40.65490753505869,0.0026242857142857296
2022-07-15T00:00:00+07:00,0.67189,0.67379,0.6715599999999999,0.67344,70.58275058275031,57.721594891601114,0.0026864285714285896
2022-07-15T01:00:00+07:00,0.67344,0.6759999999999999,0.67326,0.67567,74.24233087784528,66.84501508522193,0.0027828571428571585
2022-07-15T02:00:00+07:00,0.67567,0.67593,0.67411,0.6746,82.36215431681784,75.72907859247114,0.0027128571428571596
2022-07-15T03:00:00+07:00,0.6746,0.67503,0.67443,0.67479,81.91069782972696,79.50506100813001,0.0026650000000000207
2022-07-15T04:00:00+07:00,0.67479,0.67491,0.67436,0.67459,72.79373707725259,79.02219640793244,0.0024300000000000194
2022-07-15T05:00:00+07:00,0.67459,0.67521,0.67431,0.67471,64.73805873892248,73.14749788196734,0.002230714285714308
2022-07-15T06:00:00+07:00,0.67471,0.67565,0.67461,0.6756,67.67702771352488,68.40294117656664,0.002195714285714301
2022-07-15T07:00:00+07:00,0.6756,0.67602,0.67388,0.6741699999999999,49.446413922161405,60.62050012486959,0.0020828571428571563
2022-07-15T08:00:00+07:00,0.6741699999999999,0.67594,0.67384,0.6758,61.775930206006024,59.63312394723078,0.0021164285714285825
2022-07-15T09:00:00+07:00,0.6758,0.67648,0.67494,0.6755,55.446148876225635,55.5561643347977,0.00204000000000001
2022-07-15T10:00:00+07:00,0.6755,0.67558,0.67366,0.6741699999999999,56.95738371416591,58.05982093213253,0.001966428571428575
2022-07-15T11:00:00+07:00,0.6741699999999999,0.67484,0.67372,0.67388,29.5884375671601,47.330656719183885,0.0019178571428571458
2022-07-15T12:00:00+07:00,0.67388,0.67393,0.6725599999999999,0.67298,12.200270178993291,32.91536382010644,0.0016314285714285773
2022-07-15T13:00:00+07:00,0.67298,0.67354,0.67188,0.67244,10.22987239916094,17.339526715104785,0.0015521428571428591
2022-07-15T14:00:00+07:00,0.67244,0.6742,0.6722,0.67284,16.278048234570594,12.902730270908284,0.001535714285714283
2022-07-15T15:00:00+07:00,0.67284,0.67392,0.67191,0.67362,32.30121425773575,19.603044963822427,0.0014835714285714255
2022-07-15T16:00:00+07:00,0.67362,0.6751199999999999,0.67348,0.67444,54.58069180291449,34.386651431740276,0.0014707142857142777
2022-07-15T17:00:00+07:00,0.67444,0.67618,0.67414,0.67588,76.93979509225075,54.607233717633655,0.0015735714285714203
2022-07-15T18:00:00+07:00,0.67588,0.67615,0.67509,0.67522,83.18438863192672,71.56829184236399,0.0016099999999999923
2022-07-15T19:00:00+07:00,0.67522,0.67812,0.67437,0.67783,88.62364431272802,82.9159426789685,0.0018135714285714144
2022-07-15T20:00:00+07:00,0.67783,0.67879,0.67547,0.67585,72.4934818286037,81.43383825775281,0.0019764285714285617
2022-07-15T21:00:00+07:00,0.67585,0.68063,0.67585,0.6794,73.6702156255097,78.2624472556138,0.0021649999999999964
2022-07-15T22:00:00+07:00,0.6794,0.68046,0.67891,0.6792,67.61236122529272,71.2586862264687,0.0021257142857142785
2022-07-15T23:00:00+07:00,0.6792,0.6793399999999999,0.67833,0.67884,76.53668870433975,72.60642185171405,0.0020878571428571335
2022-07-16T00:00:00+07:00,0.67884,0.6798,0.67881,0.67903,72.51818279383549,72.22241090782265,0.002021428571428563
2022-07-16T01:00:00+07:00,0.67903,0.67953,0.67885,0.67898,68.62639013628585,72.56042054482036,0.0019899999999999918
2022-07-16T02:00:00+07:00,0.67898,0.67948,0.6786099999999999,0.67943,62.03887069946612,67.72781454319582,0.0019542857142857023
2022-07-16T03:00:00+07:00,0.67943,0.67952,0.67906,0.67919,58.54258846564181,63.06928310046459,0.0018685714285714178
2022-07-18T04:00:00+07:00,0.67852,0.67907,0.67841,0.67907,52.542869412431806,57.708109525846574,0.0017814285714285608
2022-07-18T05:00:00+07:00,0.67907,0.68049,0.67881,0.68037,66.7387283266004,59.27472873489133,0.0017578571428571363
2022-07-18T06:00:00+07:00,0.68037,0.68141,0.67985,0.6813,79.34870565086432,66.21010112996551,0.001752142857142853
2022-07-18T07:00:00+07:00,0.6813,0.68142,0.67971,0.68051,86.77718147485582,77.62153848410684,0.0017285714285714207
2022-07-18T08:00:00+07:00,0.68051,0.68189,0.68042,0.68135,83.52784460482957,83.21791057684989,0.0017578571428571285
2022-07-18T09:00:00+07:00,0.68135,0.68159,0.68059,0.68089,73.92755600454024,81.41086069474187,0.0015614285714285628
2022-07-18T10:00:00+07:00,0.68089,0.68168,0.6807,0.6809,68.86746070548575,75.44095377161852,0.0013942857142857051
2022-07-18T11:00:00+07:00,0.6809,0.68106,0.67979,0.68046,52.17443107351149,64.98981592784583,0.0011435714285714185
2022-07-18T12:00:00+07:00,0.68046,0.68127,0.6799,0.68003,33.47313237221319,51.50500805040348,0.0011307142857142865
2022-07-18T13:00:00+07:00,0.68003,0.68146,0.67931,0.68137,44.250690792323915,43.29941807934953,0.00121214285714286
2022-07-18T14:00:00+07:00,0.68137,0.68357,0.6809,0.68306,62.12552388876288,46.616449017766655,0.001332142857142869
2022-07-18T15:00:00+07:00,0.68306,0.68387,0.68262,0.6832199999999999,86.89787142426773,64.42469536845151,0.0013728571428571518
2022-07-18T16:00:00+07:00,0.6832199999999999,0.68391,0.6829,0.6838299999999999,90.67821753812898,79.90053761705319,0.001382857142857154
2022-07-18T17:00:00+07:00,0.6838299999999999,0.68432,0.6827799999999999,0.68346,88.94693831254216,88.84100909164628,0.0014600000000000168
2022-07-18T18:00:00+07:00,0.68346,0.68393,0.68254,0.68279,78.78611959909223,86.13709181658778,0.0015035714285714455
2022-07-18T19:00:00+07:00,0.68279,0.68318,0.68148,0.68316,65.75080626984168,77.82795472715868,0.0015050000000000183
2022-07-18T20:00:00+07:00,0.68316,0.68472,0.68213,0.6837799999999999,61.80191393106244,68.77961326666544,0.001578571428571445
2022-07-18T21:00:00+07:00,0.6837799999999999,0.6854399999999999,0.68334,0.68469,70.40106331968606,65.98459450686339,0.001606428571428588
2022-07-18T22:00:00+07:00,0.68469,0.68482,0.68312,0.6837799999999999,70.04302282080067,67.41533335718306,0.001622857142857164
2022-07-18T23:00:00+07:00,0.6837799999999999,0.68434,0.6832,0.68325,61.279461279462375,67.24118247331637,0.001632857142857158
2022-07-19T00:00:00+07:00,0.68325,0.68387,0.6818299999999999,0.68192,35.09028419000797,55.47092276342368,0.0017085714285714482
2022-07-19T01:00:00+07:00,0.68192,0.6822199999999999,0.68112,0.68137,17.659027175418355,38.00959088162957,0.0016964285714285907
2022-07-19T02:00:00+07:00,0.68137,0.6818299999999999,0.68075,0.68127,7.018841535232764,19.922717633553038,0.0016757142857142962
2022-07-19T03:00:00+07:00,0.68127,0.68142,0.68088,0.68114,9.808986520919097,11.495618410523406,0.0015607142857142961
2022-07-19T04:00:00+07:00,0.68114,0.68131,0.68097,0.68127,13.43552973079578,10.087785928982548,0.001394285714285721
2022-07-19T05:00:00+07:00,0.68127,0.68127,0.6807799999999999,0.6808299999999999,10.99078442890635,11.41176689354041,0.0013400000000000159
2022-07-19T06:00:00+07:00,0.6808299999999999,0.68104,0.68027,0.68096,22.113204256061838,15.513172805254657,0.0013228571428571495
2022-07-19T07:00:00+07:00,0.68096,0.6812,0.68026,0.6805,23.454200424643645,18.852729703203945,0.0012800000000000034
2022-07-19T08:00:00+07:00,0.6805,0.68198,0.68026,0.6816,47.60913371578956,31.058846132165016,0.0013035714285714356
2022-07-19T09:00:00+07:00,0.6816,0.6830499999999999,0.68145,0.68257,60.46411028044403,43.842481473625746,0.0012964285714285714
2022-07-19T10:00:00+07:00,0.68257,0.6842199999999999,0.68246,0.68379,83.28136327011114,63.78486908878158,0.0012371428571428572
2022-07-19T11:00:00+07:00,0.68379,0.6848,0.68354,0.68384,83.59724620560367,75.78090658538629,0.0011771428571428527
2022-07-19T12:00:00+07:00,0.68384,0.6857,0.68352,0.68492,84.55260146598657,83.8104036472338,0.0012114285714285617
2022-07-19T13:00:00+07:00,0.68492,0.68564,0.68472,0.6850499999999999,83.07409086982803,83.74131284713941,0.0011957142857142841
2022-07-19T14:00:00+07:00,0.6850499999999999,0.68795,0.6849999999999999,0.68794,90.06183256544868,85.89617496708775,0.0012607142857142817
2022-07-19T15:00:00+07:00,0.68794,0.68985,0.68775,0.68928,91.83966455132379,88.32519599553349,0.0013321428571428531
2022-07-19T16:00:00+07:00,0.68928,0.69026,0.68818,0.6894899999999999,93.12959298560561,91.67703003412602,0.0014035714285714246
2022-07-19T17:00:00+07:00,0.6894899999999999,0.69025,0.68919,0.69016,92.58862472255629,92.51929408649524,0.0014407142857142871
2022-07-19T18:00:00+07:00,0.69016,0.6902699999999999,0.68947,0.68978,92.49090026356298,92.73637265724163,0.0014735714285714233
2022-07-19T19:00:00+07:00,0.68978,0.68997,0.68837,0.68941,84.92334966930662,90.0009582184753,0.0015528571428571256
2022-07-19T20:00:00+07:00,0.68941,0.69045,0.68897,0.68969,74.3649756493637,83.92640852741111,0.0016035714285714184
2022-07-19T21:00:00+07:00,0.68969,0.69085,0.68926,0.6904,71.4158927904141,76.90140603636148,0.0016499999999999848
2022-07-19T22:00:00+07:00,0.6904,0.69092,0.68958,0.69029,74.55626004842776,73.44570949606853,0.0016228571428571243
2022-07-19T23:00:00+07:00,0.69029,0.69124,0.68939,0.69054,77.58623748476647,74.51946344120279,0.0016407142857142731
2022-07-20T00:00:00+07:00,0.69054,0.6907,0.68995,0.6900499999999999,66.16032208521084,72.76760653946836,0.0015685714285714192
2022-07-20T01:00:00+07:00,0.6900499999999999,0.6902,0.6890499999999999,0.68956,48.82483994715065,64.19046650570932,0.0015607142857142883
2022-07-20T02:00:00+07:00,0.68956,0.69025,0.68934,0.68976,34.42828502269799,49.80448235168649,0.001470000000000011
2022-07-20T03:00:00+07:00,0.68976,0.69012,0.68953,0.68958,26.636225266364068,36.6297834120709,0.0014464285714285788
2022-07-20T04:00:00+07:00,0.68958,0.68994,0.68957,0.68978,33.62114293621298,31.561884408425005,0.0012621428571428625
2022-07-20T05:00:00+07:00,0.68978,0.69048,0.68976,0.6902699999999999,51.252674266372196,37.170014156316405,0.0011635714285714305
2022-07-20T06:00:00+07:00,0.6902699999999999,0.69075,0.6894899999999999,0.68954,47.913835573411,44.26255092533205,0.0011050000000000068
2022-07-20T07:00:00+07:00,0.68954,0.69093,0.6892699999999999,0.69062,60.274794560875954,53.147101466886376,0.001147857142857153
2022-07-20T08:00:00+07:00,0.69062,0.69084,0.6894,0.68961,38.66387535959587,48.9508351646276,0.0011935714285714447
2022-07-20T09:00:00+07:00,0.68961,0.69136,0.68951,0.69134,66.95009703887233,55.29625565311471,0.0012114285714285935
2022-07-20T10:00:00+07:00,0.69134,0.69203,0.69109,0.69154,67.25712224113123,57.623698213199795,0.001172857142857166
2022-07-20T11:00:00+07:00,0.69154,0.69265,0.6914399999999999,0.69214,88.73356053870047,74.31359327290134,0.0011457142857143135
2022-07-20T12:00:00+07:00,0.69214,0.69224,0.69091,0.69119,74.07818083068919,76.68962120350695,0.001145000000000023
2022-07-20T13:00:00+07:00,0.69119,0.6916,0.6898799999999999,0.69156,68.42492996143109,77.07889044360691,0.0011357142857143113
2022-07-20T14:00:00+07:00,0.69156,0.692,0.69038,0.6906599999999999,49.507464015361876,64.00352493582737,0.0011978571428571633
2022-07-20T15:00:00+07:00,0.6906599999999999,0.69148,0.69031,0.69061,39.93308652762722,52.62182683480671,0.001199285714285728
2022-07-20T16:00:00+07:00,0.69061,0.69248,0.6905,0.6923,49.19651948532853,46.21235667610586,0.0012757142857142928
2022-07-20T17:00:00+07:00,0.6923,0.69304,0.68964,0.6904399999999999,47.65337515178221,45.59432705491264,0.0014764285714285769
2022-07-20T18:00:00+07:00,0.6904399999999999,0.69103,0.68928,0.69008,45.96097686210331,47.60362383307134,0.001575000000000009
2022-07-20T19:00:00+07:00,0.69008,0.69102,0.68917,0.69034,25.0128552163066,39.542402410064035,0.0016557142857143
2022-07-20T20:00:00+07:00,0.69034,0.69145,0.68877,0.68923,20.760662535956666,30.578164871455517,0.0017571428571428699
2022-07-20T21:00:00+07:00,0.68923,0.69074,0.68832,0.69046,28.781458304678242,24.851658685647156,0.001811428571428575
2022-07-20T22:00:00+07:00,0.69046,0.6905,0.68897,0.68961,32.44195809416153,27.3280263115988,0.0018178571428571488
2022-07-20T23:00:00+07:00,0.68961,0.69003,0.68785,0.68831,33.11027277886962,31.444563059236454,0.001841428571428581
2022-07-21T00:00:00+07:00,0.68831,0.6887,0.6874,0.68742,18.161887482085636,27.90470611837225,0.0018671428571428608
2022-07-21T01:00:00+07:00,0.68742,0.68873,0.6873,0.6885,16.051775289501446,22.44131185015222,0.0018828571428571386
2022-07-21T02:00:00+07:00,0.6885,0.68911,0.68836,0.68859,25.230016030242314,19.814559600609783,0.0018414285714285733
2022-07-21T03:00:00+07:00,0.68859,0.68894,0.68834,0.68843,38.86272077405752,26.714837364600427,0.0017614285714285724
2022-07-21T04:00:00+07:00,0.68843,0.689,0.68824,0.68877,54.306637001733215,39.46645793534435,0.0017000000000000032
2022-07-21T05:00:00+07:00,0.68877,0.68919,0.68859,0.68863,64.32592712518942,52.498428300326715,0.0016592857142857123
2022-07-21T06:00:00+07:00,0.68863,0.6888799999999999,0.68797,0.68838,61.730799120226436,60.121121082383034,0.0015828571428571398
2022-07-21T07:00:00+07:00,0.68838,0.68946,0.68814,0.68884,54.122063164129855,60.05959646984857,0.0014342857142857132
2022-07-21T08:00:00+07:00,0.68884,0.68947,0.6880999999999999,0.68912,56.22082859622767,57.35789696019466,0.0014071428571428607
2022-07-21T09:00:00+07:00,0.68912,0.68972,0.68858,0.6896,76.06626185149626,62.13638453728459,0.001356428571428576
2022-07-21T10:00:00+07:00,0.6896,0.6898799999999999,0.68893,0.68904,75.27682207263274,69.1879708401189,0.0012328571428571386
2022-07-21T11:00:00+07:00,0.68904,0.6914899999999999,0.68904,0.6914,82.16964409820018,77.83757600744306,0.0012349999999999941
2022-07-21T12:00:00+07:00,0.6914,0.69167,0.69058,0.69101,78.2928933979204,78.57978652291779,0.001203571428571423
2022-07-21T13:00:00+07:00,0.69101,0.69115,0.68916,0.68965,71.16185650019763,77.20813133210608,0.0011899999999999927
2022-07-21T14:00:00+07:00,0.68965,0.68992,0.68719,0.68745,40.6480027286,63.36758420890601,0.0012921428571428528
2022-07-21T15:00:00+07:00,0.68745,0.68759,0.68628,0.68676,16.445594492578355,42.75181790712532,0.0012835714285714314
2022-07-21T16:00:00+07:00,0.68676,0.6872199999999999,0.6858799999999999,0.68704,11.581164692286762,22.89158730448837,0.0013257142857142873
2022-07-21T17:00:00+07:00,0.68704,0.6880499999999999,0.68696,0.68729,18.565046954868908,15.53060204657801,0.0013607142857142787
2022-07-21T18:00:00+07:00,0.68729,0.6874899999999999,0.6866,0.68696,24.50747793266092,18.217896526605532,0.0013699999999999904
2022-07-21T19:00:00+07:00,0.68696,0.69085,0.6866099999999999,0.69033,47.6750382745627,30.24918772069751,0.0016299999999999965
2022-07-21T20:00:00+07:00,0.69033,0.69077,0.68681,0.68956,63.438054066976896,45.20685675806684,0.0018478571428571392
2022-07-21T21:00:00+07:00,0.68956,0.69023,0.68779,0.68974,79.15461395825996,63.42256876659985,0.0019278571428571398
2022-07-21T22:00:00+07:00,0.68974,0.69047,0.68856,0.68972,73.7794610802073,72.12404303514805,0.0019664285714285673
2022-07-21T23:00:00+07:00,0.68972,0.69001,0.68895,0.68962,72.76156122826592,75.23187875557772,0.001960714285714284
2022-07-22T00:00:00+07:00,0.68962,0.69003,0.68902,0.6898299999999999,73.5549856687483,73.36533599240717,0.0019650000000000106
2022-07-22T01:00:00+07:00,0.6898299999999999,0.6906599999999999,0.68967,0.69023,77.42353796771711,74.58002828824378,0.001860714285714295
2022-07-22T02:00:00+07:00,0.69023,0.69204,0.6900499999999999,0.69203,86.99756384785883,79.32536249477475,0.00192500000000001
2022-07-22T03:00:00+07:00,0.69203,0.69364,0.69163,0.69321,91.85387392804978,85.4249919145419,0.0019264285714285828
2022-07-22T04:00:00+07:00,0.69321,0.69376,0.69285,0.69331,93.68350976509424,90.84498251366762,0.0017964285714285877
2022-07-22T05:00:00+07:00,0.69331,0.69358,0.69265,0.69265,84.7328404379803,90.09007471037478,0.0017692857142857271
2022-07-22T06:00:00+07:00,0.69265,0.69329,0.69216,0.6922,73.77281576350957,84.0630553221947,0.001754285714285724
2022-07-22T07:00:00+07:00,0.6922,0.69233,0.69154,0.69192,49.30974509790668,69.27180043313217,0.0017328571428571551
2022-07-22T08:00:00+07:00,0.69192,0.69291,0.6914399999999999,0.6924,38.81596998057618,53.9661769473308,0.0017742857142857363
2022-07-22T09:00:00+07:00,0.6924,0.69265,0.69147,0.69161,22.146784231862693,36.75749977011517,0.001555714285714303
2022-07-22T10:00:00+07:00,0.69161,0.6918799999999999,0.69048,0.69122,25.219251717142146,28.727335309860322,0.0013728571428571598
2022-07-22T11:00:00+07:00,0.69122,0.69122,0.68973,0.6898299999999999,12.474366298215811,19.946800749073535,0.0013050000000000164
2022-07-22T12:00:00+07:00,0.6898299999999999,0.69072,0.68969,0.69038,16.96924836319099,18.2209554595163,0.0012421428571428663
2022-07-22T13:00:00+07:00,0.69038,0.69242,0.69029,0.6924,38.70909319022507,22.71756928387727,0.0013185714285714387
2022-07-22T14:00:00+07:00,0.6924,0.69247,0.68934,0.69072,52.35736078387845,36.01190077909815,0.001470000000000011
2022-07-22T15:00:00+07:00,0.69072,0.69229,0.69056,0.69154,68.64368361972276,53.23671253127543,0.0015228571428571591
2022-07-22T16:00:00+07:00,0.69154,0.69242,0.6913199999999999,0.69214,67.94462193823222,62.98188878061114,0.0014592857142857343
2022-07-22T17:00:00+07:00,0.69214,0.6930499999999999,0.69136,0.69284,84.69467719573264,73.7609942512292,0.0014364285714285846
2022-07-22T18:00:00+07:00,0.69284,0.6944,0.6923199999999999,0.69401,92.02966058989055,81.5563199079518,0.0015200000000000133
2022-07-22T19:00:00+07:00,0.69401,0.6947099999999999,0.69372,0.6939,89.03801349031075,88.58745042531132,0.001524285714285724
2022-07-22T20:00:00+07:00,0.6939,0.69429,0.69374,0.69429,86.79501243281611,89.2875621710058,0.0014828571428571508