time,open,high,low,close,Basis90,Upper90,Lower90,Basis20,Upper20,Lower20,RSI
2020-11-08T07:00:00+07:00,1.074,1.136,1.032,1.116,1.714266667,2.920539118,0.507994215,1.01395,1.183811679,0.844088321,50.13225682
2020-11-09T07:00:00+07:00,1.116,1.127,1,1.03,1.708488889,2.922807728,0.494170049,1.0133,1.18281118,0.84378882,45.24899853
2020-11-10T07:00:00+07:00,1.03,1.23,1.022,1.185,1.702966667,2.92222737,0.483705964,1.0175,1.199217913,0.835782087,53.95456356
2020-11-11T07:00:00+07:00,1.185,1.203,1.088,1.1,1.692966667,2.917072052,0.468861281,1.0168,1.197128145,0.836471855,49.32301303
2020-11-12T07:00:00+07:00,1.1,1.127,1.014,1.038,1.683744444,2.914921932,0.452566957,1.01515,1.194062576,0.836237424,46.20724078
2020-11-13T07:00:00+07:00,1.038,1.099,1.027,1.075,1.677155556,2.914929001,0.43938211,1.01615,1.196162527,0.836137473,48.30594588
2020-11-14T07:00:00+07:00,1.075,1.081,1.002,1.034,1.669355556,2.914373728,0.424337383,1.0131,1.1897,0.8365,46.15696923
2020-11-15T07:00:00+07:00,1.034,1.194,1.033,1.184,1.664122222,2.913290473,0.414953972,1.02065,1.212279095,0.829020905,54.18691685
2020-11-16T07:00:00+07:00,1.184,1.34,1.16,1.264,1.659533333,2.91150984,0.407556827,1.0283,1.244399144,0.812200856,57.80154155
2020-11-17T07:00:00+07:00,1.264,1.315,1.118,1.245,1.655588889,2.910524209,0.400653569,1.0404,1.275723097,0.805076903,56.65817735
2020-11-18T07:00:00+07:00,1.245,1.266,1.086,1.137,1.648444444,2.907778876,0.389110013,1.0459,1.28482752,0.80697248,50.53857758
2020-11-19T07:00:00+07:00,1.137,1.198,1.077,1.119,1.644,2.907945322,0.380054678,1.05225,1.291859578,0.812640422,49.57745651
2020-11-20T07:00:00+07:00,1.119,1.213,1.111,1.146,1.639522222,2.907630603,0.371413842,1.06075,1.300997268,0.820502732,51.08030354
2020-11-21T07:00:00+07:00,1.146,1.281,1.114,1.255,1.636433333,2.906916638,0.365950029,1.07425,1.326021226,0.822478774,56.69213043
2020-11-22T07:00:00+07:00,1.255,1.271,1.124,1.189,1.629288889,2.902521564,0.356056214,1.08675,1.335222836,0.838277164,52.74650105
2020-11-23T07:00:00+07:00,1.189,1.362,1.151,1.286,1.624977778,2.900201644,0.349753911,1.1084,1.346887232,0.869912768,57.43524125
2020-11-24T07:00:00+07:00,1.286,1.333,1.198,1.23,1.615588889,2.889863616,0.341314162,1.1283,1.335592161,0.921007839,54.09787855
2020-11-25T07:00:00+07:00,1.23,1.269,1.124,1.155,1.600166667,2.86271447,0.337618863,1.14285,1.311060909,0.974639091,49.91465608
2020-11-26T07:00:00+07:00,1.155,1.17,0.922,1.029,1.584622222,2.84044923,0.328795214,1.14455,1.307349846,0.981750154,43.7885408
2020-11-27T07:00:00+07:00,1.029,1.049,0.959,0.998,1.564311111,2.798108524,0.330513698,1.14075,1.313220142,0.968279858,42.40944172
2020-11-28T07:00:00+07:00,0.998,1.04,0.964,1.014,1.5436,2.750786253,0.336413747,1.13565,1.316571281,0.954728719,43.4002564
2020-11-29T07:00:00+07:00,1.014,1.038,0.997,1.031,1.518377778,2.671273054,0.365482502,1.1357,1.316504978,0.954895022,44.49296114
2020-11-30T07:00:00+07:00,1.031,1.086,1.014,1.062,1.495577778,2.601556559,0.389598996,1.12955,1.311592275,0.947507725,46.52051785
2020-12-01T07:00:00+07:00,1.062,1.395,1.03,1.202,1.468977778,2.482935655,0.455019901,1.13465,1.318798065,0.950501935,54.58813553
2020-12-02T07:00:00+07:00,1.202,1.286,1.174,1.211,1.4502,2.418970547,0.481429453,1.1433,1.324707938,0.961892062,55.05750459
2020-12-03T07:00:00+07:00,1.211,1.278,1.184,1.243,1.431855556,2.351872587,0.511838524,1.1517,1.335225584,0.968174416,56.76845731
2020-12-04T07:00:00+07:00,1.243,1.265,1.107,1.116,1.419811111,2.327589052,0.51203317,1.1558,1.332148065,0.979451935,48.82418292
2020-12-05T07:00:00+07:00,1.116,1.199,1.103,1.177,1.404022222,2.278087055,0.52995739,1.15545,1.331600475,0.979299525,52.27857289
2020-12-06T07:00:00+07:00,1.177,1.182,1.114,1.151,1.389777778,2.237696106,0.54185945,1.1498,1.318763428,0.980836572,50.70746267
2020-12-07T07:00:00+07:00,1.151,1.198,1.122,1.186,1.379188889,2.213103987,0.545273791,1.14685,1.311055085,0.982644915,52.76535644
2020-12-08T07:00:00+07:00,1.186,1.231,1.063,1.072,1.363788889,2.168110853,0.559466925,1.1436,1.310998208,0.976201792,46.02534922
2020-12-09T07:00:00+07:00,1.072,1.12,1.031,1.097,1.350533333,2.132368963,0.568697704,1.1425,1.310816963,0.974183037,47.60591858
2020-12-10T07:00:00+07:00,1.097,1.104,1.019,1.051,1.335711111,2.088582134,0.582840088,1.13775,1.310701872,0.964798128,44.99501619
2020-12-11T07:00:00+07:00,1.051,1.051,0.978,1.024,1.320355556,2.04096507,0.599746041,1.1262,1.297129927,0.955270073,43.48742365
2020-12-12T07:00:00+07:00,1.024,1.069,1.019,1.051,1.305655556,1.992894615,0.618416496,1.1193,1.290673394,0.947926606,45.45555806
2020-12-13T07:00:00+07:00,1.051,1.1,1.03,1.07,1.291,1.940418954,0.641581046,1.1085,1.26287163,0.95412837,46.85811695
2020-12-14T07:00:00+07:00,1.07,1.07,1.033,1.059,1.280244444,1.912382918,0.648105971,1.09995,1.245125032,0.954774968,46.11873012
2020-12-15T07:00:00+07:00,1.059,1.133,1.052,1.127,1.272466667,1.894651934,0.6502814,1.09855,1.242105529,0.954994471,51.24078787
2020-12-16T07:00:00+07:00,1.127,1.215,0.738,1.186,1.264111111,1.870313677,0.657908545,1.1064,1.251050475,0.961749525,55.21849761
2020-12-17T07:00:00+07:00,1.186,1.25,1.12,1.144,1.253422222,1.833219196,0.673625248,1.1137,1.25024025,0.97715975,51.96839075
2020-12-18T07:00:00+07:00,1.144,1.178,1.075,1.158,1.2439,1.801061301,0.686738699,1.1209,1.250670413,0.991129587,52.96224583
2020-12-19T07:00:00+07:00,1.158,1.265,0.857,1.216,1.236444444,1.776684894,0.696203995,1.13015,1.259341757,1.000958243,56.93762488
2020-12-20T07:00:00+07:00,1.216,1.218,1.12,1.138,1.229822222,1.760022484,0.69962196,1.13395,1.259314229,1.008585771,50.72843777
2020-12-21T07:00:00+07:00,1.138,1.167,1.06,1.067,1.220922222,1.734607749,0.707236696,1.1272,1.251716023,1.002683977,45.82922457
2020-12-22T07:00:00+07:00,1.067,1.189,1.057,1.11,1.2139,1.716050137,0.711749863,1.12215,1.24071184,1.00358816,49.039229
2020-12-23T07:00:00+07:00,1.11,1.123,0.9,0.979,1.202811111,1.680549849,0.725072373,1.10895,1.229521099,0.988378901,41.05713646
2020-12-24T07:00:00+07:00,0.979,1.046,0.95,1.043,1.192488889,1.642652834,0.742324944,1.1053,1.229171062,0.981428938,45.70670531
2020-12-25T07:00:00+07:00,1.043,1.061,1.001,1.031,1.182855556,1.608664648,0.757046463,1.098,1.221315855,0.974684145,44.99009294
2020-12-26T07:00:00+07:00,1.031,1.031,0.962,0.984,1.1729,1.574240205,0.771559795,1.08965,1.21990095,0.95939905,42.19940061
2020-12-27T07:00:00+07:00,0.984,1.028,0.944,0.997,1.1642,1.545992404,0.782407596,1.0802,1.208528641,0.951871359,43.24799246
2020-12-28T07:00:00+07:00,0.997,1.085,0.995,1.011,1.155644444,1.515654483,0.795634406,1.07715,1.208965439,0.945334561,44.41744343
2020-12-29T07:00:00+07:00,1.011,1.125,1.011,1.081,1.147177778,1.476677409,0.817678147,1.07635,1.207867717,0.944832283,49.96876863
2020-12-30T07:00:00+07:00,1.081,1.088,1.02,1.035,1.138877778,1.440444771,0.837310785,1.07555,1.207867006,0.943232994,46.67008108
2020-12-31T07:00:00+07:00,1.035,1.045,0.982,1.037,1.132088889,1.414399615,0.849778163,1.0762,1.207622373,0.944777627,46.83441604
2021-01-01T07:00:00+07:00,1.037,1.151,1.025,1.13,1.127033333,1.392514942,0.861551725,1.08015,1.213045861,0.947254139,53.94171304
2021-01-02T07:00:00+07:00,1.13,1.161,1.033,1.06,1.121144444,1.368157276,0.874131613,1.07965,1.212769908,0.946530092,48.66799282
2021-01-03T07:00:00+07:00,1.06,1.2,1.035,1.191,1.1171,1.346884643,0.887315357,1.08625,1.227463137,0.945036863,57.11748387
2021-01-04T07:00:00+07:00,1.191,1.335,1,1.316,1.118944444,1.352391533,0.885497356,1.0957,1.268352367,0.923047633,63.32155318
2021-01-05T07:00:00+07:00,1.316,1.635,1.169,1.482,1.121566667,1.365719815,0.877413518,1.1105,1.349555224,0.871444776,69.60959747
2021-01-06T07:00:00+07:00,1.482,1.593,1.361,1.449,1.123655556,1.375636183,0.871674928,1.12575,1.406657725,0.844842275,67.14520324
2021-01-07T07:00:00+07:00,1.449,1.576,1.351,1.401,1.124055556,1.377676333,0.870434778,1.1379,1.443290177,0.832509823,63.61721065
2021-01-08T07:00:00+07:00,1.401,1.892,1.247,1.642,1.1283,1.402805041,0.853794959,1.1592,1.534768689,0.783631311,71.66672873
2021-01-09T07:00:00+07:00,1.642,1.838,1.5,1.741,1.133355556,1.434735686,0.831975425,1.18935,1.642145881,0.736554119,74.19265173
2021-01-10T07:00:00+07:00,1.741,1.97,1.43,1.622,1.136822222,1.453061453,0.820582991,1.2171,1.703296627,0.730903373,66.51641006
2021-01-11T07:00:00+07:00,1.622,1.63,1.208,1.419,1.137855556,1.457153614,0.818557498,1.23255,1.723763793,0.741336207,55.89269207
2021-01-12T07:00:00+07:00,1.419,1.6,1.304,1.445,1.138655556,1.460655578,0.816655533,1.25585,1.740915882,0.770784118,56.84342106
2021-01-13T07:00:00+07:00,1.445,1.68,1.359,1.655,1.141488889,1.476847966,0.806129812,1.28645,1.79077786,0.78212214,63.65729458
2021-01-14T07:00:00+07:00,1.655,1.798,1.532,1.695,1.146155556,1.499995935,0.792315176,1.31965,1.839524321,0.799775679,64.79740551
2021-01-15T07:00:00+07:00,1.695,1.766,1.488,1.705,1.150833333,1.522520448,0.779146219,1.3557,1.87746397,0.83393603,65.09223882
2021-01-16T07:00:00+07:00,1.705,1.968,1.699,1.77,1.156122222,1.548763288,0.763481156,1.39435,1.91861912,0.87008088,67.02544786
2021-01-17T07:00:00+07:00,1.77,1.844,1.6,1.82,1.163133333,1.579679257,0.746587409,1.4348,1.959354516,0.910245484,68.47187415
2021-01-18T07:00:00+07:00,1.82,2.05,1.777,1.915,1.172822222,1.617364891,0.728279553,1.4765,2.014352582,0.938647418,71.06859471
2021-01-19T07:00:00+07:00,1.915,2.01,1.762,1.798,1.180566667,1.64372971,0.717403624,1.51465,2.02957884,0.99972116,64.06974024
2021-01-20T07:00:00+07:00,1.798,1.888,1.631,1.833,1.188555556,1.671242214,0.705868897,1.55445,2.037621802,1.071278198,65.17461247
2021-01-21T07:00:00+07:00,1.833,1.839,1.5,1.54,1.193766667,1.68136596,0.706167373,1.57495,2.017425073,1.132474927,51.02820271
2021-01-22T07:00:00+07:00,1.54,1.7,1.414,1.675,1.200655556,1.697646605,0.703664506,1.6057,1.981158706,1.230241294,55.78968543
2021-01-23T07:00:00+07:00,1.675,1.801,1.624,1.762,1.208066667,1.718251975,0.697881358,1.63425,1.963187,1.305313,58.58435681
2021-01-24T07:00:00+07:00,1.762,2,1.721,1.973,1.218511111,1.751892796,0.685129426,1.6671,1.993560962,1.340639038,64.45323518
2021-01-25T07:00:00+07:00,1.973,2.19,1.86,1.901,1.227288889,1.778991647,0.675586131,1.68805,2.018066045,1.358033955,61.26299313
2021-01-26T07:00:00+07:00,1.901,2.226,1.86,2.224,1.240855556,1.82869609,0.653015021,1.7268,2.112706517,1.340893483,68.73853876
2021-01-27T07:00:00+07:00,2.224,2.226,1.778,1.89,1.250444444,1.852012773,0.648876116,1.75125,2.112678209,1.389821791,56.57937726
2021-01-28T07:00:00+07:00,1.89,2.051,1.819,1.924,1.2608,1.876145699,0.645454301,1.76535,2.130612248,1.400087752,57.40536829
2021-01-29T07:00:00+07:00,1.924,1.962,1.79,1.885,1.2709,1.896962336,0.644837664,1.77255,2.141269121,1.403830879,56.08737034
2021-01-30T07:00:00+07:00,1.885,2.147,1.785,2.066,1.282911111,1.927768625,0.638053598,1.79475,2.177727741,1.411772259,60.6077197
2021-01-31T07:00:00+07:00,2.066,2.488,2.037,2.455,1.299755556,1.98569072,0.613820391,1.84655,2.288010519,1.405089481,68.18721033
2021-02-01T07:00:00+07:00,2.455,2.904,2.235,2.849,1.321933333,2.074490739,0.569375928,1.91675,2.503186655,1.330313345,73.70571662
2021-02-02T07:00:00+07:00,2.849,3.05,2.669,2.971,1.3457,2.166844429,0.524555571,1.98255,2.714106826,1.250993174,75.14354569
2021-02-03T07:00:00+07:00,2.971,3,2.725,2.844,1.3677,2.240513252,0.494886748,2.04,2.848613381,1.231386619,70.8031712
2021-02-04T07:00:00+07:00,2.844,3,2.62,2.875,1.388588889,2.313175134,0.464002644,2.0985,2.968653205,1.228346795,71.23985714
2021-02-05T07:00:00+07:00,2.875,3.469,2.87,3.14,1.411544444,2.403856947,0.419231942,2.167,3.133312372,1.200687628,74.72058038
2021-02-06T07:00:00+07:00,3.14,3.46,2.812,2.903,1.4314,2.469710671,0.393089329,2.22115,3.224289128,1.218010872,66.92008646
2021-02-07T07:00:00+07:00,2.903,2.992,2.613,2.877,1.451922222,2.529939671,0.373904773,2.26925,3.300906895,1.237593105,66.10477345
2021-02-08T07:00:00+07:00,2.877,3.3,2.778,3.119,1.473411111,2.605058441,0.341763781,2.3353,3.406217943,1.264382057,69.79364023
2021-02-09T07:00:00+07:00,3.119,3.509,3.043,3.368,1.498611111,2.69503087,0.302191352,2.41205,3.54612927,1.27797073,73.04431465
2021-02-10T07:00:00+07:00,3.368,4.5,3.071,4.24,1.534188889,2.857418705,0.210959073,2.54705,3.862124823,1.231975177,80.82620342
2021-02-11T07:00:00+07:00,4.24,4.543,3.903,4.125,1.568077778,2.994715978,0.141439578,2.66955,4.089158323,1.249941677,77.64272825
2021-02-12T07:00:00+07:00,4.125,4.368,3.948,4.175,1.602977778,3.126064643,0.079890913,2.7902,4.288735498,1.291664502,78.04757315
2021-02-13T07:00:00+07:00,4.175,4.5,3.8,4.113,1.635522222,3.244175247,0.026869198,2.8972,4.451616109,1.342783891,76.20485515
2021-02-14T07:00:00+07:00,4.113,4.164,3.65,3.831,1.664044444,3.335152923,-0.007064034,2.9937,4.528259885,1.459140115,68.3054085
2021-02-15T07:00:00+07:00,3.831,4.052,3.282,3.648,1.690744444,3.410303834,-0.028814945,3.0649,4.582045464,1.547754536,63.69136931
2021-02-16T07:00:00+07:00,3.648,3.995,3.4,3.62,1.718333333,3.480614582,-0.043947916,3.1514,4.585746736,1.717053264,62.99025126
2021-02-17T07:00:00+07:00,3.62,4.023,3.038,3.827,1.748422222,3.56051231,-0.063667866,3.24655,4.592329101,1.900770899,65.97246049
2021-02-18T07:00:00+07:00,3.827,4.066,3.716,3.991,1.780033333,3.647400998,-0.087334331,3.35185,4.579386765,2.124313235,68.1614017
2021-02-19T07:00:00+07:00,3.991,5.2,3.71,5.112,1.822888889,3.813086455,-0.167308677,3.50415,4.809143835,2.199156165,78.39301584
2021-02-20T07:00:00+07:00,5.112,5.33,4.2,4.566,1.860411111,3.927250607,-0.206428385,3.6097,4.899586677,2.319813323,67.08497898
2021-02-21T07:00:00+07:00,4.566,5.164,4.419,4.82,1.899677778,4.053811,-0.254455445,3.70825,5.050707281,2.365792719,69.3033138
2021-02-22T07:00:00+07:00,4.82,6,4,5.716,1.949522222,4.242494756,-0.343450312,3.8455,5.402531085,2.288468915,75.56055933
2021-02-23T07:00:00+07:00,5.716,7.579,4.95,7,2.014466667,4.533683727,-0.504750393,4.0533,6.063572628,2.043027372,81.40895966
2021-02-24T07:00:00+07:00,7,7.322,6.2,7.025,2.081088889,4.801628552,-0.639450774,4.2608,6.575425896,1.946174104,81.50177836
2021-02-25T07:00:00+07:00,7.025,8.249,5.906,5.991,2.136566667,4.967878762,-0.694745429,4.40335,6.774782249,2.031917751,66.67463058
2021-02-26T07:00:00+07:00,5.991,6.435,5.292,5.48,2.186188889,5.092612134,-0.720234356,4.5322,6.842807418,2.221592582,60.7889064
2021-02-27T07:00:00+07:00,5.48,5.796,5.079,5.273,2.233322222,5.200237295,-0.733592851,4.652,6.852753962,2.451246038,58.53473431
2021-02-28T07:00:00+07:00,5.273,5.3,4.213,4.989,2.276955556,5.288847392,-0.734936281,4.7455,6.833811519,2.657188481,55.49424578
2021-03-01T07:00:00+07:00,4.989,5.979,4.848,5.677,2.326677778,5.412781727,-0.759426171,4.86095,6.886232052,2.835667948,60.80563505
2021-03-02T07:00:00+07:00,5.677,5.897,4.875,5.288,2.371977778,5.510490164,-0.766534608,4.91335,6.925846686,2.900853314,56.68639898
2021-03-03T07:00:00+07:00,5.288,5.697,5.18,5.336,2.417455556,5.607408856,-0.772497745,4.9739,6.960581947,2.987218053,57.07283833
2021-03-04T07:00:00+07:00,5.336,5.596,4.701,4.967,2.460244444,5.682370427,-0.761881538,5.0135,6.966188864,3.060811136,53.1472255
2021-03-05T07:00:00+07:00,4.967,5.027,4.52,4.842,2.500966667,5.749719952,-0.747786618,5.04995,6.960808914,3.139091086,51.84626591
2021-03-06T07:00:00+07:00,4.842,5.462,4.713,5.335,2.547455556,5.837094363,-0.742183252,5.12515,6.954861592,3.295438408,56.38127125
2021-03-07T07:00:00+07:00,5.335,6.488,5.332,6.021,2.601177778,5.957372588,-0.755017033,5.2438,6.98036219,3.50723781,61.77574127
2021-03-08T07:00:00+07:00,6.021,6.16,5.645,6.091,2.656944444,6.07585631,-0.761967421,5.36735,6.970719611,3.763980389,62.28826142
2021-03-09T07:00:00+07:00,6.091,6.55,5.962,6.44,2.716311111,6.209558243,-0.776936021,5.498,7.000696377,3.995303623,64.82087523
2021-03-10T07:00:00+07:00,6.44,6.462,5.751,5.866,2.769811111,6.306615229,-0.766993007,5.59175,6.931830277,4.251669723,57.93010341
2021-03-11T07:00:00+07:00,5.866,6.194,5.55,5.828,2.823188889,6.397792903,-0.751415125,5.62755,6.952623353,4.302476647,57.49435624
2021-03-12T07:00:00+07:00,5.828,5.971,5.3,5.485,2.872455556,6.470149251,-0.72523814,5.6735,6.908838091,4.438161909,53.57690914
2021-03-13T07:00:00+07:00,5.485,6.18,5.233,6.054,2.927833333,6.566049468,-0.710382802,5.7352,6.915918527,4.554481473,58.61456275
2021-03-14T07:00:00+07:00,6.054,6.705,5.702,6.201,2.984966667,6.66525154,-0.695318207,5.75945,6.957391647,4.561508353,59.82743095
2021-03-15T07:00:00+07:00,6.201,6.407,5.546,5.632,3.035022222,6.735355072,-0.665310627,5.69105,6.745472017,4.636627983,53.31430567
2021-03-16T07:00:00+07:00,5.632,5.655,5.06,5.36,3.0814,6.792485373,-0.629685373,5.6078,6.473893436,4.741706564,50.48492048
2021-03-17T07:00:00+07:00,5.36,5.399,4.888,5.285,3.127411111,6.843952405,-0.589130183,5.5725,6.430756955,4.714243045,49.70167769
2021-03-18T07:00:00+07:00,5.285,5.534,5.104,5.198,3.1723,6.890200775,-0.545600775,5.5584,6.431411203,4.685388797,48.75672101
2021-03-19T07:00:00+07:00,5.198,5.473,5.01,5.257,3.2172,6.937117039,-0.502717039,5.5576,6.431684527,4.683515473,49.45850965
2021-03-20T07:00:00+07:00,5.257,5.524,5.032,5.052,3.260688889,6.97386851,-0.452490733,5.56075,6.427034682,4.694465318,47.04753403
2021-03-21T07:00:00+07:00,5.052,5.102,4.85,5.032,3.304744444,7.00683939,-0.397350501,5.5285,6.422648422,4.634351578,46.80779936
2021-03-22T07:00:00+07:00,5.032,5.59,4.78,4.853,3.346333333,7.032936298,-0.340269632,5.50675,6.443393555,4.570106445,44.61652176
2021-03-23T07:00:00+07:00,4.853,5.007,4.577,4.689,3.387555556,7.050244211,-0.2751331,5.4744,6.474913348,4.473886652,42.64664287
2021-03-24T07:00:00+07:00,4.689,4.985,4.124,4.233,3.423,7.055866955,-0.209866955,5.4377,6.556790363,4.318609637,37.66687515
2021-03-25T07:00:00+07:00,4.233,4.291,3.86,4.047,3.456511111,7.055988817,-0.142966595,5.39795,6.647702211,4.148197789,35.8290978
2021-03-26T07:00:00+07:00,4.047,4.667,4.047,4.598,3.496666667,7.065419689,-0.072086356,5.3611,6.658651679,4.063548321,44.47215623
2021-03-27T07:00:00+07:00,4.598,4.7,4.337,4.643,3.537177778,7.07414447,0.000211085,5.2922,6.588614841,3.995785159,45.12224289
2021-03-28T07:00:00+07:00,4.643,5.2,4.578,4.928,3.5807,7.08853464,0.07286536,5.23405,6.485480298,3.982619702,49.18022574
2021-03-29T07:00:00+07:00,4.928,5.247,4.799,5.222,3.626711111,7.110739243,0.14268298,5.17315,6.295829166,4.050470834,53.0380885
2021-03-30T07:00:00+07:00,5.222,5.756,5.211,5.409,3.675311111,7.135318698,0.215303524,5.1503,6.233552898,4.067047102,55.35934717
2021-03-31T07:00:00+07:00,5.409,5.571,4.959,5.504,3.724944444,7.160211775,0.289677114,5.1341,6.1855525,4.0826475,56.53474974
2021-04-01T07:00:00+07:00,5.504,5.56,5.116,5.257,3.7708,7.176338616,0.365261384,5.1227,6.16357811,4.08182189,52.65291908
2021-04-02T07:00:00+07:00,5.257,5.959,5.184,5.928,3.824888889,7.211069096,0.438708682,5.1164,6.135961749,4.096838251,60.57293131
2021-04-03T07:00:00+07:00,5.928,6.401,5.553,5.685,3.874822222,7.236621417,0.513023027,5.0906,6.021316584,4.159883416,56.86328082
2021-04-04T07:00:00+07:00,5.685,6.75,5.597,6.545,3.932922222,7.296561683,0.569282762,5.13625,6.241840679,4.030659321,65.02663569
2021-04-05T07:00:00+07:00,6.545,6.605,6.032,6.105,3.984288889,7.337827773,0.630750005,5.1735,6.354373829,3.992626171,58.88652244
2021-04-06T07:00:00+07:00,6.105,6.375,5.657,6.356,4.038811111,7.38525069,0.692371532,5.22705,6.515524831,3.938575169,61.1406886
2021-04-07T07:00:00+07:00,6.356,6.446,5.356,5.67,4.086244444,7.40266848,0.769820409,5.25065,6.55334402,3.94795598,52.64507859
2021-04-08T07:00:00+07:00,5.67,6.102,5.639,6.074,4.135488889,7.43685984,0.834117938,5.2915,6.642762299,3.940237701,56.4803132
2021-04-09T07:00:00+07:00,6.074,7.295,5.88,7.02,4.194144444,7.510808184,0.877480705,5.3899,6.930435608,3.849364392,63.86100882
2021-04-10T07:00:00+07:00,7.02,7.437,6.586,7.048,4.254433333,7.579137164,0.929729503,5.4907,7.180921299,3.800478701,64.05531998
2021-04-11T07:00:00+07:00,7.048,8.149,6.684,8.119,4.328877778,7.69606365,0.961691906,5.654,7.666570595,3.641429405,70.5728868
2021-04-12T07:00:00+07:00,8.119,8.5,7.1,7.447,4.395566667,7.769383062,1.021750271,5.7919,7.89691771,3.68688229,62.86991624
2021-04-13T07:00:00+07:00,7.447,7.611,6.773,7.295,4.458233333,7.835621556,1.080845111,5.945,8.019408157,3.870591843,61.24164702
2021-04-14T07:00:00+07:00,7.295,7.393,6.367,7.339,4.520944444,7.900367924,1.141520965,6.1096,8.075042179,4.144157821,61.5520673
2021-04-15T07:00:00+07:00,7.339,7.603,7,7.37,4.583888889,7.962200847,1.205576931,6.2482,8.1578748,4.3385252,61.78429837
2021-04-16T07:00:00+07:00,7.37,7.497,6.426,6.662,4.638244444,7.991034199,1.28545469,6.34915,8.116918907,4.581381093,53.79280781
2021-04-17T07:00:00+07:00,6.668,7.2,6.5,6.501,4.690255556,8.01163996,1.368871151,6.4278,8.07125424,4.78434576,52.14119607
2021-04-18T07:00:00+07:00,6.501,6.55,5.01,6.257,4.7385,8.023171744,1.453828256,6.47955,8.030444384,4.928655616,49.65303668
2021-04-19T07:00:00+07:00,6.257,6.664,5.652,5.763,4.782555556,8.014221244,1.550889867,6.49725,8.00638669,4.98811331,44.97376501
2021-04-20T07:00:00+07:00,5.763,6.123,5.055,5.937,4.828155556,8.007450668,1.648860443,6.5189,7.982144874,5.055655126,46.87289875
2021-04-21T07:00:00+07:00,5.943,6.528,5.736,5.938,4.877022222,7.987099134,1.76694531,6.55295,7.92607002,5.17982998,46.8842448
2021-04-22T07:00:00+07:00,5.938,7.428,5.81,6.516,4.930811111,7.984449551,1.877172671,6.58235,7.925540869,5.239159131,53.11669943
2021-04-23T07:00:00+07:00,6.516,6.787,5.099,5.784,4.9755,7.959254179,1.991745821,6.5873,7.917897174,5.256702826,45.78904068
2021-04-24T07:00:00+07:00,5.784,6.143,5.032,5.781,5.017811111,7.937365535,2.098256687,6.5491,7.925442239,5.172757761,45.76117779
2021-04-25T07:00:00+07:00,5.781,7.6,5.74,7.473,5.079722222,7.968427646,2.191016799,6.6175,8.034142863,5.200857137,60.39796973
2021-04-26T07:00:00+07:00,7.473,11.204,7.22,9.531,5.160911111,8.133522423,2.188299799,6.77625,8.67100348,4.88149652,70.74059579
2021-04-27T07:00:00+07:00,9.531,11.391,9.512,10.386,5.255311111,8.343784861,2.166837362,7.01205,9.405579902,4.618520098,73.80178707
2021-04-28T07:00:00+07:00,10.386,10.432,9,9.647,5.341122222,8.483284646,2.198959799,7.1907,9.801049946,4.580350054,67.252467
2021-04-29T07:00:00+07:00,9.647,9.772,8.51,9.234,5.422777778,8.583342323,2.262213232,7.3014,10.05713877,4.545661232,63.84265396
2021-04-30T07:00:00+07:00,9.234,9.984,8.862,9.604,5.506533333,8.70611385,2.306952816,7.4292,10.35773476,4.50066524,65.52887373
2021-05-01T07:00:00+07:00,9.603,10.588,9.1,10.555,5.596533333,8.901652315,2.291414351,7.551,10.77216985,4.32983015,69.46990002
2021-05-02T07:00:00+07:00,10.555,11.191,9.523,10.687,5.683622222,9.105558433,2.261686012,7.713,11.21095586,4.21504414,69.98288066
2021-05-03T07:00:00+07:00,10.687,12.89,10.687,11.721,5.780844444,9.38151095,2.180177939,7.9343,11.83528301,4.033316991,73.70940865
2021-05-04T07:00:00+07:00,11.721,12.505,10.19,10.26,5.863244444,9.530121315,2.196367574,8.08035,12.09821582,4.062484185,61.99758534
2021-05-05T07:00:00+07:00,10.26,11.724,10.052,11.188,5.955611111,9.733854427,2.177367796,8.27125,12.49357788,4.048922117,65.7230945
2021-05-06T07:00:00+07:00,11.188,11.212,10.066,10.324,6.035433333,9.875410012,2.195456655,8.45435,12.69920214,4.209497858,59.84110189
2021-05-07T07:00:00+07:00,10.324,10.791,9.582,10.15,6.115955556,9.993560462,2.238350649,8.6368,12.8436454,4.429954598,58.70169896
2021-05-08T07:00:00+07:00,10.15,11.392,9.981,10.829,6.204311111,10.14456095,2.264061275,8.8654,13.02676696,4.704033042,61.7614388
2021-05-09T07:00:00+07:00,10.829,10.847,9.834,10.292,6.284011111,10.26141208,2.306610145,9.09185,13.04076338,5.142936617,58.09550958
2021-05-10T07:00:00+07:00,10.292,10.62,8.688,9.171,6.348488889,10.32285724,2.374120542,9.25355,12.92778007,5.579319932,51.25596623
2021-05-11T07:00:00+07:00,9.171,9.775,8.715,9.763,6.409855556,10.4224763,2.397234815,9.4448,12.79248485,6.097115152,54.31483283
2021-05-12T07:00:00+07:00,9.763,10.209,8.3,8.433,6.457722222,10.46295023,2.452494216,9.54065,12.64861057,6.432689429,47.15530693
2021-05-13T07:00:00+07:00,8.429,9.256,7.561,8.243,6.502922222,10.49588369,2.509960757,9.6636,12.33066718,6.996532817,46.21803854
2021-05-14T07:00:00+07:00,8.243,9.206,8.024,8.743,6.554366667,10.54213803,2.566595299,9.8117,11.85622861,7.767171389,49.08598993
2021-05-15T07:00:00+07:00,8.743,8.915,7.8,7.884,6.5994,10.5545423,2.644257695,9.83225,11.78870341,7.875796589,44.67803583
2021-05-16T07:00:00+07:00,7.884,10.513,7.825,9.732,6.667,10.62602363,2.707976372,9.8423,11.79452069,7.890079306,54.20566332
2021-05-17T07:00:00+07:00,9.727,10.914,8.295,9.212,6.729133333,10.67041005,2.787856617,9.7836,11.73749779,7.829702214,51.51707425
2021-05-18T07:00:00+07:00,9.212,10.384,9.076,9.603,6.793311111,10.73157604,2.855046184,9.7814,11.73600701,7.826792991,53.38915608
2021-05-19T07:00:00+07:00,9.603,9.77,4.7,5.411,6.809088889,10.71355284,2.904624941,9.59025,12.31687523,6.863624769,36.92640957
2021-05-20T07:00:00+07:00,5.411,6.655,4.674,6.506,6.824577778,10.71301666,2.936138891,9.43535,12.47524982,6.395450181,41.96081374
2021-05-21T07:00:00+07:00,6.506,7.032,4.688,5.546,6.835466667,10.70398317,2.966950164,9.1849,12.61488186,5.75491814,39.02023884
2021-05-22T07:00:00+07:00,5.546,5.581,4.616,4.812,6.835377778,10.70407988,2.966675675,8.89115,12.73729213,5.045007867,36.89149174
2021-05-23T07:00:00+07:00,4.812,4.987,3.006,3.824,6.814355556,10.72746671,2.901244406,8.4963,12.70376656,4.288833442,34.18783637
2021-05-24T07:00:00+07:00,3.824,4.794,3.665,4.741,6.789255556,10.72618901,2.852322101,8.22035,12.64714447,3.793555527,38.67969901
2021-05-25T07:00:00+07:00,4.741,4.912,4.122,4.615,6.762477778,10.72533191,2.799623641,7.8917,12.36414748,3.419252522,38.2929537
2021-05-26T07:00:00+07:00,4.615,5.552,4.48,5.479,6.756788889,10.72552233,2.78805545,7.64945,12.09344075,3.20545925,42.53589024
2021-05-27T07:00:00+07:00,5.479,5.484,4.87,5.076,6.7523,10.72770809,2.776891912,7.39575,11.81904944,2.972450558,41.11579821
2021-05-28T07:00:00+07:00,5.076,5.152,4.145,4.341,6.741944444,10.73751672,2.746372169,7.07135,11.3903192,2.752380805,38.58560736
2021-05-29T07:00:00+07:00,4.341,4.554,3.871,4.066,6.731688889,10.74988002,2.713497757,6.76005,11.00242818,2.517671824,37.65200341
2021-05-30T07:00:00+07:00,4.066,4.447,3.83,4.309,6.716488889,10.76078863,2.67218915,6.51695,10.73599911,2.29790089,39.05524339
2021-05-31T07:00:00+07:00,4.309,4.792,4.071,4.761,6.710633333,10.76470333,2.656563341,6.26685,10.27427802,2.259421983,41.68436863
2021-06-01T07:00:00+07:00,4.761,4.903,4.393,4.587,6.702311111,10.77068424,2.633937987,6.07455,10.01631359,2.132786411,40.95197382
2021-06-02T07:00:00+07:00,4.587,5.15,4.419,4.891,6.701466667,10.77131147,2.631621863,5.90695,9.749457539,2.064442461,42.84153775
2021-06-03T07:00:00+07:00,4.891,5.376,4.749,5.295,6.7065,10.76824609,2.644753914,5.73455,9.355632406,2.113467594,45.34465565
2021-06-04T07:00:00+07:00,5.295,5.327,4.467,4.714,6.6996,10.77273604,2.626463957,5.57605,9.082619005,2.069480995,42.46456039
2021-06-05T07:00:00+07:00,4.714,5.085,4.43,4.603,6.683844444,10.7782728,2.58941609,5.3196,8.280670914,2.358529086,41.91678783
2021-06-06T07:00:00+07:00,4.603,4.826,4.567,4.801,6.669511111,10.78113625,2.557885974,5.09905,7.464849102,2.733250898,43.32128392
2021-06-07T07:00:00+07:00,4.801,5.273,4.423,4.469,6.647611111,10.78480977,2.510412449,4.84235,6.00669759,3.67800241,41.50882599
2021-06-08T07:00:00+07:00,4.469,4.526,3.801,4.274,6.629922222,10.79386395,2.465980497,4.7855,5.944253382,3.626746618,40.43867575
2021-06-09T07:00:00+07:00,4.274,4.563,4.041,4.501,6.615177778,10.79972026,2.430635296,4.68525,5.53770126,3.83279874,42.30346586
2021-06-10T07:00:00+07:00,4.501,4.584,4.134,4.203,6.600933333,10.80942709,2.392439575,4.6181,5.397183795,3.839016205,40.51035654
2021-06-11T07:00:00+07:00,4.203,4.267,3.792,3.858,6.576533333,10.8227233,2.330343363,4.5704,5.410579362,3.730220638,38.47697333
2021-06-12T07:00:00+07:00,3.858,3.862,3.479,3.667,6.548377778,10.83754201,2.259213543,4.56255,5.43287097,3.69222903,37.35896019
2021-06-13T07:00:00+07:00,3.667,4.049,3.58,3.963,6.529833333,10.84901227,2.210654396,4.52365,5.427491197,3.619808803,40.25618364
2021-06-14T07:00:00+07:00,3.963,4.278,3.881,4.235,6.517333333,10.85644788,2.17821879,4.50465,5.415956595,3.593343405,42.87100194
2021-06-15T07:00:00+07:00,4.235,4.398,4.12,4.342,6.506855556,10.86234577,2.151365344,4.4478,5.243395023,3.652204977,43.9109842
2021-06-16T07:00:00+07:00,4.342,4.543,4.054,4.128,6.494966667,10.87047815,2.119455182,4.4004,5.15240516,3.64839484,42.25424426
2021-06-17T07:00:00+07:00,4.128,4.302,3.978,4.069,6.481766667,10.87924998,2.084283356,4.3868,5.152326904,3.621273096,41.78614666
2021-06-18T07:00:00+07:00,4.069,4.07,3.67,3.846,6.468366667,10.89047632,2.04625701,4.3758,5.165393465,3.586206535,39.98320682
2021-06-19T07:00:00+07:00,3.846,3.926,3.707,3.723,6.453822222,10.90325945,2.004384999,4.3465,5.185762176,3.507237824,38.98407884
2021-06-20T07:00:00+07:00,3.723,3.783,3.448,3.759,6.441666667,10.91444705,1.968886284,4.2964,5.150209206,3.442590794,39.46090655
2021-06-21T07:00:00+07:00,3.759,3.781,2.9,2.943,6.422266667,10.94020451,1.90432882,4.2142,5.239583558,3.188816442,33.1392203
2021-06-22T07:00:00+07:00,2.943,3.092,2.398,2.737,6.405644444,10.96648301,1.844805883,4.1065,5.268320382,2.944679618,31.75611577
2021-06-23T07:00:00+07:00,2.737,3.09,2.641,2.885,6.392733333,10.98666566,1.798801009,3.986,5.129525951,2.842474049,33.89089597
2021-06-24T07:00:00+07:00,2.885,3.046,2.756,2.98,6.374755556,11.00912672,1.740384388,3.8993,5.071475089,2.727124911,35.29018099
2021-06-25T07:00:00+07:00,2.98,3.054,2.649,2.681,6.352955556,11.03788882,1.668022288,3.8032,5.042097026,2.564302974,32.92785097
2021-06-26T07:00:00+07:00,2.681,2.764,2.52,2.688,6.328066667,11.06651059,1.589622742,3.69755,4.938449428,2.456650572,33.04085869
2021-06-27T07:00:00+07:00,2.688,2.865,2.638,2.863,6.301855556,11.09031676,1.513394355,3.61725,4.855921365,2.378578635,35.94644514
2021-06-28T07:00:00+07:00,2.863,3.112,2.802,3.057,6.275722222,11.10885346,1.44259098,3.5564,4.77951396,2.33328604,39.1013064
2021-06-29T07:00:00+07:00,3.057,3.415,3.045,3.257,6.250755556,11.12263438,1.378876727,3.4942,4.643115419,2.345284581,42.25875385
2021-06-30T07:00:00+07:00,3.257,3.588,3.144,3.545,6.231733333,11.13226878,1.33119789,3.4613,4.56389405,2.35870595,46.55585396
2021-07-01T07:00:00+07:00,3.545,3.546,3.159,3.26,6.202088889,11.14173766,1.262440115,3.4314,4.521706269,2.341093731,43.13484205
2021-07-02T07:00:00+07:00,3.256,3.299,3.046,3.247,6.175,11.15229088,1.197709117,3.4104,4.497921476,2.322878524,42.97970095
2021-07-03T07:00:00+07:00,3.247,3.451,3.2,3.398,6.140033333,11.15054158,1.129525083,3.38215,4.439726527,2.324573473,45.43460339
2021-07-04T07:00:00+07:00,3.398,3.562,3.222,3.465,6.1107,11.15249852,1.068901481,3.34365,4.327744157,2.359555843,46.53452247
2021-07-05T07:00:00+07:00,3.465,3.465,3.193,3.307,6.076822222,11.15243382,1.001210622,3.2919,4.162909277,2.420890723,44.26829657
2021-07-06T07:00:00+07:00,3.307,3.774,3.267,3.746,6.055444444,11.15388578,0.957003104,3.2728,4.084358156,2.461241844,51.35662387
2021-07-07T07:00:00+07:00,3.746,3.919,3.543,3.596,6.027911111,11.15235206,0.903470167,3.24915,3.991102903,2.507197097,49.06055291
2021-07-08T07:00:00+07:00,3.596,3.607,3.124,3.192,5.985377778,11.13963372,0.83112184,3.21645,3.906105124,2.526794876,43.42882449
2021-07-09T07:00:00+07:00,3.192,3.246,3.053,3.193,5.942544444,11.12476214,0.760326745,3.18995,3.839262398,2.540637602,43.44612962
2021-07-10T07:00:00+07:00,3.193,3.249,3.059,3.135,5.887166667,11.08167402,0.692659309,3.15875,3.753353355,2.564146645,42.63156846
2021-07-11T07:00:00+07:00,3.135,3.254,3.061,3.204,5.840022222,11.05402759,0.626016852,3.1718,3.758291125,2.585308875,43.97725156
2021-07-12T07:00:00+07:00,3.204,3.317,3.096,3.202,5.794544444,11.02835644,0.560732448,3.19505,3.746576781,2.643523219,43.94507456
2021-07-13T07:00:00+07:00,3.202,3.231,2.972,3.063,5.747033333,11.00149415,0.49257252,3.20395,3.740723872,2.667176128,41.66345963
2021-07-14T07:00:00+07:00,3.063,3.071,2.83,3,5.698477778,10.97277836,0.424177199,3.20495,3.74012342,2.66977658,40.63371599
2021-07-15T07:00:00+07:00,3,3.04,2.78,2.844,5.656055556,10.960009,0.352102109,3.2131,3.720344675,2.705855325,38.12119864
2021-07-16T07:00:00+07:00,2.844,2.896,2.654,2.667,5.613455556,10.95105986,0.275851256,3.21205,3.723705929,2.700394071,35.44332354
2021-07-17T07:00:00+07:00,2.667,2.739,2.614,2.69,5.573822222,10.94459296,0.20305148,3.2034,3.743430147,2.663369853,36.07175197
2021-07-18T07:00:00+07:00,2.69,3.167,2.687,2.907,5.542088889,10.94168573,0.142492051,3.1959,3.747888732,2.643911268,41.8256575
2021-07-19T07:00:00+07:00,2.907,3.06,2.632,2.664,5.505722222,10.93817797,0.073266473,3.16625,3.76375477,2.56874523,37.73030351
2021-07-20T07:00:00+07:00,2.664,2.722,2.387,2.465,5.467133333,10.93597663,-0.001709959,3.11225,3.756461107,2.468038893,34.73114604
2021-07-21T07:00:00+07:00,2.465,2.786,2.4,2.718,5.424933333,10.91930578,-0.069439115,3.08515,3.747562945,2.422737055,41.13735196
2021-07-22T07:00:00+07:00,2.718,2.853,2.678,2.75,5.391222222,10.91352832,-0.131083872,3.0603,3.733758863,2.386841137,41.91392283
2021-07-23T07:00:00+07:00,2.75,2.893,2.634,2.802,5.358122222,10.90633712,-0.190092681,3.0305,3.694224491,2.366775509,43.22472926
2021-07-24T07:00:00+07:00,2.802,2.973,2.786,2.886,5.307155556,10.86099463,-0.246683516,3.00155,3.636841894,2.366258106,45.3694118
2021-07-25T07:00:00+07:00,2.886,3.058,2.81,2.973,5.234288889,10.7363893,-0.26781152,2.98485,3.604513869,2.365186131,47.57813319
2021-07-26T07:00:00+07:00,2.973,3.443,2.954,3.049,5.152766667,10.5637932,-0.258259862,2.95,3.46388559,2.43611441,49.49894379
2021-07-27T07:00:00+07:00,3.049,3.284,2.948,3.184,5.080955556,10.42259898,-0.26068787,2.9294,3.365139555,2.493660445,52.80686921
2021-07-28T07:00:00+07:00,3.184,3.292,3.085,3.247,5.014433333,10.29632408,-0.267457414,2.93215,3.375118295,2.489181705,54.31090868
2021-07-29T07:00:00+07:00,3.247,3.709,3.152,3.585,4.947555556,10.1470852,-0.251974091,2.95175,3.467810413,2.435689587,61.41570799
2021-07-30T07:00:00+07:00,3.585,3.898,3.395,3.893,4.873533333,9.93960988,-0.192543213,2.98965,3.646191629,2.333108371,66.52416162
2021-07-31T07:00:00+07:00,3.893,4.237,3.782,4.043,4.799711111,9.716206595,-0.116784373,3.0316,3.829552229,2.233647771,68.69776122
2021-08-01T07:00:00+07:00,4.043,4.28,3.706,3.764,4.7113,9.408028634,0.014571366,3.0597,3.917047094,2.202352906,60.7912195
2021-08-02T07:00:00+07:00,3.764,4.127,3.699,3.939,4.641066667,9.190536856,0.091596477,3.1035,4.042649509,2.164350491,63.61955255
2021-08-03T07:00:00+07:00,3.939,4.504,3.74,4.504,4.5668,8.899404197,0.234195803,3.1787,4.296518966,2.060881034,70.91445517
2021-08-04T07:00:00+07:00,4.506,4.616,4.11,4.559,4.502744444,8.659897632,0.345591257,3.26445,4.520932308,2.007967692,71.51327059
2021-08-05T07:00:00+07:00,4.559,4.587,4.208,4.457,4.439488889,8.42052026,0.458457518,3.35395,4.680506667,2.027393333,68.68888238
2021-08-06T07:00:00+07:00,4.457,4.64,4.317,4.547,4.369688889,8.113370768,0.62600701,3.4468,4.833081299,2.060518701,69.82144748
2021-08-07T07:00:00+07:00,4.547,4.76,4.39,4.595,4.306388889,7.833788569,0.778989208,3.5312,4.979881552,2.082518448,70.4356566
2021-08-08T07:00:00+07:00,4.595,4.641,4.148,4.257,4.251788889,7.625063164,0.878514614,3.61085,5.035017023,2.186682977,61.01812934
2021-08-09T07:00:00+07:00,4.257,4.656,4.029,4.579,4.194188889,7.359711881,1.028665897,3.71655,5.098009442,2.335090558,65.72036473
2021-08-10T07:00:00+07:00,4.579,5.088,4.447,4.644,4.152088889,7.189173377,1.1150044,3.81285,5.170770362,2.454929638,66.59631261
2021-08-11T07:00:00+07:00,4.644,5.249,4.632,4.847,4.114355556,7.02911916,1.199591951,3.9177,5.254837555,2.580562445,69.23991969
2021-08-12T07:00:00+07:00,4.847,5.129,4.45,4.697,4.0694,6.817245941,1.321554059,4.01245,5.287020904,2.737879096,65.13773639
2021-08-13T07:00:00+07:00,4.697,5.277,4.642,5.223,4.039833333,6.677936461,1.401730206,4.1293,5.397851788,2.860748212,71.51163559
2021-08-14T07:00:00+07:00,5.223,5.259,4.873,5.233,3.989844444,6.35052907,1.629159818,4.2423,5.480997881,3.003602119,71.6178769
2021-08-15T07:00:00+07:00,5.233,6.186,5.045,6.171,3.956055556,6.093265541,1.81884557,4.3984,5.77538488,3.02141512,79.38417624
2021-08-16T07:00:00+07:00,6.171,7.58,5.951,6.75,3.924355556,5.793404043,2.055307068,4.5767,6.182930008,2.970469992,82.55703021
2021-08-17T07:00:00+07:00,6.75,7.327,6.132,6.289,3.934111111,5.842840379,2.025381843,4.7288,6.37810623,3.07949377,72.93253922
2021-08-18T07:00:00+07:00,6.289,8.25,5.811,7.802,3.948511111,5.951845626,1.945176597,4.93965,6.981618685,2.897681315,80.83104361
2021-08-19T07:00:00+07:00,7.802,8.611,7.402,7.898,3.974644444,6.117180663,1.832108225,5.1399,7.493728278,2.786071722,81.2057908
2021-08-20T07:00:00+07:00,7.898,7.973,7.568,7.896,4.008911111,6.297584373,1.720237849,5.33255,7.915306471,2.749793529,81.17018835
2021-08-21T07:00:00+07:00,7.896,8.2,7.48,7.662,4.051555556,6.464509174,1.638601937,5.52745,8.19426169,2.86063831,76.92097768
2021-08-22T07:00:00+07:00,7.662,7.823,7.2,7.5,4.082211111,6.597361851,1.567060371,5.7055,8.399685109,3.011314891,74.03154639
2021-08-23T07:00:00+07:00,7.5,7.86,7.343,7.571,4.115055556,6.732308727,1.497802384,5.85885,8.610552402,3.107147598,74.48393257
2021-08-24T07:00:00+07:00,7.571,7.747,6.579,6.758,4.129266667,6.789525247,1.469008086,5.9688,8.679387066,3.258212934,61.31259642
2021-08-25T07:00:00+07:00,6.758,7.045,6.337,7,4.150644444,6.871229583,1.430059306,6.09595,8.748906952,3.442993048,63.38798929
2021-08-26T07:00:00+07:00,7,7.002,6.231,6.387,4.173377778,6.933846073,1.412909483,6.18795,8.745569477,3.630330523,55.29601715
2021-08-27T07:00:00+07:00,6.387,7.546,6.166,7.503,4.211566667,7.058770098,1.364363235,6.33335,8.842378918,3.824321082,64.24498209
2021-08-28T07:00:00+07:00,7.503,8.79,7.305,8.26,4.255466667,7.226472006,1.284461327,6.5335,8.986077461,4.080922539,68.80647873
2021-08-29T07:00:00+07:00,8.26,8.278,7.671,7.881,4.290133333,7.355244565,1.225022102,6.6986,9.044925076,4.352274924,64.37817849
2021-08-30T07:00:00+07:00,7.881,9.016,7.75,8.205,4.330333333,7.502980402,1.157686265,6.87665,9.110034452,4.643265548,66.37075639
2021-08-31T07:00:00+07:00,8.205,10.135,8.039,8.358,4.368855556,7.650130424,1.087580687,7.0522,9.168734583,4.935665417,67.30093349
2021-09-01T07:00:00+07:00,8.358,9.047,8.074,8.716,4.406866667,7.807272475,1.006460858,7.25315,9.192852995,5.313447005,69.43151768
2021-09-02T07:00:00+07:00,8.716,9.273,8.541,8.829,4.452588889,7.97669557,0.928482208,7.43345,9.25135379,5.61554621,70.09389179
2021-09-03T07:00:00+07:00,8.829,9.828,8.829,9.235,4.504055556,8.16796553,0.840145581,7.63355,9.314423163,5.952676837,72.40731804
2021-09-04T07:00:00+07:00,9.235,9.315,8.618,8.806,4.548555556,8.321474521,0.77563659,7.7653,9.378687629,6.151912371,66.54924437
2021-09-05T07:00:00+07:00,8.806,8.811,8.381,8.731,4.595911111,8.469297957,0.722524265,7.86435,9.459381194,6.269318806,65.5507657
2021-09-06T07:00:00+07:00,8.731,9.242,7.8,9.076,4.649266667,8.634136293,0.66439704,8.0037,9.508267858,6.499132142,67.93408288
2021-09-07T07:00:00+07:00,9.076,10.636,7,8.313,4.691622222,8.749652303,0.633592141,8.02925,9.536601966,6.521898034,58.32376131
2021-09-08T07:00:00+07:00,8.313,10.399,7.192,8.863,4.7434,8.893053477,0.593746523,8.0775,9.626170462,6.528829538,62.44767758
2021-09-09T07:00:00+07:00,8.863,12.157,8.217,10.785,4.820366667,9.154342972,0.486390361,8.22195,10.16474175,6.279158248,72.63725824
2021-09-10T07:00:00+07:00,10.785,11.75,9.472,11.447,4.906811111,9.450597422,0.363024801,8.4112,10.78789061,6.034509393,75.13944446
2021-09-11T07:00:00+07:00,11.447,13.71,11.257,11.845,4.994388889,9.760436697,0.228341081,8.62845,11.3946762,5.8622238,76.52907693
2021-09-12T07:00:00+07:00,11.845,12.969,11.545,12.485,5.086055556,10.10100475,0.071106362,8.87415,12.06185904,5.686440962,78.60052404
2021-09-13T07:00:00+07:00,12.486,12.708,10.04,11.243,5.162733333,10.33829037,-0.012823704,9.0984,12.29010935,5.906690652,66.36056277
2021-09-14T07:00:00+07:00,11.243,11.279,9.831,10.473,5.233233333,10.5221094,-0.055642733,9.27205,12.36456351,6.179536493,60.11083403
2021-09-15T07:00:00+07:00,10.473,11.103,10.127,10.702,5.306933333,10.71243606,-0.098569392,9.4878,12.33765899,6.637941014,61.27879782
2021-09-16T07:00:00+07:00,10.702,10.946,9.965,10.242,5.378,10.87225501,-0.116255012,9.62475,12.33999444,6.909505563,57.6285753
2021-09-17T07:00:00+07:00,10.242,10.479,9.377,9.684,5.444233333,11.00045768,-0.111991013,9.69595,12.33800757,7.053892432,53.46790483
2021-09-18T07:00:00+07:00,9.684,10.81,9.411,10.729,5.521677778,11.17523364,-0.131878081,9.83835,12.37881982,7.297880179,59.38226673
2021-09-19T07:00:00+07:00,10.73,11.177,9.675,9.883,5.598788889,11.29867978,-0.101101999,9.92225,12.34973066,7.494769341,53.45834203
2021-09-20T07:00:00+07:00,9.883,9.934,7.9,8.04,5.657711111,11.34767977,-0.032257545,9.90635,12.37836305,7.434336952,43.31973661
2021-09-21T07:00:00+07:00,8.04,8.35,6.799,7.111,5.704666667,11.37203883,0.037294507,9.8261,12.53986085,7.112339148,39.27615036
2021-09-22T07:00:00+07:00,7.111,8.336,6.863,8.309,5.763877778,11.42749704,0.10025852,9.8001,12.56112712,7.03907288,46.24449523
2021-09-23T07:00:00+07:00,8.309,8.731,7.891,8.631,5.829988889,11.48702389,0.172953886,9.7699,12.56795539,6.971844611,47.97266212
2021-09-24T07:00:00+07:00,8.631,8.635,7.209,7.834,5.887166667,11.51999009,0.254343248,9.7213,12.61670796,6.825892043,44.18617665
2021-09-25T07:00:00+07:00,7.834,7.913,7.33,7.547,5.939211111,11.54580021,0.332622015,9.6621,12.68182614,6.64237386,42.87384628
2021-09-26T07:00:00+07:00,7.547,8.168,6.812,7.613,5.989833333,11.57364017,0.406026498,9.58895,12.73035125,6.447548754,43.29096123
2021-09-27T07:00:00+07:00,7.613,8.2,7.437,7.457,6.0365,11.59832793,0.474672073,9.54615,12.77794624,6.314353764,42.50103662
2021-09-28T07:00:00+07:00,7.457,7.577,6.897,6.942,6.074244444,11.61398998,0.534498912,9.4501,12.86632382,6.033876184,39.91188225
2021-09-29T07:00:00+07:00,6.942,7.422,6.812,6.993,6.115722222,11.62638609,0.605058354,9.2605,12.77871958,5.742280422,40.2997487
2021-09-30T07:00:00+07:00,6.991,7.49,6.935,7.464,6.162577778,11.6465243,0.678631259,9.06135,12.51222701,5.610472994,43.90123935
2021-10-01T07:00:00+07:00,7.464,8.349,7.371,8.248,6.216466667,11.68598745,0.746945882,8.8815,12.10046477,5.662535229,49.37574168
2021-10-02T07:00:00+07:00,8.248,9.057,8.071,8.613,6.273666667,11.7345605,0.812772829,8.6879,11.44999818,5.925801819,51.73712273
2021-10-03T07:00:00+07:00,8.613,9.422,8.613,8.999,6.336911111,11.79074555,0.883076671,8.5757,11.0841817,6.0672183,54.17168247
2021-10-04T07:00:00+07:00,8.999,9.108,8.221,8.561,6.390411111,11.83599291,0.944829311,8.4801,10.83297415,6.127225851,51.02630456
2021-10-05T07:00:00+07:00,8.561,8.809,8.167,8.487,6.444755556,11.87530404,1.014207072,8.36935,10.49057514,6.248124856,50.49288007
2021-10-06T07:00:00+07:00,8.49,8.496,7.616,8.177,6.500144444,11.89845042,1.101838467,8.2661,10.20594277,6.326257233,48.21877935
2021-10-07T07:00:00+07:00,8.177,8.416,7.874,8.123,6.554922222,11.9178187,1.192025748,8.18805,10.01578909,6.360310908,47.81480047
2021-10-08T07:00:00+07:00,8.123,8.215,7.83,7.912,6.608,11.92884813,1.287151872,8.0472,9.456182129,6.638217871,46.18651332
2021-10-09T07:00:00+07:00,7.912,8.204,7.775,8.09,6.662288889,11.94265466,1.381923117,7.95755,9.08866281,6.82643719,47.80142771
2021-10-10T07:00:00+07:00,8.09,8.093,7.404,7.453,6.709522222,11.94105799,1.477986453,7.9282,9.079514484,6.776885516,42.84608567
2021-10-11T07:00:00+07:00,7.454,7.708,7.21,7.342,6.757066667,11.93265555,1.581477779,7.93975,9.062315967,6.817184033,42.02847854
2021-10-12T07:00:00+07:00,7.342,7.499,6.98,7.495,6.807011111,11.92302389,1.690998328,7.89905,9.02413657,6.77396343,43.62535197
2021-10-13T07:00:00+07:00,7.495,7.589,7.237,7.567,6.859488889,11.90827302,1.81070476,7.84585,8.927238048,6.764461952,44.40150011
2021-10-14T07:00:00+07:00,7.567,7.879,7.509,7.644,6.914788889,11.88712678,1.942450995,7.83635,8.921319912,6.751380088,45.2693297
2021-10-15T07:00:00+07:00,7.644,8.172,7.325,7.488,6.9681,11.86034868,2.075851319,7.8334,8.92181617,6.74498383,43.77842438
2021-10-16T07:00:00+07:00,7.488,7.593,7.275,7.307,7.016988889,11.83327789,2.200699884,7.8181,8.926891035,6.709308965,42.04808657
2021-10-17T07:00:00+07:00,7.307,7.422,6.9,7.176,7.067122222,11.79423064,2.340013801,7.80405,8.937631841,6.670468159,40.7914286
2021-10-18T07:00:00+07:00,7.176,7.279,6.92,7.009,7.117611111,11.74299707,2.492225153,7.8074,8.931124949,6.683675051,39.18372341
2021-10-19T07:00:00+07:00,7.009,7.171,6.946,7.109,7.1664,11.69678462,2.636015383,7.8132,8.921137832,6.705262168,40.69111291
2021-10-20T07:00:00+07:00,7.109,7.63,7.01,7.611,7.220411111,11.65376545,2.787056776,7.82055,8.921049428,6.720050572,47.69924126
2021-10-21T07:00:00+07:00,7.611,7.866,7.261,7.379,7.271266667,11.60459599,2.937937346,7.7771,8.875279384,6.678920616,45.0498588
2021-10-22T07:00:00+07:00,7.379,8.196,7.341,7.943,7.327455556,11.56189495,3.09301616,7.7436,8.776686521,6.710513479,52.0259952
2021-10-23T07:00:00+07:00,7.943,8.118,7.663,7.795,7.381033333,11.51455319,3.247513472,7.6834,8.542524066,6.824275934,50.2241157
2021-10-24T07:00:00+07:00,7.795,7.819,7.223,7.475,7.430211111,11.46042672,3.399995506,7.6291,8.391300735,6.866899265,46.47604753
2021-10-25T07:00:00+07:00,7.475,7.9,7.411,7.729,7.480711111,11.40945869,3.551963533,7.5912,8.246945255,6.935454745,49.68567935
2021-10-26T07:00:00+07:00,7.729,8.003,7.504,7.634,7.529455556,11.35436886,3.70454225,7.56405,8.163038639,6.965061361,48.51389483
2021-10-27T07:00:00+07:00,7.634,7.705,6.541,6.632,7.563311111,11.3009139,3.825708319,7.4895,8.158689809,6.820310191,38.26369692
2021-10-28T07:00:00+07:00,6.632,7.135,6.514,6.948,7.597255556,11.25555755,3.938953563,7.4413,8.120612329,6.761987671,42.39715988
2021-10-29T07:00:00+07:00,6.948,7.41,6.914,7.387,7.634411111,11.2146571,4.054165125,7.40615,8.016846741,6.795453259,47.64185012
2021-10-30T07:00:00+07:00,7.387,7.65,7.069,7.293,7.673622222,11.15950954,4.187734909,7.39815,8.010372272,6.785927728,46.66215984
2021-10-31T07:00:00+07:00,7.293,7.393,6.907,7.25,7.710411111,11.10659837,4.314223852,7.39355,8.008765889,6.778334111,46.19419538
2021-11-01T07:00:00+07:00,7.25,7.801,6.935,7.533,7.744066667,11.0718316,4.416301734,7.39545,8.012140352,6.778759648,49.76493106
2021-11-02T07:00:00+07:00,7.53,7.765,7.351,7.758,7.779611111,11.0381539,4.521068319,7.405,8.037728062,6.772271938,52.46587071
2021-11-03T07:00:00+07:00,7.756,8.841,7.584,8.705,7.826811111,11.01375231,4.639869911,7.45805,8.304018906,6.612081094,61.78014561
2021-11-04T07:00:00+07:00,8.705,8.907,7.778,8.122,7.866533333,10.97716984,4.755896825,7.48975,8.383970526,6.595529474,54.67698947
2021-11-05T07:00:00+07:00,8.122,8.128,7.516,7.628,7.900233333,10.93311311,4.867353557,7.5058,8.397844304,6.613755696,49.48515923
2021-11-06T07:00:00+07:00,7.628,7.892,7.358,7.847,7.940122222,10.87307354,5.007170901,7.53935,8.429726611,6.648973389,51.67585426
2021-11-07T07:00:00+07:00,7.846,7.954,7.65,7.728,7.975111111,10.82067101,5.12955121,7.5753,8.434639537,6.715960463,50.39690208
2021-11-08T07:00:00+07:00,7.728,7.88,7.53,7.844,8.010666667,10.76743097,5.253902364,7.61205,8.451106011,6.772993989,51.65302365
2021-11-09T07:00:00+07:00,7.844,7.973,7.45,7.505,8.0402,10.71653891,5.363861088,7.60675,8.447103705,6.766396295,47.84023634
2021-11-10T07:00:00+07:00,7.505,7.619,6.671,6.98,8.065566667,10.65659306,5.474540271,7.5868,8.46588557,6.70771443,42.59623995
2021-11-11T07:00:00+07:00,6.98,7.231,6.884,7.06,8.085977778,10.61532011,5.556635448,7.54265,8.434346423,6.650953577,43.61057654
2021-11-12T07:00:00+07:00,7.06,7.191,6.726,6.953,8.105088889,10.57316659,5.637011191,7.50055,8.419698622,6.581401378,42.52815417
2021-11-13T07:00:00+07:00,6.953,7.179,6.913,7.105,8.115466667,10.55865633,5.672276999,7.48205,8.417264729,6.546835271,44.630574
2021-11-14T07:00:00+07:00,7.105,7.159,6.887,7.028,8.118555556,10.55552708,5.681584027,7.447,8.395023206,6.498976794,43.75730768
2021-11-15T07:00:00+07:00,7.028,7.152,6.8,6.895,8.125288889,10.5452927,5.705285083,7.41005,8.383309364,6.436790636,42.22062398
2021-11-16T07:00:00+07:00,6.895,6.895,6.107,6.309,8.1087,10.55763661,5.659763388,7.3939,8.427137804,6.360662196,36.19010851
2021-11-17T07:00:00+07:00,6.309,6.353,6.053,6.302,8.090966667,10.56869416,5.613239169,7.3616,8.485028218,6.238171782,36.12373306
2021-11-18T07:00:00+07:00,6.302,6.352,5.498,5.639,8.065888889,10.59613291,5.53564487,7.2742,8.625080098,5.923319902,30.43085412
2021-11-19T07:00:00+07:00,5.639,5.941,5.51,5.903,8.046344444,10.61563848,5.47705041,7.2047,8.68169805,5.72770195,34.83468759
2021-11-20T07:00:00+07:00,5.903,6.232,5.748,6.078,8.030544444,10.6303909,5.430697985,7.1461,8.702142274,5.590057726,37.65212748
2021-11-21T07:00:00+07:00,6.078,6.255,5.892,6.166,8.014933333,10.64235664,5.387510028,7.07775,8.679237293,5.476262707,39.0785164
2021-11-22T07:00:00+07:00,6.166,6.192,5.68,5.75,8.003733333,10.66091814,5.346548527,6.97735,8.646025196,5.308674804,35.00187115
2021-11-23T07:00:00+07:00,5.75,5.853,5.589,5.761,7.989966667,10.68043969,5.29949364,6.83015,8.378294732,5.282005268,35.1943848
2021-11-24T07:00:00+07:00,5.761,5.787,5.461,5.545,7.980611111,10.69902566,5.262196562,6.7013,8.22671458,5.17588542,33.1199666
2021-11-25T07:00:00+07:00,5.545,5.94,5.503,5.822,7.961933333,10.71608244,5.207784224,6.611,8.120023658,5.101976342,38.15431258
2021-11-26T07:00:00+07:00,5.822,5.858,5.018,5.137,7.927233333,10.74348085,5.110985821,6.4755,8.002820333,4.948179667,31.78290176
2021-11-27T07:00:00+07:00,5.137,5.289,5.062,5.139,7.896766667,10.77304276,5.02049057,6.34605,7.865646456,4.826453544,31.81870162
2021-11-28T07:00:00+07:00,5.139,5.227,4.785,5.201,7.863388889,10.79379332,4.932984462,6.2139,7.646651186,4.781148814,32.99267106
2021-11-29T07:00:00+07:00,5.201,5.633,5.149,5.578,7.8325,10.79977386,4.865226141,6.11755,7.445378524,4.789721476,39.78235609
2021-11-30T07:00:00+07:00,5.578,5.907,5.342,5.648,7.798411111,10.79465284,4.802169378,6.05095,7.331855067,4.770044933,40.97821794
2021-12-01T07:00:00+07:00,5.648,5.95,5.591,5.697,7.763611111,10.78382283,4.743399394,5.9828,7.184282351,4.781317649,41.84877816
2021-12-02T07:00:00+07:00,5.697,5.723,5.483,5.568,7.722866667,10.76146347,4.684269868,5.91355,7.040728686,4.786371314,40.1689855
2021-12-03T07:00:00+07:00,5.568,5.59,4.953,5.15,7.682244444,10.75934291,4.60514598,5.8158,6.847789651,4.783810349,35.23379845
2021-12-04T07:00:00+07:00,5.15,5.151,4,4.322,7.633255556,10.78157009,4.484941021,5.6805,6.750163592,4.610836408,27.91701138
2021-12-05T07:00:00+07:00,4.322,4.39,3.931,4.044,7.577344444,10.79905757,4.355631316,5.53795,6.679669138,4.396230862,25.96723084
2021-12-06T07:00:00+07:00,4.044,4.134,3.627,4.094,7.530466667,10.82984048,4.231092851,5.4272,6.673215666,4.181184334,26.955363
2021-12-07T07:00:00+07:00,4.094,4.271,4.053,4.243,7.479133333,10.83721911,4.121047553,5.32425,6.60392619,4.04457381,29.95566522
2021-12-08T07:00:00+07:00,4.243,4.378,4.089,4.366,7.407811111,10.75466157,4.060960653,5.2606,6.596714127,3.924485873,32.42327968
2021-12-09T07:00:00+07:00,4.366,4.386,3.909,3.924,7.324222222,10.63900214,4.0094423,5.16165,6.583198772,3.740101228,28.53321485
2021-12-10T07:00:00+07:00,3.924,4.029,3.601,3.612,7.232744444,10.49747012,3.968018769,5.03835,6.545775922,3.530924078,26.14836299
2021-12-11T07:00:00+07:00,3.612,3.774,3.48,3.764,7.135844444,10.28696907,3.984719821,4.91825,6.429908543,3.406591457,29.25082012
2021-12-12T07:00:00+07:00,3.764,3.847,3.621,3.803,7.053177778,10.159013,3.947342559,4.8209,6.356347283,3.285452717,30.06264169
2021-12-13T07:00:00+07:00,3.803,3.879,3.317,3.35,6.974033333,10.09025879,3.857807875,4.70035,6.298918394,3.101781606,26.28922139
2021-12-14T07:00:00+07:00,3.35,3.538,3.277,3.437,6.893311111,9.995430797,3.791191425,4.59495,6.234312129,2.955587871,28.1543729
2021-12-15T07:00:00+07:00,3.437,3.665,3.275,3.563,6.8191,9.916786564,3.721413436,4.482,6.078349335,2.885650665,30.88215261
2021-12-16T07:00:00+07:00,3.563,3.68,3.463,3.473,6.750088889,9.866087044,3.634090734,4.3988,6.02313169,2.77446831,30.00581583
2021-12-17T07:00:00+07:00,3.473,3.515,3.267,3.344,6.668033333,9.749347836,3.586718831,4.30905,5.958041992,2.660058008,28.7466509
2021-12-18T07:00:00+07:00,3.344,3.517,3.279,3.489,6.596988889,9.673366362,3.520611416,4.22345,5.856008296,2.590891704,32.19115345
2021-12-19T07:00:00+07:00,3.489,3.542,3.38,3.387,6.545288889,9.678788179,3.411789599,4.1139,5.659930517,2.567869483,31.05390766
2021-12-20T07:00:00+07:00,3.387,3.42,3.206,3.339,6.503377778,9.70563789,3.301117665,3.99845,5.40781049,2.58908951,30.50770589
2021-12-21T07:00:00+07:00,3.339,3.558,3.311,3.533,6.450311111,9.689206652,3.21141557,3.89025,5.075906928,2.704593072,35.4494681
2021-12-22T07:00:00+07:00,3.533,3.829,3.511,3.667,6.395155556,9.652643489,3.137667622,3.7952,4.698883263,2.891516737,38.6924669
2021-12-23T07:00:00+07:00,3.667,3.947,3.587,3.89,6.351333333,9.636216676,3.06644999,3.7322,4.392100174,3.072299826,43.75658038
2021-12-24T07:00:00+07:00,3.89,4.206,3.855,4.04,6.312366667,9.622695988,3.002037345,3.7181,4.337816354,3.098383646,46.93194663
2021-12-25T07:00:00+07:00,4.04,4.13,3.982,4.107,6.273411111,9.604054838,2.942767384,3.72125,4.348159204,3.094340796,48.33503955
2021-12-26T07:00:00+07:00,4.107,4.208,3.863,4.035,6.235388889,9.589167596,2.881610182,3.7183,4.338686686,3.097913314,46.89998517
2021-12-27T07:00:00+07:00,4.035,4.28,4.002,4.058,6.203344444,9.584504787,2.822184102,3.70905,4.302813076,3.115286924,47.43685334
2021-12-28T07:00:00+07:00,4.058,4.058,3.638,3.64,6.166088889,9.585301139,2.746876639,3.67275,4.184531936,3.160968064,39.60060836
2021-12-29T07:00:00+07:00,3.64,3.703,3.368,3.406,6.121,9.577384276,2.664615724,3.64685,4.157578215,3.136121785,36.0139715
2021-12-30T07:00:00+07:00,3.406,3.625,3.318,3.475,6.067966667,9.538620687,2.597312646,3.64,4.156061237,3.123938763,37.8028224
2021-12-31T07:00:00+07:00,3.475,3.602,3.317,3.41,6.010155556,9.482645446,2.537665665,3.6223,4.144383173,3.100216827,36.76022626
2022-01-01T07:00:00+07:00,3.41,3.676,3.41,3.669,5.950933333,9.399226628,2.502640038,3.6156,4.131639688,3.099560312,43.45253708
2022-01-02T07:00:00+07:00,3.669,3.874,3.589,3.8,5.898033333,9.33058055,2.465486117,3.6381,4.145016127,3.131183873,46.53442105
2022-01-03T07:00:00+07:00,3.8,3.812,3.547,3.65,5.844288889,9.264454593,2.424123185,3.64875,4.147197941,3.150302059,43.603974
2022-01-04T07:00:00+07:00,3.65,3.721,3.517,3.605,5.793488889,9.209367617,2.37761016,3.65085,4.148187823,3.153512177,42.73452447
2022-01-05T07:00:00+07:00,3.605,3.923,3.243,3.39,5.7409,9.157437247,2.324362753,3.6467,4.151237848,3.142162152,38.75811099
2022-01-06T07:00:00+07:00,3.39,3.446,3.16,3.263,5.689244444,9.113488196,2.265000693,3.64265,4.158026086,3.127273914,36.59215046
2022-01-07T07:00:00+07:00,3.263,3.502,2.971,3.102,5.633822222,9.062306041,2.205338403,3.6233,4.187085101,3.059514899,33.99826092
2022-01-08T07:00:00+07:00,3.102,3.18,2.877,2.972,5.584033333,9.035468236,2.132598431,3.60255,4.226891405,2.978208595,32.02427089
2022-01-09T07:00:00+07:00,2.972,3.092,2.944,3.031,5.536133333,9.008245085,2.064021581,3.58715,4.25069782,2.92360218,33.90005433
2022-01-10T07:00:00+07:00,3.031,3.051,2.787,2.902,5.4851,8.975513564,1.994686436,3.5556,4.28334567,2.82785433,31.83176216
2022-01-11T07:00:00+07:00,2.902,3.085,2.884,3.024,5.434622222,8.934530724,1.934713721,3.52345,4.284710133,2.762189867,35.81986996
2022-01-12T07:00:00+07:00,3.024,3.225,3.021,3.169,5.3849,8.884993815,1.884806185,3.4874,4.244086038,2.730713962,40.29100166
2022-01-13T07:00:00+07:00,3.169,3.266,3.068,3.084,5.335966667,8.840220494,1.83171284,3.4396,4.170973612,2.708226388,38.5936631
2022-01-14T07:00:00+07:00,3.083,3.213,3.012,3.169,5.289988889,8.798175511,1.781802267,3.3927,4.06476342,2.72063658,41.25861443
2022-01-15T07:00:00+07:00,3.169,3.289,3.133,3.216,5.245988889,8.757785219,1.734192558,3.35175,3.958953714,2.744546286,42.73841461
2022-01-16T07:00:00+07:00,3.216,3.225,3.129,3.174,5.203377778,8.721632201,1.685123355,3.30755,3.824698905,2.790401095,41.72681139
2022-01-17T07:00:00+07:00,3.174,3.181,2.951,3.007,5.1578,8.682401086,1.633198914,3.2759,3.785210868,2.766589132,37.88680744
2022-01-18T07:00:00+07:00,3.007,3.035,2.89,2.992,5.106477778,8.621200656,1.5917549,3.2552,3.775217538,2.735182462,37.55252384
2022-01-19T07:00:00+07:00,2.992,3.003,2.852,2.889,5.056588889,8.568331601,1.544846176,3.2259,3.758950054,2.692849946,35.25242396
2022-01-20T07:00:00+07:00,2.889,3.018,2.745,2.765,4.999055556,8.489357566,1.508753546,3.19365,3.755512359,2.631787641,32.65896639
2022-01-21T07:00:00+07:00,2.765,2.784,2.351,2.444,4.9396,8.419654531,1.459545469,3.1324,3.738936528,2.525863472,27.10070698
2022-01-22T07:00:00+07:00,2.444,2.503,2.046,2.209,4.881088889,8.365736764,1.396441014,3.05285,3.703979258,2.401720742,23.89456326
2022-01-23T07:00:00+07:00,2.209,2.305,2.14,2.261,4.820333333,8.29490381,1.345762856,2.9834,3.660721017,2.306078983,25.98128281
2022-01-24T07:00:00+07:00,2.261,2.262,1.925,2.118,4.759044444,8.227519715,1.290569174,2.90905,3.622603215,2.195496785,24.03000277
2022-01-25T07:00:00+07:00,2.118,2.154,2.036,2.104,4.708733333,8.198373274,1.219093393,2.84475,3.603682639,2.085817361,23.84121922
2022-01-26T07:00:00+07:00,2.104,2.287,2.077,2.116,4.655044444,8.153896522,1.156192367,2.7874,3.58367342,1.99112658,24.38953424
2022-01-27T07:00:00+07:00,2.116,2.17,2.032,2.123,4.596555556,8.086757805,1.106353306,2.73845,3.570890863,1.906009137,24.72996887
2022-01-28T07:00:00+07:00,2.123,2.214,2.087,2.2,4.539966667,8.018590104,1.061343229,2.69985,3.556631483,1.843068517,28.54136343
2022-01-29T07:00:00+07:00,2.2,2.297,2.196,2.256,4.484477778,7.947704176,1.021251379,2.6611,3.524544706,1.797655294,31.26724843
2022-01-30T07:00:00+07:00,2.256,2.365,2.22,2.309,4.426433333,7.858307302,0.994559365,2.63145,3.500477382,1.762422618,33.83956082
2022-01-31T07:00:00+07:00,2.309,2.318,2.185,2.312,4.365922222,7.752441408,0.979403036,2.59585,3.455925409,1.735774591,33.99015174
2022-02-01T07:00:00+07:00,2.312,2.409,2.3,2.368,4.295511111,7.580219294,1.010802929,2.5558,3.379205514,1.732394486,36.87837035
2022-02-02T07:00:00+07:00,2.368,2.461,2.238,2.259,4.230366667,7.440647685,1.020085648,2.51455,3.310168872,1.718931128,33.78019082
2022-02-03T07:00:00+07:00,2.259,2.27,2.164,2.263,4.170755556,7.325220825,1.016290286,2.46925,3.212079422,1.726420578,33.99932062
2022-02-04T07:00:00+07:00,2.263,2.444,2.231,2.436,4.110633333,7.187853817,1.033412849,2.43025,3.089344492,1.771155508,42.81342867
2022-02-05T07:00:00+07:00,2.436,2.614,2.413,2.529,4.052866667,7.050457006,1.055276328,2.398,2.965065076,1.830934924,46.9173944
2022-02-06T07:00:00+07:00,2.529,2.606,2.443,2.562,3.994177778,6.897928786,1.09042677,2.37575,2.876534934,1.874965066,48.3342579
2022-02-07T07:00:00+07:00,2.562,2.757,2.501,2.692,3.9407,6.759897907,1.121502093,2.36075,2.801131142,1.920368858,53.58964561
2022-02-08T07:00:00+07:00,2.692,2.698,2.457,2.554,3.891522222,6.65071019,1.132334254,2.344,2.724095777,1.963904223,48.00714953
2022-02-09T07:00:00+07:00,2.554,2.683,2.482,2.645,3.842466667,6.530656032,1.154277302,2.338,2.694371716,1.981628284,51.58847119
2022-02-10T07:00:00+07:00,2.645,2.728,2.473,2.487,3.792844444,6.413560257,1.172128632,2.34015,2.699559669,1.980740331,45.702237
2022-02-11T07:00:00+07:00,2.487,2.548,2.296,2.335,3.739844444,6.282245163,1.197443726,2.34645,2.700825211,1.992074789,40.87087082
2022-02-12T07:00:00+07:00,2.335,2.351,2.227,2.289,3.687188889,6.15005966,1.224318118,2.34785,2.701083223,1.994616777,39.50963175
2022-02-13T07:00:00+07:00,2.289,2.332,2.205,2.253,3.635611111,6.020809928,1.250412294,2.3546,2.694930075,2.014269925,38.43085902
2022-02-14T07:00:00+07:00,2.253,2.3,2.188,2.267,3.5907,5.924518606,1.256881394,2.36275,2.686066486,2.039433514,39.12694406
2022-02-15T07:00:00+07:00,2.267,2.466,2.263,2.455,3.547955556,5.821720791,1.27419032,2.3797,2.68451017,2.07488983,47.68101779
2022-02-16T07:00:00+07:00,2.455,2.481,2.362,2.431,3.512311111,5.754194875,1.270427347,2.3951,2.67671669,2.11348331,46.77732393
2022-02-17T07:00:00+07:00,2.431,2.449,2.183,2.209,3.471266667,5.67144415,1.271089183,2.39555,2.675944347,2.115155653,39.3483511
2022-02-18T07:00:00+07:00,2.209,2.256,2.124,2.158,3.427711111,5.574299562,1.28112266,2.39065,2.6837645,2.0975355,37.86075658
2022-02-19T07:00:00+07:00,2.158,2.185,2.09,2.154,3.383133333,5.466098233,1.300168434,2.3829,2.692000566,2.073799434,37.74024265
2022-02-20T07:00:00+07:00,2.154,2.155,2.023,2.061,3.342144444,5.381931831,1.302357058,2.37035,2.70892305,2.03177695,34.95439501
2022-02-21T07:00:00+07:00,2.061,2.147,1.904,1.907,3.299322222,5.29554336,1.303101085,2.3473,2.741563922,1.953036078,30.88836938
2022-02-22T07:00:00+07:00,1.907,1.983,1.845,1.953,3.259411111,5.217713979,1.301108243,2.332,2.761002098,1.902997902,33.38116764
2022-02-23T07:00:00+07:00,1.953,2.033,1.865,1.877,3.215577778,5.118296931,1.312858625,2.3127,2.78493473,1.84046527,31.36807264
2022-02-24T07:00:00+07:00,1.877,1.892,1.656,1.84,3.178944444,5.059100759,1.29878813,2.2829,2.79388137,1.77191863,30.4066719
2022-02-25T07:00:00+07:00,1.84,1.973,1.816,1.945,3.143455556,4.994637452,1.292273659,2.2537,2.771786518,1.735613482,36.36701387
2022-02-26T07:00:00+07:00,1.945,2.024,1.934,1.981,3.107677778,4.922521311,1.292834244,2.22465,2.735434994,1.713865006,38.3175895
2022-02-27T07:00:00+07:00,1.981,2.041,1.874,1.902,3.066833333,4.821931387,1.31173528,2.18515,2.666603746,1.703696254,35.7292921
2022-02-28T07:00:00+07:00,1.902,2.099,1.875,2.093,3.027333333,4.706669366,1.347997301,2.1621,2.613941521,1.710258479,45.34228134
2022-03-01T07:00:00+07:00,2.093,2.143,2.029,2.094,2.9873,4.579692538,1.394907462,2.13455,2.528775557,1.740324443,45.3883369
2022-03-02T07:00:00+07:00,2.094,2.127,2.025,2.079,2.948533333,4.455307731,1.441758936,2.11415,2.474041803,1.754258197,44.7788291
2022-03-03T07:00:00+07:00,2.079,2.088,1.94,1.978,2.913288889,4.359617398,1.46696038,2.0963,2.445871223,1.746728777,40.80538361
2022-03-04T07:00:00+07:00,1.978,1.982,1.81,1.836,2.885666667,4.318215351,1.453117982,2.07365,2.428998435,1.718301565,35.97239734
2022-03-05T07:00:00+07:00,1.836,1.887,1.804,1.878,2.8616,4.288265601,1.434934399,2.0549,2.409989791,1.699810209,38.30010353
2022-03-06T07:00:00+07:00,1.878,1.887,1.81,1.83,2.836444444,4.255119385,1.417769504,2.03305,2.387024279,1.679075721,36.65978763
2022-03-07T07:00:00+07:00,1.83,1.885,1.741,1.785,2.809133333,4.213006933,1.405259733,1.99955,2.311809812,1.687290188,35.14032749
2022-03-08T07:00:00+07:00,1.785,1.845,1.771,1.806,2.780688889,4.16076939,1.400608387,1.9683,2.22101019,1.71558981,36.46379147
2022-03-09T07:00:00+07:00,1.806,1.935,1.8,1.933,2.758566667,4.128422622,1.388710712,1.9545,2.182013956,1.726986044,43.91691591
2022-03-10T07:00:00+07:00,1.933,1.946,1.808,1.882,2.739344444,4.109310159,1.36937873,1.9407,2.14991195,1.73148805,41.79656005
2022-03-11T07:00:00+07:00,1.882,1.884,1.791,1.849,2.718066667,4.083190733,1.352942601,1.92545,2.113656775,1.737243225,40.43613383
2022-03-12T07:00:00+07:00,1.849,1.879,1.829,1.834,2.696188889,4.054154684,1.338223093,1.9141,2.09549559,1.73270441,39.80197063
2022-03-13T07:00:00+07:00,1.834,1.871,1.756,1.767,2.6786,4.043227415,1.313972585,1.9071,2.099521309,1.714678691,37.00995294
2022-03-14T07:00:00+07:00,1.767,1.824,1.747,1.814,2.660566667,4.027522313,1.293611021,1.90015,2.09545722,1.70484278,40.18001406
2022-03-15T07:00:00+07:00,1.814,1.849,1.747,1.832,2.641333333,4.005666593,1.277000073,1.8979,2.095248322,1.700551678,41.39642179
2022-03-16T07:00:00+07:00,1.832,1.896,1.792,1.895,2.6238,3.985486771,1.262113229,1.90065,2.096219195,1.705080805,45.56835234
2022-03-17T07:00:00+07:00,1.895,1.92,1.85,1.885,2.607588889,3.969332539,1.245845239,1.89765,2.092244219,1.703055781,45.02049518
2022-03-18T07:00:00+07:00,1.885,2.219,1.852,2.167,2.5929,3.944780897,1.241019103,1.90695,2.131986419,1.681913581,59.72556921
2022-03-19T07:00:00+07:00,2.167,2.72,2.166,2.697,2.585233333,3.926800346,1.243666321,1.9467,2.357980975,1.535419025,73.87067133
2022-03-20T07:00:00+07:00,2.697,2.994,2.564,2.594,2.576955556,3.90897644,1.244934671,1.97175,2.467895896,1.475604104,68.81253781
2022-03-21T07:00:00+07:00,2.594,2.698,2.442,2.474,2.565188889,3.881841375,1.248536403,1.99075,2.531285614,1.450214386,63.36850874
2022-03-22T07:00:00+07:00,2.474,2.6,2.395,2.501,2.552233333,3.84804601,1.256420657,2.01185,2.595726108,1.427973892,64.05752277
2022-03-23T07:00:00+07:00,2.501,3.153,2.474,3.146,2.543966667,3.814788359,1.273144974,2.07025,2.83464463,1.30585537,75.77834205
2022-03-24T07:00:00+07:00,3.146,3.193,2.871,3.08,2.5333,3.769354672,1.297245328,2.13245,3.005243326,1.259656674,73.1497002
2022-03-25T07:00:00+07:00,3.08,3.296,2.976,3.109,2.522211111,3.718873748,1.325548474,2.194,3.155454939,1.232545061,73.5833143
2022-03-26T07:00:00+07:00,3.109,3.157,2.995,3.033,2.511077778,3.669261268,1.352894287,2.25415,3.266181872,1.242118128,70.37573448
2022-03-27T07:00:00+07:00,3.033,3.129,2.834,3.104,2.500477778,3.618605746,1.382349809,2.3201,3.372354513,1.267845487,71.62034832
2022-03-28T07:00:00+07:00,3.104,3.503,3.033,3.375,2.497533333,3.604987399,1.390079268,2.39855,3.517623273,1.279476727,75.79965483
2022-03-29T07:00:00+07:00,3.375,3.557,3.193,3.314,2.496511111,3.600774334,1.392247888,2.4676,3.632724783,1.302475217,73.18703312
2022-03-30T07:00:00+07:00,3.314,3.704,3.174,3.451,2.496244444,3.599573561,1.392915328,2.54605,3.753413984,1.338686016,75.25029671
2022-03-31T07:00:00+07:00,3.451,3.595,3.189,3.235,2.4943,3.591782187,1.396817813,2.61535,3.813795873,1.416904127,66.55457512
2022-04-01T07:00:00+07:00,3.235,3.448,3.062,3.438,2.491733333,3.579249721,1.404216946,2.69555,3.888778138,1.502321862,70.05664523
2022-04-02T07:00:00+07:00,3.438,3.6,3.28,3.294,2.486111111,3.551522725,1.420699498,2.7719,3.911927877,1.631872123,64.86782536
2022-04-03T07:00:00+07:00,3.294,3.408,3.228,3.296,2.482177778,3.53288512,1.431470436,2.846,3.917971082,1.774028918,64.90670261
2022-04-04T07:00:00+07:00,3.296,3.299,2.96,3.119,2.476777778,3.509183201,1.444372354,2.91035,3.880826641,1.939873359,58.71425814
2022-04-05T07:00:00+07:00,3.119,3.134,2.909,2.927,2.471633333,3.490308178,1.452958488,2.96195,3.813444563,2.110455437,52.8266574
2022-04-06T07:00:00+07:00,2.927,2.928,2.518,2.538,2.463577778,3.468466228,1.458689327,2.9946,3.719004141,2.270195859,43.34352064
2022-04-07T07:00:00+07:00,2.538,2.723,2.485,2.683,2.458922222,3.455786873,1.462057572,3.0204,3.65642937,2.38437063,47.15182754
2022-04-08T07:00:00+07:00,2.683,2.774,2.585,2.615,2.454955556,3.446448836,1.463462275,3.0163,3.66160492,2.37099508,45.60369554
2022-04-09T07:00:00+07:00,2.615,2.699,2.594,2.68,2.451055556,3.436195697,1.465915414,3.0206,3.655656344,2.385543656,47.38210617
2022-04-10T07:00:00+07:00,2.68,2.685,2.538,2.552,2.447166667,3.427909073,1.466424261,3.0245,3.646913528,2.402086472,44.30993732
2022-04-11T07:00:00+07:00,2.552,2.561,2.232,2.263,2.438711111,3.412512334,1.464909888,3.0126,3.681926647,2.343273353,38.27565161
2022-04-12T07:00:00+07:00,2.263,2.399,2.222,2.365,2.429777778,3.391291112,1.468264444,2.97355,3.696195549,2.250904451,41.31339266
2022-04-13T07:00:00+07:00,2.365,2.578,2.364,2.573,2.4241,3.376081141,1.472118859,2.9482,3.68946098,2.20693902,47.03753319
2022-04-14T07:00:00+07:00,2.573,2.582,2.392,2.432,2.415911111,3.354709002,1.47711322,2.91435,3.68441864,2.14428136,43.91085195
2022-04-15T07:00:00+07:00,2.432,2.483,2.378,2.449,2.407388889,3.330778764,1.483999014,2.88515,3.678931903,2.091368097,44.39080655
2022-04-16T07:00:00+07:00,2.449,2.501,2.415,2.482,2.3997,3.308842524,1.490557476,2.85405,3.659747083,2.048352917,45.36808305
2022-04-17T07:00:00+07:00,2.482,2.511,2.341,2.361,2.392522222,3.292527172,1.492517273,2.80335,3.599093495,2.007606505,42.4240727
2022-04-18T07:00:00+07:00,2.361,2.405,2.229,2.387,2.3858,3.276786729,1.494813271,2.757,3.536186242,1.977813758,43.27585676
2022-04-19T07:00:00+07:00,2.387,2.485,2.351,2.476,2.381211111,3.266016702,1.496405521,2.70825,3.427339668,1.989160332,46.20942437
2022-04-20T07:00:00+07:00,2.476,2.519,2.366,2.426,2.377444444,3.258561317,1.496327572,2.6678,3.354083498,1.981516502,44.80744063
2022-04-21T07:00:00+07:00,2.426,2.655,2.371,2.439,2.377388889,3.258489599,1.496288179,2.61785,3.211847736,2.023852264,45.2723595
2022-04-22T07:00:00+07:00,2.439,2.553,2.385,2.434,2.379888889,3.260340866,1.499436912,2.57485,3.085498323,2.064201677,45.1149509
2022-04-23T07:00:00+07:00,2.434,2.443,2.327,2.354,2.380922222,3.261031873,1.500812571,2.52775,2.924778399,2.130721601,42.56488466
2022-04-24T07:00:00+07:00,2.354,2.392,2.298,2.31,2.383055556,3.261534917,1.504576195,2.4873,2.788388758,2.186211242,41.18599994
2022-04-25T07:00:00+07:00,2.31,2.314,2.117,2.276,2.384966667,3.261756136,1.508177197,2.45475,2.692822993,2.216677007,40.1048539
2022-04-26T07:00:00+07:00,2.276,2.296,2.065,2.092,2.3847,3.261831053,1.507568947,2.43245,2.714621916,2.150278084,34.78339933
2022-04-27T07:00:00+07:00,2.092,2.177,2.074,2.144,2.384933333,3.261796926,1.508069741,2.4055,2.689755871,2.121244129,37.31484342
2022-04-28T07:00:00+07:00,2.144,2.272,2.124,2.158,2.384466667,3.261768044,1.507165289,2.38265,2.669331199,2.095968801,38.01247138
2022-04-29T07:00:00+07:00,2.158,2.197,1.958,1.991,2.381522222,3.262300425,1.500744019,2.3482,2.648921532,2.047478468,33.25774929
2022-04-30T07:00:00+07:00,1.991,2.035,1.78,1.817,2.376055556,3.264639116,1.487471995,2.31145,2.676359564,1.946540436,29.1644766
2022-05-01T07:00:00+07:00,1.817,1.924,1.765,1.908,2.371566667,3.265465147,1.477668186,2.2937,2.698648935,1.888751065,33.75643898
2022-05-02T07:00:00+07:00,1.908,1.939,1.788,1.854,2.365855556,3.266316009,1.465395102,2.26815,2.714269838,1.822030162,32.41363683
2022-05-03T07:00:00+07:00,1.854,1.899,1.796,1.82,2.360977778,3.268429692,1.453525864,2.2305,2.694109534,1.766890466,31.56231439
2022-05-04T07:00:00+07:00,1.82,2.03,1.814,2.023,2.358311111,3.268306014,1.448316208,2.21005,2.672382986,1.747717014,41.45000731
2022-05-05T07:00:00+07:00,2.023,2.05,1.763,1.809,2.351344444,3.268426298,1.434262591,2.17805,2.658054781,1.698045219,35.60929922
2022-05-06T07:00:00+07:00,1.809,1.821,1.705,1.765,2.342855556,3.267316555,1.418394557,2.1422,2.633024449,1.651375551,34.53188004
2022-05-07T07:00:00+07:00,1.765,1.796,1.68,1.719,2.333488889,3.265926757,1.401051021,2.1101,2.622966415,1.597233585,33.39429622
2022-05-08T07:00:00+07:00,1.719,1.728,1.66,1.687,2.322322222,3.26136674,1.383277704,2.0751,2.602925691,1.547274309,32.58998491
2022-05-09T07:00:00+07:00,1.687,1.714,1.399,1.412,2.309633333,3.266506131,1.352760536,2.0219,2.590297009,1.453502991,26.64965162
2022-05-10T07:00:00+07:00,1.412,1.573,1.381,1.453,2.296388889,3.267223293,1.325554485,1.97325,2.561193832,1.385306168,28.73528072
2022-05-11T07:00:00+07:00,1.453,1.479,1.098,1.156,2.2816,3.280514024,1.282685976,1.9091,2.556720228,1.261479772,23.51850776
2022-05-12T07:00:00+07:00,1.156,1.2,0.934,1.033,2.267133333,3.299680828,1.234585839,1.83905,2.544875892,1.133224108,21.75687134
2022-05-13T07:00:00+07:00,1.033,1.222,1.021,1.191,2.254933333,3.311818938,1.198047728,1.7809,2.498969328,1.062830672,29.10319167
2022-05-14T07:00:00+07:00,1.191,1.33,1.184,1.305,2.2444,3.319885329,1.168914671,1.73065,2.434091618,1.027208382,33.9237929
2022-05-15T07:00:00+07:00,1.305,1.361,1.26,1.36,2.234322222,3.325652861,1.142991584,1.68485,2.358967579,1.010732421,36.17846951
2022-05-16T07:00:00+07:00,1.36,1.36,1.195,1.211,2.2205,3.331632605,1.109367395,1.6408,2.317871222,0.963728778,32.90293585
2022-05-17T07:00:00+07:00,1.211,1.283,1.191,1.255,2.207433333,3.335880961,1.078985705,1.59635,2.251825789,0.940874211,34.78077589
2022-05-18T07:00:00+07:00,1.255,1.269,1.115,1.12,2.195333333,3.346578032,1.044088635,1.54445,2.177826499,0.911073501,31.83670064
2022-05-19T07:00:00+07:00,1.12,1.175,1.085,1.153,2.184166667,3.355956191,1.012377143,1.50255,2.122960018,0.882139982,33.3224787
2022-05-20T07:00:00+07:00,1.153,1.174,1.074,1.09,2.172344444,3.366371288,0.978317601,1.4662,2.093804206,0.838595794,31.89321321
2022-05-21T07:00:00+07:00,1.091,1.127,1.068,1.109,2.161766667,3.376243895,0.947289438,1.42625,2.037792272,0.814707728,32.82895378
2022-05-22T07:00:00+07:00,1.109,1.177,1.104,1.161,2.153477778,3.384862373,0.922093183,1.3916,1.980377513,0.802822487,35.44317105
2022-05-23T07:00:00+07:00,1.161,1.224,1.107,1.124,2.144266667,3.393780841,0.894752493,1.3568,1.921982661,0.791617339,34.41677998
2022-05-24T07:00:00+07:00,1.124,1.144,1.074,1.135,2.136022222,3.402162428,0.869882017,1.3124,1.794707537,0.830092463,35.01925717
2022-05-25T07:00:00+07:00,1.135,1.155,1.095,1.124,2.128066667,3.410440535,0.845692798,1.27815,1.709084925,0.847215075,34.67620191
2022-05-26T07:00:00+07:00,1.124,1.139,1.007,1.038,2.117988889,3.420063353,0.815914425,1.2418,1.621996581,0.861603419,32.03404063
2022-05-27T07:00:00+07:00,1.038,1.053,0.991,1.005,2.107144444,3.429698323,0.784590566,1.2061,1.530325786,0.881874214,31.05618208
2022-05-28T07:00:00+07:00,1.005,1.038,0.994,1.027,2.097422222,3.438598621,0.756245824,1.1731,1.419937517,0.926262483,32.53473865
2022-05-29T07:00:00+07:00,1.027,1.044,0.997,1.036,2.085677778,3.445189972,0.726165583,1.1543,1.382027117,0.926572883,33.16619497
2022-05-30T07:00:00+07:00,1.036,1.161,1.023,1.154,2.075233333,3.448700772,0.701765895,1.13935,1.32134261,0.95735739,40.96767783
2022-05-31T07:00:00+07:00,1.154,1.186,1.094,1.128,2.064666667,3.452414258,0.676919075,1.13795,1.319839499,0.956060501,39.86351633
2022-06-01T07:00:00+07:00,1.128,1.161,1.002,1.024,2.054066667,3.458770504,0.649362829,1.1375,1.32046721,0.95453279,35.71676457
2022-06-02T07:00:00+07:00,1.024,1.112,1.018,1.084,2.045711111,3.464380793,0.627041429,1.13215,1.314804072,0.949495928,39.6191845
2022-06-03T07:00:00+07:00,1.084,1.095,1.011,1.022,2.0362,3.470629788,0.601770212,1.118,1.288331442,0.947668558,37.11205699
2022-06-04T07:00:00+07:00,1.022,1.026,0.991,1.022,2.027222222,3.47673674,0.577707705,1.1011,1.235266911,0.966933089,37.11205699
2022-06-05T07:00:00+07:00,1.022,1.05,1.001,1.035,2.018888889,3.482433458,0.55534432,1.0923,1.21937966,0.96522034,38.06513212
2022-06-06T07:00:00+07:00,1.035,1.125,1.03,1.1,2.011044444,3.486588153,0.535500736,1.08455,1.187635353,0.981464647,42.73797458
2022-06-07T07:00:00+07:00,1.1,1.104,1.006,1.044,2.001166667,3.490505976,0.511827358,1.08075,1.183931151,0.977568849,39.94198877
2022-06-08T07:00:00+07:00,1.044,1.057,1.009,1.02,1.991588889,3.494891798,0.48828598,1.0741,1.174914483,0.973285517,38.77130566
2022-06-09T07:00:00+07:00,1.02,1.073,1.011,1.025,1.982433333,3.499075972,0.465790695,1.07085,1.173577358,0.968122642,39.17130714
2022-06-10T07:00:00+07:00,1.025,1.029,0.921,0.938,1.972477778,3.504571457,0.440384098,1.0623,1.17848623,0.94611377,34.89907848
2022-06-11T07:00:00+07:00,0.938,0.982,0.864,0.95,1.9634,3.509870125,0.416929875,1.05175,1.168488811,0.935011189,35.93694322
2022-06-12T07:00:00+07:00,0.95,1.101,0.89,0.962,1.953933333,3.514314164,0.393552502,1.04365,1.161686054,0.925613946,37.01826005
2022-06-13T07:00:00+07:00,0.962,0.966,0.836,0.876,1.943311111,3.519800252,0.36682197,1.0307,1.161902287,0.899497713,32.75167239
2022-06-14T07:00:00+07:00,0.876,0.923,0.811,0.918,1.932455556,3.523513601,0.34139751,1.0204,1.153023377,0.887776623,36.59513596
2022-06-15T07:00:00+07:00,0.918,0.98,0.835,0.97,1.922288889,3.526072533,0.318505245,1.017,1.151122332,0.882877668,41.08473785
2022-06-16T07:00:00+07:00,0.97,0.98,0.841,0.853,1.907688889,3.526152568,0.28922521,1.0094,1.161413684,0.857386316,35.06797202
2022-06-17T07:00:00+07:00,0.853,0.917,0.844,0.892,1.887633333,3.511202336,0.264064331,1.00265,1.162714081,0.842585919,38.31102165
2022-06-18T07:00:00+07:00,0.892,0.903,0.781,0.832,1.868055556,3.499556279,0.236554832,0.99245,1.167966922,0.816933078,35.38308516
2022-06-19T07:00:00+07:00,0.832,0.86,0.741,0.858,1.8501,3.490078402,0.210121598,0.97765,1.145952436,0.809347564,37.60829788
2022-06-20T07:00:00+07:00,0.858,0.906,0.813,0.884,1.832133333,3.478611493,0.185655174,0.96545,1.12344807,0.80745193,39.83941342
2022-06-21T07:00:00+07:00,0.884,0.939,0.861,0.895,1.807122222,3.441349266,0.172895179,0.959,1.117442419,0.800557581,40.80389159
2022-06-22T07:00:00+07:00,0.895,0.904,0.843,0.85,1.782344444,3.406212479,0.15847641,0.9473,1.101597246,0.793002754,38.11206352
2022-06-23T07:00:00+07:00,0.85,0.908,0.848,0.902,1.757822222,3.367407223,0.148237222,0.9413,1.092819108,0.789780892,42.80734371
2022-06-24T07:00:00+07:00,0.902,0.958,0.886,0.938,1.734544444,3.330225425,0.138863464,0.9371,1.084025696,0.790174304,45.86919329
2022-06-25T07:00:00+07:00,0.938,0.973,0.913,0.967,1.7108,3.287750988,0.133849012,0.9337,1.074422564,0.792977436,48.27163318
2022-06-26T07:00:00+07:00,0.967,1.04,0.877,0.922,1.683544444,3.228978009,0.13811088,0.9248,1.043046522,0.806553478,44.93869194
2022-06-27T07:00:00+07:00,0.922,0.988,0.92,0.964,1.657433333,3.170872509,0.143994158,0.9208,1.02749508,0.81410492,48.51194375
2022-06-28T07:00:00+07:00,0.964,1.007,0.917,0.922,1.629333333,3.101884015,0.156782651,0.9159,1.01243994,0.81936006,45.34301704
2022-06-29T07:00:00+07:00,0.922,0.943,0.865,0.886,1.603233333,3.043946029,0.162520638,0.90895,0.992166525,0.825733475,42.76441709
2022-06-30T07:00:00+07:00,0.886,0.886,0.804,0.853,1.574511111,2.970130105,0.178892117,0.9047,0.990198772,0.819201228,40.49125247
2022-07-01T07:00:00+07:00,0.853,0.874,0.744,0.792,1.546711111,2.903350005,0.190072217,0.8968,0.992665739,0.800934261,36.61664703
2022-07-02T07:00:00+07:00,0.792,0.804,0.723,0.776,1.518711111,2.833143451,0.204278771,0.8875,0.991963391,0.783036609,35.65295852
2022-07-03T07:00:00+07:00,0.776,0.783,0.752,0.77,1.492611111,2.771713459,0.213508763,0.8822,0.998540191,0.765859809,35.27800446
2022-07-04T07:00:00+07:00,0.77,0.79,0.721,0.763,1.468566667,2.719968407,0.217164926,0.87445,1.000466626,0.748433374,34.81794172
2022-07-05T07:00:00+07:00,0.763,0.767,0.724,0.746,1.448655556,2.688330716,0.208980395,0.86325,0.993066601,0.733433399,33.66956055
2022-07-06T07:00:00+07:00,0.746,0.763,0.73,0.755,1.427233333,2.647326701,0.207139965,0.85835,0.996476428,0.720223572,34.89384764
2022-07-07T07:00:00+07:00,0.755,0.779,0.749,0.774,1.406777778,2.608117614,0.205437941,0.85245,0.994352044,0.710547956,37.51586714
2022-07-08T07:00:00+07:00,0.774,0.928,0.769,0.883,1.386811111,2.562297011,0.211325211,0.855,0.997173134,0.712826866,49.96514391
2022-07-09T07:00:00+07:00,0.883,1.055,0.866,0.998,1.369544444,2.521478785,0.217610104,0.862,1.017258494,0.706741506,59.20104789
2022-07-10T07:00:00+07:00,0.998,1.037,0.952,0.981,1.3553,2.494322561,0.216277439,0.86685,1.030393603,0.703306397,57.51102107
2022-07-11T07:00:00+07:00,0.981,1.098,0.921,0.937,1.339433333,2.461409806,0.217456861,0.86895,1.034945753,0.702954247,53.27212596
2022-07-12T07:00:00+07:00,0.937,1.003,0.929,0.973,1.321655556,2.415229601,0.22808151,0.8751,1.046846208,0.703353792,56.12173664
2022-07-13T07:00:00+07:00,0.973,1.115,0.96,1.102,1.306877778,2.375700051,0.238055505,0.8851,1.083212998,0.686987002,64.48059681
2022-07-14T07:00:00+07:00,1.102,1.115,1.019,1.073,1.291588889,2.333655037,0.249522741,0.89185,1.105316883,0.678383117,61.63785062
2022-07-15T07:00:00+07:00,1.073,1.107,1.034,1.051,1.275688889,2.287855834,0.263521944,0.89605,1.118387109,0.673712891,59.49496677
2022-07-16T07:00:00+07:00,1.051,1.165,1.048,1.113,1.261822222,2.247995638,0.275648806,0.9056,1.14715281,0.66404719,63.36086204
2022-07-17T07:00:00+07:00,1.113,1.13,1.029,1.031,1.246755556,2.204737894,0.288773217,0.90895,1.15545718,0.66244282,55.77834244
2022-07-18T07:00:00+07:00,1.031,1.099,1.03,1.086,1.231311111,2.153681518,0.308940704,0.91715,1.175475589,0.658824411,59.29681657
2022-07-19T07:00:00+07:00,1.086,1.149,1.036,1.123,1.216833333,2.103972218,0.329694449,0.929,1.201857472,0.656142528,61.51517915
2022-07-20T07:00:00+07:00,1.123,1.174,1.021,1.028,1.201155556,2.050408608,0.351902503,0.93775,1.211519885,0.663980115,53.45896075
2022-07-21T07:00:00+07:00,1.028,1.043,0.981,1.03,1.185555556,1.994263118,0.376847993,0.94965,1.217674085,0.681625915,53.59674148
2022-07-22T07:00:00+07:00,1.03,1.068,0.967,0.986,1.170355556,1.941183238,0.399527873,0.96015,1.216332181,0.703967819,50.0839048
2022-07-23T07:00:00+07:00,0.986,1.013,0.957,0.989,1.155677778,1.888515661,0.422839895,0.9711,1.212107801,0.730092199,50.32297663
2022-07-24T07:00:00+07:00,0.989,1.015,0.979,0.985,1.141333333,1.835408129,0.447258537,0.9822,1.203490397,0.760909603,49.97925961
2022-07-25T07:00:00+07:00,0.985,0.99,0.897,0.898,1.128066667,1.79402461,0.462108723,0.9898,1.18727972,0.79232028,43.08613412
2022-07-26T07:00:00+07:00,0.898,0.898,0.849,0.89,1.114133333,1.746090871,0.482175796,0.99655,1.169124013,0.823975987,42.50559976
2022-07-27T07:00:00+07:00,0.89,0.974,0.873,0.973,1.100966667,1.693531371,0.508401962,1.0065,1.146467853,0.866532147,50.02850415
2022-07-28T07:00:00+07:00,0.973,1.027,0.946,1.002,1.089977778,1.652008143,0.527947413,1.01245,1.140524158,0.884375842,52.37335165
2022-07-29T07:00:00+07:00,1.002,1.054,0.978,1.009,1.081,1.621699136,0.540300864,1.013,1.140915597,0.885084403,52.94728527
2022-07-30T07:00:00+07:00,1.009,1.062,0.984,0.995,1.070855556,1.582593558,0.559117553,1.0137,1.141059491,0.886340509,51.60778879
2022-07-31T07:00:00+07:00,0.995,1.042,0.986,0.992,1.061277778,1.545557406,0.57699815,1.01645,1.13936375,0.89353625,51.30824321
2022-08-01T07:00:00+07:00,0.992,1.026,0.981,1.016,1.052344444,1.509196491,0.595492398,1.0186,1.139892044,0.897307956,53.62716443
2022-08-02T07:00:00+07:00,1.016,1.06,0.935,0.949,1.040411111,1.448754746,0.632067476,1.01095,1.12950543,0.89239457,46.91056485
2022-08-03T07:00:00+07:00,0.949,0.97,0.922,0.936,1.030711111,1.405675198,0.655747025,1.0041,1.123352505,0.884847495,45.71418567
2022-08-04T07:00:00+07:00,0.936,0.966,0.927,0.954,1.0217,1.363125307,0.680274693,0.99925,1.118368219,0.880131781,47.70297598
2022-08-05T07:00:00+07:00,0.954,1.003,0.949,0.999,1.0137,1.321479207,0.705920793,0.99355,1.100654575,0.886445425,52.39814477
2022-08-06T07:00:00+07:00,0.999,1.132,0.99,1.01,1.006177778,1.278857415,0.73349814,0.9925,1.098521696,0.886478304,53.49719672
2022-08-07T07:00:00+07:00,1.01,1.027,0.984,1.008,1.001688889,1.260443796,0.742933982,0.9886,1.085962005,0.891237995,53.25643445
2022-08-08T07:00:00+07:00,1.008,1.051,1.005,1.029,0.996977778,1.237489635,0.75646592,0.9839,1.062032964,0.905767036,55.52001529
2022-08-09T07:00:00+07:00,1.029,1.045,0.954,0.975,0.994966667,1.233141663,0.75679167,0.98125,1.056771851,0.905728149,48.95507152
2022-08-10T07:00:00+07:00,0.975,1.025,0.944,1.022,0.994844444,1.232952527,0.756736362,0.98085,1.055413463,0.906286537,54.04807449
2022-08-11T07:00:00+07:00,1.022,1.08,1.021,1.049,0.993266667,1.228012827,0.758520506,0.984,1.064272037,0.903727963,56.71962236
2022-08-12T07:00:00+07:00,1.049,1.082,1.023,1.078,0.990744444,1.216754191,0.764734698,0.98845,1.078597601,0.898302399,59.44674037
2022-08-13T07:00:00+07:00,1.078,1.118,1.073,1.077,0.9876,1.200465069,0.774734931,0.99305,1.091069335,0.895030665,59.30796494
2022-08-14T07:00:00+07:00,1.077,1.107,1.027,1.04,0.9857,1.193548545,0.777851455,1.00015,1.08981666,0.91048334,54.26069735
2022-08-15T07:00:00+07:00,1.04,1.103,1.028,1.052,0.983444444,1.183826105,0.783062784,1.00825,1.084988191,0.931511809,55.58100825
2022-08-16T07:00:00+07:00,1.052,1.062,1.015,1.027,0.982411111,1.180915719,0.783906503,1.01095,1.086324996,0.935575004,52.20033347
2022-08-17T07:00:00+07:00,1.027,1.06,0.987,0.996,0.980666667,1.175876184,0.78545715,1.01065,1.086212623,0.935087377,48.2789346
2022-08-18T07:00:00+07:00,0.996,1.012,0.96,0.965,0.979277778,1.173129962,0.785425594,1.00845,1.086594674,0.930305326,44.66546592
2022-08-19T07:00:00+07:00,0.965,0.965,0.827,0.835,0.976233333,1.170446744,0.782019923,1.00045,1.109222193,0.891677807,33.38194583
2022-08-20T07:00:00+07:00,0.835,0.873,0.804,0.833,0.972588889,1.165099297,0.780078481,0.9925,1.123542741,0.861457259,33.2428091
2022-08-21T07:00:00+07:00,0.833,0.854,0.818,0.844,0.969477778,1.161148149,0.777807406,0.9839,1.129420995,0.838379005,34.85117224
2022-08-22T07:00:00+07:00,0.844,0.844,0.794,0.825,0.966033333,1.156821511,0.775245155,0.9777,1.138413534,0.816986466,33.35628204
2022-08-23T07:00:00+07:00,0.825,0.862,0.8,0.857,0.963066667,1.152233918,0.773899416,0.97375,1.142072161,0.805427839,38.16682926
2022-08-24T07:00:00+07:00,0.857,0.868,0.829,0.838,0.960844444,1.151134028,0.770554861,0.96795,1.146290657,0.789609343,36.48294047
2022-08-25T07:00:00+07:00,0.838,0.863,0.838,0.852,0.959144444,1.150556173,0.767732716,0.9606,1.145222209,0.775977791,38.63142619
2022-08-26T07:00:00+07:00,0.852,0.854,0.761,0.771,0.9563,1.151171,0.761429,0.94865,1.14918855,0.74811145,31.90681464
2022-08-27T07:00:00+07:00,0.771,0.778,0.753,0.774,0.953388889,1.151215905,0.755561873,0.93695,1.149233278,0.724666722,32.37632604
2022-08-28T07:00:00+07:00,0.774,0.788,0.75,0.754,0.948944444,1.146516678,0.75137221,0.9232,1.145252787,0.701147213,30.84918345
2022-08-29T07:00:00+07:00,0.754,0.803,0.747,0.8,0.9453,1.141622965,0.748977035,0.91445,1.141386533,0.687513467,38.08310378
2022-08-30T07:00:00+07:00,0.8,0.811,0.759,0.778,0.942566667,1.141266228,0.743867106,0.90225,1.130975053,0.673524947,36.13609819
2022-08-31T07:00:00+07:00,0.778,0.808,0.775,0.778,0.939166667,1.138540408,0.739792925,0.8887,1.113113101,0.664286899,36.13609819
2022-09-01T07:00:00+07:00,0.778,0.803,0.765,0.8,0.9367,1.137402201,0.735997799,0.8748,1.084549946,0.665050054,39.71083053
2022-09-02T07:00:00+07:00,0.8,0.809,0.772,0.78,0.934011111,1.136546045,0.731476177,0.85995,1.051609568,0.668290432,37.64773683
2022-09-03T07:00:00+07:00,0.78,0.786,0.77,0.78,0.931177778,1.135112098,0.727243458,0.84695,1.022597915,0.671302085,37.64773683
2022-09-04T07:00:00+07:00,0.78,0.828,0.778,0.819,0.928055556,1.130151542,0.725959569,0.8353,0.983814107,0.686785893,44.20346843
2022-09-05T07:00:00+07:00,0.819,0.826,0.778,0.807,0.925422222,1.12758277,0.723261675,0.8243,0.944228479,0.704371521,42.71529457
2022-09-06T07:00:00+07:00,0.807,0.824,0.743,0.744,0.922355556,1.12704205,0.717669061,0.8117,0.907309832,0.716090168,35.8848041
2022-09-07T07:00:00+07:00,0.744,0.801,0.726,0.791,0.919755556,1.125104324,0.714406787,0.803,0.867992307,0.738007693,43.18409102
2022-09-08T07:00:00+07:00,0.791,0.84,0.782,0.825,0.9185,1.124766979,0.712233021,0.8025,0.866648266,0.738351734,47.81269549
2022-09-09T07:00:00+07:00,0.825,0.88,0.825,0.861,0.917511111,1.124017768,0.711004454,0.8039,0.871764276,0.736035724,52.24852802
2022-09-10T07:00:00+07:00,0.861,0.88,0.85,0.866,0.916444444,1.123012617,0.709876272,0.805,0.876066166,0.733933834,52.8479914
2022-09-11T07:00:00+07:00,0.866,0.876,0.842,0.86,0.916266667,1.123001236,0.709532097,0.80675,0.881336527,0.732163473,52.00430486
2022-09-12T07:00:00+07:00,0.86,0.917,0.838,0.872,0.915755556,1.122697804,0.708813307,0.8075,0.884359612,0.730640388,53.59977046
2022-09-13T07:00:00+07:00,0.872,0.886,0.792,0.806,0.913933333,1.121818943,0.706047724,0.8059,0.881474864,0.730325136,44.7823863
2022-09-14T07:00:00+07:00,0.806,0.836,0.801,0.83,0.913677778,1.121918627,0.705436928,0.8048,0.878269994,0.731330006,48.12428237
2022-09-15T07:00:00+07:00,0.83,0.83,0.776,0.79,0.912544444,1.122349256,0.702739633,0.80575,0.877927212,0.733572788,43.40879615
2022-09-16T07:00:00+07:00,0.79,0.798,0.755,0.777,0.911933333,1.122989682,0.700876985,0.8059,0.877824683,0.733975317,41.96945549
2022-09-17T07:00:00+07:00,0.777,0.807,0.777,0.806,0.911355556,1.123282233,0.699428878,0.8085,0.876377831,0.740622169,46.25095531
2022-09-18T07:00:00+07:00,0.806,0.809,0.739,0.748,0.909844444,1.124452285,0.695236603,0.8059,0.878687087,0.733112913,39.90897943
2022-09-19T07:00:00+07:00,0.748,0.775,0.72,0.771,0.908466667,1.125021345,0.691911988,0.80555,0.878935216,0.732164784,43.23314928
2022-09-20T07:00:00+07:00,0.771,0.807,0.757,0.774,0.907622222,1.125669837,0.689574607,0.80535,0.879055563,0.731644437,43.67085766
2022-09-21T07:00:00+07:00,0.774,0.799,0.725,0.737,0.905788889,1.12674992,0.684827858,0.8022,0.881707484,0.722692516,39.61388015
2022-09-22T07:00:00+07:00,0.737,0.787,0.733,0.781,0.904044444,1.126435074,0.681653815,0.80225,0.881702816,0.722797184,46.03431191
2022-09-23T07:00:00+07:00,0.781,0.799,0.746,0.783,0.902,1.12541869,0.67858131,0.8024,0.881695397,0.723104603,46.3137286
2022-09-24T07:00:00+07:00,0.783,0.786,0.758,0.76,0.9002,1.125547179,0.674852821,0.79945,0.880427713,0.718472287,43.52288901
2022-09-25T07:00:00+07:00,0.76,0.773,0.734,0.745,0.897766667,1.125027075,0.670506258,0.79635,0.880614524,0.712085476,41.75567657
2022-09-26T07:00:00+07:00,0.745,0.769,0.732,0.766,0.896033333,1.124901942,0.667164725,0.79745,0.879497486,0.715402514,45.11562409
2022-09-27T07:00:00+07:00,0.766,0.803,0.743,0.755,0.894577778,1.12534153,0.663814026,0.79565,0.879738703,0.711561297,43.6937654
2022-09-28T07:00:00+07:00,0.755,0.771,0.729,0.761,0.893555556,1.125856914,0.661254197,0.79245,0.876698383,0.708201617,44.71720614
2022-09-29T07:00:00+07:00,0.761,0.779,0.747,0.776,0.893377778,1.126013989,0.660741566,0.7882,0.866557131,0.709842869,47.29632752
2022-09-30T07:00:00+07:00,0.776,0.786,0.755,0.765,0.893255556,1.126149725,0.660361386,0.78315,0.853398915,0.712901085,45.61565976
2022-10-01T07:00:00+07:00,0.765,0.78,0.756,0.761,0.893155556,1.126268959,0.660042152,0.7782,0.839468589,0.716931411,44.98959605
2022-10-02T07:00:00+07:00,0.761,0.77,0.735,0.74,0.8929,1.126633191,0.659166809,0.7716,0.81755389,0.72564611,41.74990185
2022-10-03T07:00:00+07:00,0.74,0.784,0.733,0.779,0.893266667,1.126179011,0.660354323,0.77025,0.81359455,0.72690545,49.08295911
2022-10-04T07:00:00+07:00,0.779,0.794,0.771,0.788,0.893633333,1.125776479,0.661490188,0.76815,0.802936635,0.733363365,50.6276266
2022-10-05T07:00:00+07:00,0.788,0.79,0.764,0.783,0.893733333,1.125677924,0.661788742,0.7678,0.801832925,0.733767075,49.72510065
2022-10-06T07:00:00+07:00,0.783,0.799,0.772,0.774,0.892522222,1.125812738,0.659231707,0.76765,0.801545575,0.733754425,48.06417271
2022-10-07T07:00:00+07:00,0.774,0.778,0.753,0.766,0.889944444,1.123642704,0.656246185,0.76565,0.794620847,0.736679153,46.57494991
2022-10-08T07:00:00+07:00,0.766,0.78,0.765,0.773,0.887633333,1.121797464,0.653469203,0.7669,0.794856395,0.738943605,48.0905254
2022-10-09T07:00:00+07:00,0.773,0.794,0.766,0.784,0.885933333,1.120859478,0.651007189,0.76755,0.796446194,0.738653806,50.46842808
2022-10-10T07:00:00+07:00,0.784,0.792,0.75,0.7505,0.883461111,1.119351209,0.647571013,0.766375,0.796027782,0.736722218,43.87645032
2022-10-11T07:00:00+07:00,0.7505,0.7538,0.7312,0.7384,0.879421111,1.11264086,0.646201363,0.766445,0.795825434,0.737064566,41.75501477
2022-10-12T07:00:00+07:00,0.7384,0.7482,0.7326,0.7391,0.875711111,1.107111304,0.644310918,0.76435,0.795218009,0.733481991,41.9299382
2022-10-13T07:00:00+07:00,0.7391,0.7399,0.681,0.7187,0.872018889,1.10271691,0.641320868,0.761135,0.796613291,0.725656709,38.31823718
2022-10-14T07:00:00+07:00,0.7187,0.7517,0.7037,0.71,0.867541111,1.094976978,0.640105244,0.758635,0.800544535,0.716725465,36.86003714
2022-10-15T07:00:00+07:00,0.71,0.7183,0.7036,0.7076,0.863947778,1.091158832,0.636736723,0.756765,0.803947127,0.709582873,36.44797598
2022-10-16T07:00:00+07:00,0.7076,0.7323,0.7076,0.7208,0.85989,1.084118219,0.635661781,0.754505,0.803975819,0.705034181,40.39471192
2022-10-17T07:00:00+07:00,0.7208,0.757,0.7138,0.7468,0.85571,1.074113458,0.637306542,0.754095,0.803678403,0.704511597,47.33270408
2022-10-18T07:00:00+07:00,0.7468,0.7616,0.733,0.7549,0.852675556,1.068998533,0.636352578,0.75379,0.803274701,0.704305299,49.31217455
2022-10-19T07:00:00+07:00,0.7549,0.7562,0.6957,0.7032,0.849044444,1.064308006,0.633780883,0.75015,0.803149528,0.697150472,39.18815396
2022-10-20T07:00:00+07:00,0.7032,0.7342,0.6918,0.7104,0.845982222,1.061206708,0.630757737,0.74742,0.802656278,0.692183722,41.00468582
2022-10-21T07:00:00+07:00,0.7104,0.7104,0.676,0.7045,0.842821111,1.057907588,0.627734634,0.744595,0.802479937,0.686710063,39.95153044
2022-10-22T07:00:00+07:00,0.7045,0.7132,0.6953,0.7036,0.839694444,1.054603952,0.624784937,0.742775,0.803349842,0.682200158,39.78367361
2022-10-23T07:00:00+07:00,0.7036,0.7292,0.6926,0.7193,0.837708889,1.053726134,0.621691643,0.73979,0.798793691,0.680786309,44.18889796
2022-10-24T07:00:00+07:00,0.7193,0.7236,0.7034,0.7144,0.835757778,1.053019089,0.618496467,0.73611,0.79170996,0.68051004,43.12842766
2022-10-25T07:00:00+07:00,0.7144,0.7892,0.7088,0.7535,0.833318889,1.049287129,0.617350649,0.734635,0.786629241,0.682640759,52.85177961
2022-10-26T07:00:00+07:00,0.7535,0.784,0.7478,0.7738,0.830783333,1.044112696,0.61745397,0.734625,0.786589021,0.682660979,56.96555816
2022-10-27T07:00:00+07:00,0.7738,0.8032,0.7647,0.7705,0.828133333,1.038445563,0.617821104,0.73485,0.787391241,0.682308759,56.1085067
2022-10-28T07:00:00+07:00,0.7705,0.824,0.7553,0.8125,0.826105556,1.033441312,0.618769799,0.736825,0.797321277,0.676328723,63.61213268
2022-10-29T07:00:00+07:00,0.8125,0.839,0.7887,0.806,0.824038889,1.028405822,0.619671956,0.737925,0.802476526,0.673373474,61.84983955
2022-10-30T07:00:00+07:00,0.806,0.8252,0.7699,0.7815,0.821433333,1.02188626,0.620980406,0.739475,0.806597422,0.672352578,55.59765126
2022-10-31T07:00:00+07:00,0.7816,0.7921,0.7586,0.7689,0.819432222,1.018341141,0.620523303,0.741,0.809330462,0.672669538,52.64996856
2022-11-01T07:00:00+07:00,0.7689,0.7915,0.7451,0.7517,0.817384444,1.015242896,0.619525992,0.74163,0.810110949,0.673149051,48.84308203
2022-11-02T07:00:00+07:00,0.7517,0.7671,0.7228,0.7377,0.814981111,1.011392835,0.618569387,0.74258,0.810284966,0.674875034,45.93189283
2022-11-03T07:00:00+07:00,0.7377,0.7684,0.7313,0.7475,0.812186667,1.005172926,0.619200408,0.744455,0.810503845,0.678406155,48.25678853
2022-11-04T07:00:00+07:00,0.7475,0.7964,0.74,0.7944,0.809791111,0.998194099,0.621388123,0.748795,0.815983912,0.681606088,57.6435063
2022-11-05T07:00:00+07:00,0.794,0.8779,0.7909,0.8212,0.807715556,0.991395061,0.62403605,0.753815,0.826652498,0.680977502,61.89717967
2022-11-06T07:00:00+07:00,0.8212,0.8295,0.7534,0.7589,0.804714444,0.982567589,0.6268613,0.75442,0.827215373,0.681624627,49.46196154
2022-11-07T07:00:00+07:00,0.7589,0.7687,0.7307,0.7409,0.802113333,0.976746964,0.627479702,0.75372,0.826752311,0.680687689,46.55198245
2022-11-08T07:00:00+07:00,0.7409,0.7577,0.4761,0.5419,0.796778889,0.973537372,0.620020406,0.745655,0.862002024,0.629307976,27.37609979
2022-11-09T07:00:00+07:00,0.5419,0.5423,0.2166,0.2533,0.787937778,0.99099213,0.584883426,0.7228,0.96709763,0.47850237,16.65874817
2022-11-10T07:00:00+07:00,0.2533,0.33,0.248,0.3106,0.779411111,0.996960183,0.561862039,0.703105,1.006493447,0.399716553,23.09610002
2022-11-11T07:00:00+07:00,0.3106,0.384,0.1611,0.1987,0.769652222,1.010480975,0.528823469,0.67786,1.05253338,0.30318662,19.86854637
2022-11-12T07:00:00+07:00,0.1987,0.1992,0.1597,0.1598,0.759872222,1.026137707,0.493606737,0.649885,1.086443721,0.213326279,18.88076981
