time,open,high,low,close,%K,%D
2020-08-19T00:00:00Z,1.677,1.787,1.545,1.6,20.86527015,28.25350968
2020-08-20T00:00:00Z,1.6,1.789,1.594,1.78,40.69928968,28.47151071
2020-08-21T00:00:00Z,1.781,1.783,1.501,1.519,34.53437059,32.03297681
2020-08-22T00:00:00Z,1.519,1.591,1.39,1.549,40.5795462,38.60440216
2020-08-23T00:00:00Z,1.549,1.6,1.457,1.533,26.69021294,33.93470991
2020-08-24T00:00:00Z,1.533,1.866,1.502,1.832,55.70084632,40.99020182
2020-08-25T00:00:00Z,1.832,1.881,1.58,1.674,62.17929413,48.1901178
2020-08-26T00:00:00Z,1.674,2.098,1.653,2.075,82.48323194,66.7877908
2020-08-27T00:00:00Z,2.075,2.592,2.018,2.543,83.42512411,76.02921673
2020-08-28T00:00:00Z,2.543,2.8,2.348,2.428,87.92491857,84.61109154
2020-08-29T00:00:00Z,2.428,3.3,2.31,2.826,79.82173458,83.72392575
2020-08-30T00:00:00Z,2.826,3.073,2.611,2.878,72.72001356,80.15555557
2020-08-31T00:00:00Z,2.878,3.582,2.628,3.301,76.28425496,76.27533437
2020-09-01T00:00:00Z,3.301,3.79,3.109,3.114,70.24507625,73.08311493
2020-09-02T00:00:00Z,3.114,3.643,2.678,3.596,74.4164881,73.64860644
2020-09-03T00:00:00Z,3.596,3.613,2.791,2.901,55.27111081,66.64422505
2020-09-04T00:00:00Z,2.901,3.26,2.431,2.894,48.5193922,59.40233037
2020-09-05T00:00:00Z,2.894,3.144,1.956,2.2,23.99017924,42.59356075
2020-09-06T00:00:00Z,2.2,2.703,1.921,2.598,28.89605727,33.80187623
2020-09-07T00:00:00Z,2.598,2.692,2.058,2.433,27.62635019,26.8375289
2020-09-08T00:00:00Z,2.433,2.476,2.056,2.139,28.61853471,28.38031406
2020-09-09T00:00:00Z,2.139,2.75,2.07,2.458,30.14975859,28.7982145
2020-09-10T00:00:00Z,2.458,2.57,2.243,2.29,34.90022936,31.22284089
2020-09-11T00:00:00Z,2.29,2.438,2.181,2.385,45.27540719,36.77513171
2020-09-12T00:00:00Z,2.385,2.482,2.248,2.406,47.45002543,42.54188733
2020-09-13T00:00:00Z,2.406,2.64,2.2,2.374,47.51483302,46.74675521
2020-09-14T00:00:00Z,2.374,2.545,2.24,2.389,46.81802105,47.26095984
2020-09-15T00:00:00Z,2.389,2.514,1.989,2.027,31.95298669,42.09528025
2020-09-16T00:00:00Z,2.027,2.099,1.75,1.827,19.93492104,32.90197626
2020-09-17T00:00:00Z,1.827,1.987,1.807,1.938,11.87081816,21.25290863
2020-09-18T00:00:00Z,1.938,2.268,1.902,2.106,24.85171837,18.88581919
2020-09-19T00:00:00Z,2.106,2.139,1.956,2.015,33.52977786,23.41743813
2020-09-20T00:00:00Z,2.015,2.015,1.8,1.887,35.30453818,31.22867814
2020-09-21T00:00:00Z,1.887,1.932,1.564,1.734,28.42715586,32.42049064
2020-09-22T00:00:00Z,1.734,1.887,1.665,1.868,31.25914063,31.66361156
2020-09-23T00:00:00Z,1.868,1.899,1.719,1.742,32.7620224,30.8161063
2020-09-24T00:00:00Z,1.742,1.995,1.734,1.977,55.23753977,39.75290093
2020-09-25T00:00:00Z,1.977,2.082,1.831,1.972,67.09842663,51.6993296
2020-09-26T00:00:00Z,1.972,2.003,1.85,1.898,75.40468597,65.91355079
2020-09-27T00:00:00Z,1.898,1.924,1.811,1.88,59.66413187,67.38908149
2020-09-28T00:00:00Z,1.88,1.891,1.764,1.78,37.81543588,57.62808457
2020-09-29T00:00:00Z,1.78,1.809,1.705,1.781,25.91005303,41.12987359
2020-09-30T00:00:00Z,1.781,1.883,1.671,1.843,28.39492364,30.70680418
2020-10-01T00:00:00Z,1.843,1.923,1.653,1.782,39.85595204,31.38697624
2020-10-02T00:00:00Z,1.782,1.782,1.539,1.648,42.59804053,36.94963874
2020-10-03T00:00:00Z,1.648,1.675,1.574,1.585,29.32201978,37.25867079
2020-10-04T00:00:00Z,1.585,1.619,1.5,1.59,20.54705969,30.82237334
2020-10-05T00:00:00Z,1.59,1.639,1.506,1.555,15.41937549,21.76281832
2020-10-06T00:00:00Z,1.555,1.578,1.123,1.15,12.79202555,16.25282025
2020-10-07T00:00:00Z,1.15,1.368,1.08,1.246,14.99954686,14.4036493
2020-10-08T00:00:00Z,1.246,1.313,1.12,1.261,21.45850839,16.4166936
2020-10-09T00:00:00Z,1.261,1.453,1.238,1.365,37.08743605,24.51516376
2020-10-10T00:00:00Z,1.365,1.399,1.256,1.26,39.83590893,32.79395112
2020-10-11T00:00:00Z,1.26,1.348,1.207,1.286,47.45212006,41.45848835
2020-10-12T00:00:00Z,1.286,1.368,1.281,1.31,49.4765058,45.58817826
2020-10-13T00:00:00Z,1.31,1.359,1.244,1.326,53.55297428,50.16053338
2020-10-14T00:00:00Z,1.326,1.384,1.307,1.373,63.96312471,55.6642016
2020-10-15T00:00:00Z,1.373,1.65,1.325,1.4,59.46630283,58.99413394
2020-10-16T00:00:00Z,1.4,1.406,1.265,1.275,45.88679758,56.43874171
2020-10-17T00:00:00Z,1.275,1.354,1.24,1.284,20.64458891,41.99922977
2020-10-18T00:00:00Z,1.284,1.314,1.273,1.294,10.51263567,25.68134072
2020-10-19T00:00:00Z,1.294,1.296,1.18,1.189,8.605777547,13.25433404
2020-10-20T00:00:00Z,1.189,1.198,1.039,1.043,5.39184786,8.170087025
2020-10-21T00:00:00Z,1.043,1.15,1.036,1.101,7.815021148,7.270882185
2020-10-22T00:00:00Z,1.101,1.157,1.091,1.114,16.52924126,9.912036757
2020-10-23T00:00:00Z,1.114,1.132,1.043,1.071,20.65311466,14.99912569
2020-10-24T00:00:00Z,1.071,1.102,1.037,1.055,17.74916249,18.31050614
2020-10-25T00:00:00Z,1.055,1.135,1.044,1.095,24.65008803,21.01745506
2020-10-26T00:00:00Z,1.095,1.126,0.932,1.033,35.12587151,25.84170735
2020-10-27T00:00:00Z,1.033,1.24,0.991,1.111,50.58870086,36.78822014
2020-10-28T00:00:00Z,1.111,1.191,0.97,1.003,42.01924002,42.57793746
2020-10-29T00:00:00Z,1.003,1.073,0.936,1.027,37.33766234,43.31520107
2020-10-30T00:00:00Z,1.027,1.032,0.95,0.992,24.45887446,34.60525894
2020-10-31T00:00:00Z,0.992,1.015,0.974,0.976,21.16085669,27.65246449
2020-11-01T00:00:00Z,0.976,1.012,0.959,0.985,17.28470016,20.96814377
2020-11-02T00:00:00Z,0.985,1.009,0.938,0.939,11.52112068,16.65555918
2020-11-03T00:00:00Z,0.939,0.939,0.841,0.853,9.229396603,12.67840581
2020-11-04T00:00:00Z,0.853,0.855,0.795,0.832,8.430228451,9.726915244
2020-11-05T00:00:00Z,0.832,0.888,0.802,0.864,18.29937978,11.98633495
2020-11-06T00:00:00Z,0.864,1.002,0.863,0.995,47.35778692,24.69579839
2020-11-07T00:00:00Z,0.995,1.203,0.992,1.074,64.54584396,43.40100356
2020-11-08T00:00:00Z,1.074,1.136,1.032,1.116,80.17225582,64.02529557
2020-11-09T00:00:00Z,1.116,1.127,1,1.03,67.9722263,70.89677536
2020-11-10T00:00:00Z,1.03,1.23,1.022,1.185,74.42424852,74.18957688
2020-11-11T00:00:00Z,1.185,1.203,1.088,1.1,63.32480875,68.57376119
2020-11-12T00:00:00Z,1.1,1.127,1.014,1.038,49.87943667,62.54283131
2020-11-13T00:00:00Z,1.038,1.099,1.027,1.075,31.50286201,48.23570248
2020-11-14T00:00:00Z,1.075,1.081,1.002,1.034,21.05517417,34.14582428
2020-11-15T00:00:00Z,1.034,1.194,1.033,1.184,45.73034902,32.76279507
2020-11-16T00:00:00Z,1.184,1.34,1.16,1.264,60.6990481,42.4948571
2020-11-17T00:00:00Z,1.264,1.315,1.118,1.245,79.98518257,62.13819323
2020-11-18T00:00:00Z,1.245,1.266,1.086,1.137,63.11637081,67.93353383
2020-11-19T00:00:00Z,1.137,1.198,1.077,1.119,46.61578295,63.23911211
2020-11-20T00:00:00Z,1.119,1.213,1.111,1.146,31.39653305,47.0428956
2020-11-21T00:00:00Z,1.146,1.281,1.114,1.255,43.01289558,40.34173719
2020-11-22T00:00:00Z,1.255,1.271,1.124,1.189,51.97587273,42.12843379
2020-11-23T00:00:00Z,1.189,1.362,1.151,1.286,67.67507003,54.22127945
2020-11-24T00:00:00Z,1.286,1.333,1.198,1.23,58.54855089,59.39983122
2020-11-25T00:00:00Z,1.23,1.269,1.124,1.155,45.75864999,57.32742364
2020-11-26T00:00:00Z,1.155,1.17,0.922,1.029,29.42026615,44.57582234
2020-11-27T00:00:00Z,1.029,1.049,0.959,0.998,19.37438905,31.5177684
2020-11-28T00:00:00Z,0.998,1.04,0.964,1.014,21.32511244,23.37325588
2020-11-29T00:00:00Z,1.014,1.038,0.997,1.031,23.68975308,21.46308486
2020-11-30T00:00:00Z,1.031,1.086,1.014,1.062,36.74938162,27.25474905
2020-12-01T00:00:00Z,1.062,1.395,1.03,1.202,47.8658872,36.10167397
2020-12-02T00:00:00Z,1.202,1.286,1.174,1.211,56.49804751,47.03777211
2020-12-03T00:00:00Z,1.211,1.278,1.184,1.243,58.28385829,54.215931
2020-12-04T00:00:00Z,1.243,1.265,1.107,1.116,48.62976115,54.47055565
2020-12-05T00:00:00Z,1.116,1.199,1.103,1.177,42.95155712,49.95505886
2020-12-06T00:00:00Z,1.177,1.182,1.114,1.151,31.09171145,40.89100991
2020-12-07T00:00:00Z,1.151,1.198,1.122,1.186,37.97735074,37.34020644
2020-12-08T00:00:00Z,1.186,1.231,1.063,1.072,26.03784172,31.7023013
2020-12-09T00:00:00Z,1.072,1.12,1.031,1.097,28.29467232,30.76995493
2020-12-10T00:00:00Z,1.097,1.104,1.019,1.051,17.51659506,23.94970303
2020-12-11T00:00:00Z,1.051,1.051,0.978,1.024,22.0920526,22.63443999
2020-12-12T00:00:00Z,1.024,1.069,1.019,1.051,20.70997092,20.10620619
2020-12-13T00:00:00Z,1.051,1.1,1.03,1.07,37.27476851,26.69226401
2020-12-14T00:00:00Z,1.07,1.07,1.033,1.059,52.64273387,36.87582443
2020-12-15T00:00:00Z,1.059,1.133,1.052,1.127,75.06782631,54.99510956
2020-12-16T00:00:00Z,1.127,1.215,0.738,1.186,84.77836066,70.82964028
2020-12-17T00:00:00Z,1.186,1.25,1.12,1.144,89.7820809,83.20942262
2020-12-18T00:00:00Z,1.144,1.178,1.075,1.158,85.08282014,86.5477539
2020-12-19T00:00:00Z,1.158,1.265,0.857,1.216,84.01007076,86.29165727
2020-12-20T00:00:00Z,1.216,1.218,1.12,1.138,82.87822185,83.99037092
2020-12-21T00:00:00Z,1.138,1.167,1.06,1.067,72.6913346,79.85987574
2020-12-22T00:00:00Z,1.067,1.189,1.057,1.11,63.12724014,72.8989322
2020-12-23T00:00:00Z,1.11,1.123,0.9,0.979,47.79411765,61.2042308
2020-12-24T00:00:00Z,0.979,1.046,0.95,1.043,45.62677272,52.18271017
2020-12-25T00:00:00Z,1.043,1.061,1.001,1.031,40.06641132,44.49576723
2020-12-26T00:00:00Z,1.031,1.031,0.962,0.984,39.78767238,41.82695214
2020-12-27T00:00:00Z,0.984,1.028,0.944,0.997,39.29740717,39.71716362
2020-12-28T00:00:00Z,0.997,1.085,0.995,1.011,40.02707743,39.70405233
2020-12-29T00:00:00Z,1.011,1.125,1.011,1.081,55.56869869,44.96439443
2020-12-30T00:00:00Z,1.081,1.088,1.02,1.035,57.82819378,51.1413233
2020-12-31T00:00:00Z,1.035,1.045,0.982,1.037,59.1160221,57.50430486
2021-01-01T00:00:00Z,1.037,1.151,1.025,1.13,63.07714102,60.00711896
2021-01-02T00:00:00Z,1.13,1.161,1.033,1.06,60.84353299,61.01223204
2021-01-03T00:00:00Z,1.06,1.2,1.035,1.191,75.67364771,66.53144057
2021-01-04T00:00:00Z,1.191,1.335,1,1.316,78.02151412,71.51289827
2021-01-05T00:00:00Z,1.316,1.635,1.169,1.482,88.79821173,80.83112452
2021-01-06T00:00:00Z,1.482,1.593,1.361,1.449,80.41057899,82.41010161
2021-01-07T00:00:00Z,1.449,1.576,1.351,1.401,69.92125984,79.71001685
2021-01-08T00:00:00Z,1.401,1.892,1.247,1.642,68.61045396,72.98076426
2021-01-09T00:00:00Z,1.642,1.838,1.5,1.741,71.41249997,69.98140459
2021-01-10T00:00:00Z,1.741,1.97,1.43,1.622,67.65170451,69.22488615
2021-01-11T00:00:00Z,1.622,1.63,1.208,1.419,52.89076936,63.98499128
2021-01-12T00:00:00Z,1.419,1.6,1.304,1.445,36.88662361,52.47636583
2021-01-13T00:00:00Z,1.445,1.68,1.359,1.655,39.15135608,42.97624968
2021-01-14T00:00:00Z,1.655,1.798,1.532,1.695,51.22484689,42.4209422
2021-01-15T00:00:00Z,1.695,1.766,1.488,1.705,68.93648887,53.10423062
2021-01-16T00:00:00Z,1.705,1.968,1.699,1.77,72.77625739,64.31253105
2021-01-17T00:00:00Z,1.77,1.844,1.6,1.82,76.70529213,72.8060128
2021-01-18T00:00:00Z,1.82,2.05,1.777,1.915,73.95241198,74.47798717
2021-01-19T00:00:00Z,1.915,2.01,1.762,1.798,68.9455518,73.2010853
2021-01-20T00:00:00Z,1.798,1.888,1.631,1.833,60.97218927,67.95671768
2021-01-21T00:00:00Z,1.833,1.839,1.5,1.54,38.0702158,55.99598562
2021-01-22T00:00:00Z,1.54,1.7,1.414,1.675,33.36274697,44.13505068
2021-01-23T00:00:00Z,1.675,1.801,1.624,1.762,35.56657496,35.66651257
2021-01-24T00:00:00Z,1.762,2,1.721,1.973,64.93982969,44.62305054
2021-01-25T00:00:00Z,1.973,2.19,1.86,1.901,72.17982839,57.56207768
2021-01-26T00:00:00Z,1.901,2.226,1.86,2.224,85.96797267,74.36254358
2021-01-27T00:00:00Z,2.224,2.226,1.778,1.89,68.89915768,75.68231958
2021-01-28T00:00:00Z,1.89,2.051,1.819,1.924,61.37925363,72.08212799
2021-01-29T00:00:00Z,1.924,1.962,1.79,1.885,36.08933163,55.45591431
2021-01-30T00:00:00Z,1.885,2.147,1.785,2.066,42.78922089,46.75260205
2021-01-31T00:00:00Z,2.066,2.488,2.037,2.455,61.17391851,46.68415701
2021-02-01T00:00:00Z,2.455,2.904,2.235,2.849,84.90757473,62.95690471
2021-02-02T00:00:00Z,2.849,3.05,2.669,2.971,94.73065021,80.27071448
2021-02-03T00:00:00Z,2.971,3,2.725,2.844,90.85175099,90.16332531
2021-02-04T00:00:00Z,2.844,3,2.62,2.875,86.7316454,90.77134886
2021-02-05T00:00:00Z,2.875,3.469,2.87,3.14,79.92624376,85.83654672
2021-02-06T00:00:00Z,3.14,3.46,2.812,2.903,63.13221654,76.5967019
2021-02-07T00:00:00Z,2.903,2.992,2.613,2.877,45.83773022,62.96539684
2021-02-08T00:00:00Z,2.877,3.3,2.778,3.119,41.09553479,50.02182718
2021-02-09T00:00:00Z,3.119,3.509,3.043,3.368,58.0722213,48.3351621
2021-02-10T00:00:00Z,3.368,4.5,3.071,4.24,76.53235267,58.56670292
2021-02-11T00:00:00Z,4.24,4.543,3.903,4.125,82.94229247,72.51562215
2021-02-12T00:00:00Z,4.125,4.368,3.948,4.175,81.2378754,80.23750685
2021-02-13T00:00:00Z,4.175,4.5,3.8,4.113,76.27514796,80.15177194
2021-02-14T00:00:00Z,4.113,4.164,3.65,3.831,67.37130325,74.9614422
2021-02-15T00:00:00Z,3.831,4.052,3.282,3.648,50.66278393,64.76974505
2021-02-16T00:00:00Z,3.648,3.995,3.4,3.62,36.13514299,51.38974339
2021-02-17T00:00:00Z,3.62,4.023,3.038,3.827,36.91405415,41.23732702
2021-02-18T00:00:00Z,3.827,4.066,3.716,3.991,55.45115266,42.83344993
2021-02-19T00:00:00Z,3.991,5.2,3.71,5.112,78.17758074,56.84759585
2021-02-20T00:00:00Z,5.112,5.33,4.2,4.566,82.41074687,72.01316009
2021-02-21T00:00:00Z,4.566,5.164,4.419,4.82,80.1150175,80.23444837
2021-02-22T00:00:00Z,4.82,6,4,5.716,77.33787035,79.95454491
2021-02-23T00:00:00Z,5.716,7.579,4.95,7,83.46061237,80.30450007
2021-02-24T00:00:00Z,7,7.322,6.2,7.025,85.71798729,82.17215667
2021-02-25T00:00:00Z,7.025,8.249,5.906,5.991,72.13793095,80.43884354
2021-02-26T00:00:00Z,5.991,6.435,5.292,5.48,55.40354175,71.08648666
2021-02-27T00:00:00Z,5.48,5.796,5.079,5.273,30.49355169,52.67834146
2021-02-28T00:00:00Z,5.273,5.3,4.213,4.989,21.28317607,35.7267565
2021-03-01T00:00:00Z,4.989,5.979,4.848,5.677,21.76378042,24.51350273
2021-03-02T00:00:00Z,5.677,5.897,4.875,5.288,34.62677784,25.89124478
2021-03-03T00:00:00Z,5.288,5.697,5.18,5.336,49.41447004,35.26834277
2021-03-04T00:00:00Z,5.336,5.596,4.701,4.967,51.55507623,45.1987747
2021-03-05T00:00:00Z,4.967,5.027,4.52,4.842,42.78510054,47.9182156
2021-03-06T00:00:00Z,4.842,5.462,4.713,5.335,41.31730175,45.21915951
2021-03-07T00:00:00Z,5.335,6.488,5.332,6.021,52.50895791,45.53712006
2021-03-08T00:00:00Z,6.021,6.16,5.645,6.091,71.76139953,55.1958864
2021-03-09T00:00:00Z,6.091,6.55,5.962,6.44,83.55961392,69.27665712
2021-03-10T00:00:00Z,6.44,6.462,5.751,5.866,79.05796496,78.12632614
2021-03-11T00:00:00Z,5.866,6.194,5.55,5.828,66.02305167,76.21354352
2021-03-12T00:00:00Z,5.828,5.971,5.3,5.485,39.42929141,61.50343602
2021-03-13T00:00:00Z,5.485,6.18,5.233,6.054,39.28704811,48.24646373
2021-03-14T00:00:00Z,6.054,6.705,5.702,6.201,47.63317267,42.11650406
2021-03-15T00:00:00Z,6.201,6.407,5.546,5.632,51.73516542,46.21846207
2021-03-16T00:00:00Z,5.632,5.655,5.06,5.36,37.0346433,45.46766046
2021-03-17T00:00:00Z,5.36,5.399,4.888,5.285,22.39742077,37.05574316
2021-03-18T00:00:00Z,5.285,5.534,5.104,5.198,19.04912459,26.16039622
2021-03-19T00:00:00Z,5.198,5.473,5.01,5.257,21.06752975,20.83802504
2021-03-20T00:00:00Z,5.257,5.524,5.032,5.052,20.91179837,20.34281757
2021-03-21T00:00:00Z,5.052,5.102,4.85,5.032,24.09416417,22.02449743
2021-03-22T00:00:00Z,5.032,5.59,4.78,4.853,19.00084688,21.33560314
2021-03-23T00:00:00Z,4.853,5.007,4.577,4.689,15.55893377,19.55131494
2021-03-24T00:00:00Z,4.689,4.985,4.124,4.233,9.167937335,14.575906
2021-03-25T00:00:00Z,4.233,4.291,3.86,4.047,9.76690496,11.49792536
2021-03-26T00:00:00Z,4.047,4.667,4.047,4.598,20.3011353,13.0786592
2021-03-27T00:00:00Z,4.598,4.7,4.337,4.643,40.57774911,23.54859646
2021-03-28T00:00:00Z,4.643,5.2,4.578,4.928,63.54183044,41.47357162
2021-03-29T00:00:00Z,4.928,5.247,4.799,5.222,82.05469348,62.05809101
2021-03-30T00:00:00Z,5.222,5.756,5.211,5.409,85.86492323,77.15381572
2021-03-31T00:00:00Z,5.409,5.571,4.959,5.504,86.71143065,84.87701579
2021-04-01T00:00:00Z,5.504,5.56,5.116,5.257,73.1922704,81.92287476
2021-04-02T00:00:00Z,5.257,5.959,5.184,5.928,79.06955631,79.65775245
2021-04-03T00:00:00Z,5.928,6.401,5.553,5.685,68.43813159,73.56665276
2021-04-04T00:00:00Z,5.685,6.75,5.597,6.545,78.74273579,75.41680789
2021-04-05T00:00:00Z,6.545,6.605,6.032,6.105,66.47564565,71.21883767
2021-04-06T00:00:00Z,6.105,6.375,5.657,6.356,74.64018463,73.28618869
2021-04-07T00:00:00Z,6.356,6.446,5.356,5.67,52.63059366,64.58214132
2021-04-08T00:00:00Z,5.67,6.102,5.639,6.074,49.62397381,58.96491737
2021-04-09T00:00:00Z,6.074,7.295,5.88,7.02,53.2829985,51.84585533
2021-04-10T00:00:00Z,7.02,7.437,6.586,7.048,72.87698394,58.59465209
2021-04-11T00:00:00Z,7.048,8.149,6.684,8.119,88.68346057,71.61448101
2021-04-12T00:00:00Z,8.119,8.5,7.1,7.447,81.14254574,80.90099675
2021-04-13T00:00:00Z,7.447,7.611,6.773,7.295,72.04273563,80.62291398
2021-04-14T00:00:00Z,7.295,7.393,6.367,7.339,54.25731367,69.14753168
2021-04-15T00:00:00Z,7.339,7.603,7,7.37,48.86674206,58.38893046
2021-04-16T00:00:00Z,7.37,7.497,6.426,6.662,35.47429286,46.19944953
2021-04-17T00:00:00Z,6.668,7.2,6.5,6.501,23.8749875,36.07200747
2021-04-18T00:00:00Z,6.501,6.55,5.01,6.257,24.23100148,27.86009395
2021-04-19T00:00:00Z,6.257,6.664,5.652,5.763,29.30081359,25.80226752
2021-04-20T00:00:00Z,5.763,6.123,5.055,5.937,38.13485349,30.55555619
2021-04-21T00:00:00Z,5.943,6.528,5.736,5.938,36.22932515,34.55499741
2021-04-22T00:00:00Z,5.938,7.428,5.81,6.516,47.31037717,40.55818527
2021-04-23T00:00:00Z,6.516,6.787,5.099,5.784,45.12597149,42.88855794
2021-04-24T00:00:00Z,5.784,6.143,5.032,5.781,41.42130643,44.61921836
2021-04-25T00:00:00Z,5.781,7.6,5.74,7.473,52.34518601,46.29748798
2021-04-26T00:00:00Z,7.473,11.204,7.22,9.531,66.40288825,53.38979356
2021-04-27T00:00:00Z,9.531,11.391,9.512,10.386,84.04795297,67.59867574
2021-04-28T00:00:00Z,10.386,10.432,9,9.647,76.55454864,75.66846329
2021-04-29T00:00:00Z,9.647,9.772,8.51,9.234,72.86656567,77.82302243
2021-04-30T00:00:00Z,9.234,9.984,8.862,9.604,63.85354199,71.0915521
2021-05-01T00:00:00Z,9.603,10.588,9.1,10.555,63.32287321,66.68099362
2021-05-02T00:00:00Z,10.555,11.191,9.523,10.687,69.77996646,65.65212722
2021-05-03T00:00:00Z,10.687,12.89,10.687,11.721,75.16461483,69.42248483
2021-05-04T00:00:00Z,11.721,12.505,10.19,10.26,63.07286577,69.33914902
2021-05-05T00:00:00Z,10.26,11.724,10.052,11.188,54.36996707,64.20248256
2021-05-06T00:00:00Z,11.188,11.212,10.066,10.324,37.86304091,51.76862458
2021-05-07T00:00:00Z,10.324,10.791,9.582,10.15,32.01752261,41.41684353
2021-05-08T00:00:00Z,10.15,11.392,9.981,10.829,27.87395618,32.5848399
2021-05-09T00:00:00Z,10.829,10.847,9.834,10.292,30.99291224,30.29479701
2021-05-10T00:00:00Z,10.292,10.62,8.688,9.171,31.22355567,30.03014136
2021-05-11T00:00:00Z,9.171,9.775,8.715,9.763,30.25497839,30.82381543
2021-05-12T00:00:00Z,9.763,10.209,8.3,8.433,20.63992207,27.37281871
2021-05-13T00:00:00Z,8.429,9.256,7.561,8.243,21.60401906,24.16630651
2021-05-14T00:00:00Z,8.243,9.206,8.024,8.743,21.23207282,21.15867132
2021-05-15T00:00:00Z,8.743,8.915,7.8,7.884,23.86422688,22.23343959
2021-05-16T00:00:00Z,7.884,10.513,7.825,9.732,41.46044136,28.85224702
2021-05-17T00:00:00Z,9.727,10.914,8.295,9.212,44.99357755,36.7727486
2021-05-18T00:00:00Z,9.212,10.384,9.076,9.603,60.22755159,48.89385684
2021-05-19T00:00:00Z,9.603,9.77,4.7,5.411,39.52706657,48.24939857
2021-05-20T00:00:00Z,5.411,6.655,4.674,6.506,32.90022902,44.2182824
2021-05-21T00:00:00Z,6.506,7.032,4.688,5.546,18.2584129,30.2285695
2021-05-22T00:00:00Z,5.546,5.581,4.616,4.812,15.57713053,22.24525748
2021-05-23T00:00:00Z,4.812,4.987,3.006,3.824,9.821951021,14.55249815
2021-05-24T00:00:00Z,3.824,4.794,3.665,4.741,19.52879245,14.975958
2021-05-25T00:00:00Z,4.741,4.912,4.122,4.615,31.71784838,20.35619728
2021-05-26T00:00:00Z,4.615,5.552,4.48,5.479,59.69964808,36.9820963
2021-05-27T00:00:00Z,5.479,5.484,4.87,5.076,72.43602242,54.61783963
2021-05-28T00:00:00Z,5.076,5.152,4.145,4.341,71.05563353,67.73043468
2021-05-29T00:00:00Z,4.341,4.554,3.871,4.066,42.90943453,62.13369683
2021-05-30T00:00:00Z,4.066,4.447,3.83,4.309,25.08026325,46.34844377
2021-05-31T00:00:00Z,4.309,4.792,4.071,4.761,31.90150586,33.29706788
2021-06-01T00:00:00Z,4.761,4.903,4.393,4.587,47.12200143,34.70125685
2021-06-02T00:00:00Z,4.587,5.15,4.419,4.891,64.64276657,47.88875796
2021-06-03T00:00:00Z,4.891,5.376,4.749,5.295,77.46706175,63.07727658
2021-06-04T00:00:00Z,5.295,5.327,4.467,4.714,74.80383041,72.30455291
2021-06-05T00:00:00Z,4.714,5.085,4.43,4.603,55.1319591,69.13428375
2021-06-06T00:00:00Z,4.603,4.826,4.567,4.801,36.85053668,55.59544207
2021-06-07T00:00:00Z,4.801,5.273,4.423,4.469,22.03548064,38.00599214
2021-06-08T00:00:00Z,4.469,4.526,3.801,4.274,25.24644538,28.04415423
2021-06-09T00:00:00Z,4.274,4.563,4.041,4.501,27.79242617,25.02478406
2021-06-10T00:00:00Z,4.501,4.584,4.134,4.203,35.28673286,29.44186814
2021-06-11T00:00:00Z,4.203,4.267,3.792,3.858,26.44019293,29.83978399
2021-06-12T00:00:00Z,3.858,3.862,3.479,3.667,16.25993521,25.99562033
2021-06-13T00:00:00Z,3.667,4.049,3.58,3.963,21.75697599,21.48570138
2021-06-14T00:00:00Z,3.963,4.278,3.881,4.235,43.07692308,27.03127809
2021-06-15T00:00:00Z,4.235,4.398,4.12,4.342,68.70787153,44.51392353
2021-06-16T00:00:00Z,4.342,4.543,4.054,4.128,74.43965007,62.07481489
2021-06-17T00:00:00Z,4.128,4.302,3.978,4.069,68.56049227,70.56933796
2021-06-18T00:00:00Z,4.069,4.07,3.67,3.846,43.97847445,62.3262056
2021-06-19T00:00:00Z,3.846,3.926,3.707,3.723,25.67006741,46.06967804
2021-06-20T00:00:00Z,3.723,3.783,3.448,3.759,18.21107084,29.28653757
2021-06-21T00:00:00Z,3.759,3.781,2.9,2.943,12.51329768,18.79814531
2021-06-22T00:00:00Z,2.943,3.092,2.398,2.737,17.24799773,15.99078875
2021-06-23T00:00:00Z,2.737,3.09,2.641,2.885,18.40463148,16.05530896
2021-06-24T00:00:00Z,2.885,3.046,2.756,2.98,31.38950267,22.34737729
2021-06-25T00:00:00Z,2.98,3.054,2.649,2.681,31.45205017,27.08206144
2021-06-26T00:00:00Z,2.681,2.764,2.52,2.688,34.75705543,32.53286942
2021-06-27T00:00:00Z,2.688,2.865,2.638,2.863,40.80831474,35.67247345
2021-06-28T00:00:00Z,2.863,3.112,2.802,3.057,64.22388052,46.5964169
2021-06-29T00:00:00Z,3.057,3.415,3.045,3.257,77.74375559,60.92531695
2021-06-30T00:00:00Z,3.257,3.588,3.144,3.545,89.67653698,77.21472437
2021-07-01T00:00:00Z,3.545,3.546,3.159,3.26,81.2646119,82.89496816
2021-07-02T00:00:00Z,3.256,3.299,3.046,3.247,72.68774769,81.20963219
2021-07-03T00:00:00Z,3.247,3.451,3.2,3.398,62.3662228,72.10619413
2021-07-04T00:00:00Z,3.398,3.562,3.222,3.465,66.31041908,67.12146319
2021-07-05T00:00:00Z,3.465,3.465,3.193,3.307,64.29895884,64.32520024
2021-07-06T00:00:00Z,3.307,3.774,3.267,3.746,74.68050486,68.42996093
2021-07-07T00:00:00Z,3.746,3.919,3.543,3.596,67.41496113,68.79814161
2021-07-08T00:00:00Z,3.596,3.607,3.124,3.192,53.40564905,65.16703834
2021-07-09T00:00:00Z,3.192,3.246,3.053,3.193,26.74312758,49.18791259
2021-07-10T00:00:00Z,3.193,3.249,3.059,3.135,11.39618768,30.5149881
2021-07-11T00:00:00Z,3.135,3.254,3.061,3.204,14.35719784,17.4988377
2021-07-12T00:00:00Z,3.204,3.317,3.096,3.202,17.93353955,14.56230836
2021-07-13T00:00:00Z,3.202,3.231,2.972,3.063,23.56953602,18.62009114
2021-07-14T00:00:00Z,3.063,3.071,2.83,3,29.39323866,23.63210474
2021-07-15T00:00:00Z,3,3.04,2.78,2.844,24.40082415,25.78786628
2021-07-16T00:00:00Z,2.844,2.896,2.654,2.667,16.26214839,23.3520704
2021-07-17T00:00:00Z,2.667,2.739,2.614,2.69,8.732171252,16.46504793
2021-07-18T00:00:00Z,2.69,3.167,2.687,2.907,22.42072519,15.80501494
2021-07-19T00:00:00Z,2.907,3.06,2.632,2.664,24.78099419,18.64463021
2021-07-20T00:00:00Z,2.664,2.722,2.387,2.465,24.00843882,23.7367194
2021-07-21T00:00:00Z,2.465,2.786,2.4,2.718,20.49249625,23.09397642
2021-07-22T00:00:00Z,2.718,2.853,2.678,2.75,32.99145299,25.83079602
2021-07-23T00:00:00Z,2.75,2.893,2.634,2.802,50.21284972,34.56559966
2021-07-24T00:00:00Z,2.802,2.973,2.786,2.886,64.45207845,49.21879372
2021-07-25T00:00:00Z,2.886,3.058,2.81,2.973,77.96661356,64.21051391
2021-07-26T00:00:00Z,2.973,3.443,2.954,3.049,74.51118304,72.30995835
2021-07-27T00:00:00Z,3.049,3.284,2.948,3.184,68.78837746,73.75539135
2021-07-28T00:00:00Z,3.184,3.292,3.085,3.247,63.1501644,68.81657497
2021-07-29T00:00:00Z,3.247,3.709,3.152,3.585,74.78649704,68.9083463
2021-07-30T00:00:00Z,3.585,3.898,3.395,3.893,85.28266949,74.40644364
2021-07-31T00:00:00Z,3.893,4.237,3.782,4.043,90.21005136,83.42640596
2021-08-01T00:00:00Z,4.043,4.28,3.706,3.764,80.41444707,85.3023893
2021-08-02T00:00:00Z,3.764,4.127,3.699,3.939,70.51305351,80.37918398
2021-08-03T00:00:00Z,3.939,4.504,3.74,4.504,75.52986241,75.48578766
2021-08-04T00:00:00Z,4.506,4.616,4.11,4.559,87.85119402,77.96470331
2021-08-05T00:00:00Z,4.559,4.587,4.208,4.457,92.14830971,85.17645538
2021-08-06T00:00:00Z,4.457,4.64,4.317,4.547,88.85394201,89.61781525
2021-08-07T00:00:00Z,4.547,4.76,4.39,4.595,85.53375898,88.8453369
2021-08-08T00:00:00Z,4.595,4.641,4.148,4.257,65.51860365,79.96876821
2021-08-09T00:00:00Z,4.257,4.656,4.029,4.579,60.55943737,70.53726667
2021-08-10T00:00:00Z,4.579,5.088,4.447,4.644,51.9761457,59.35139557
2021-08-11T00:00:00Z,4.644,5.249,4.632,4.847,66.78741093,59.77433133
2021-08-12T00:00:00Z,4.847,5.129,4.45,4.697,59.95897769,59.57417811
2021-08-13T00:00:00Z,4.697,5.277,4.642,5.223,72.49211854,66.41283572
2021-08-14T00:00:00Z,5.223,5.259,4.873,5.233,81.70865682,71.38658435
2021-08-15T00:00:00Z,5.233,6.186,5.045,6.171,96.5026056,83.56779365
2021-08-16T00:00:00Z,6.171,7.58,5.951,6.75,89.10572267,89.1056617
2021-08-17T00:00:00Z,6.75,7.327,6.132,6.289,76.22563868,87.27798898
2021-08-18T00:00:00Z,6.289,8.25,5.811,7.802,72.09158624,79.14098253
2021-08-19T00:00:00Z,7.802,8.611,7.402,7.898,74.26597971,74.19440155
2021-08-20T00:00:00Z,7.898,7.973,7.568,7.896,80.40122721,75.58626439
2021-08-21T00:00:00Z,7.896,8.2,7.48,7.662,73.52567903,76.06429532
2021-08-22T00:00:00Z,7.662,7.823,7.2,7.5,66.96428571,73.63039732
2021-08-23T00:00:00Z,7.5,7.86,7.343,7.571,50.90732679,63.79909718
2021-08-24T00:00:00Z,7.571,7.747,6.579,6.758,32.55246794,50.14136015
2021-08-25T00:00:00Z,6.758,7.045,6.337,7,24.30791231,35.92256901
2021-08-26T00:00:00Z,7,7.002,6.231,6.387,18.73558508,25.19865511
2021-08-27T00:00:00Z,6.387,7.546,6.166,7.503,41.36326959,28.13558899
2021-08-28T00:00:00Z,7.503,8.79,7.305,8.26,56.10129212,38.73338226
2021-08-29T00:00:00Z,8.26,8.278,7.671,7.881,74.69522694,57.38659621
2021-08-30T00:00:00Z,7.881,9.016,7.75,8.205,72.23464021,67.67705309
2021-08-31T00:00:00Z,8.205,10.135,8.039,8.358,64.0433695,70.32441221
2021-09-01T00:00:00Z,8.358,9.047,8.074,8.716,58.87684468,65.05161813
2021-09-02T00:00:00Z,8.716,9.273,8.541,8.829,50.69447587,57.87156335
2021-09-03T00:00:00Z,8.829,9.828,8.829,9.235,53.03985381,54.20372479
2021-09-04T00:00:00Z,9.235,9.315,8.618,8.806,48.61813855,50.78415608
2021-09-05T00:00:00Z,8.806,8.811,8.381,8.731,45.438301,49.03209778
2021-09-06T00:00:00Z,8.731,9.242,7.8,9.076,45.65662806,46.57102254
2021-09-07T00:00:00Z,9.076,10.636,7,8.313,45.49582795,45.53025234
2021-09-08T00:00:00Z,8.313,10.399,7.192,8.863,50.08928901,47.08058167
2021-09-09T00:00:00Z,8.863,12.157,8.217,10.785,53.58137326,49.72216341
2021-09-10T00:00:00Z,10.785,11.75,9.472,11.447,70.28843809,57.98636679
2021-09-11T00:00:00Z,11.447,13.71,11.257,11.845,77.27778457,67.04919864
2021-09-12T00:00:00Z,11.845,12.969,11.545,12.485,79.88128672,75.81583646
2021-09-13T00:00:00Z,12.486,12.708,10.04,11.243,69.49994959,75.55300696
2021-09-14T00:00:00Z,11.243,11.279,9.831,10.473,53.30460582,67.56194738
2021-09-15T00:00:00Z,10.473,11.103,10.127,10.702,33.72072229,52.17509257
2021-09-16T00:00:00Z,10.702,10.946,9.965,10.242,19.72379568,35.58304126
2021-09-17T00:00:00Z,10.242,10.479,9.377,9.684,14.92273555,22.7890845
2021-09-18T00:00:00Z,9.684,10.81,9.411,10.729,31.13234544,21.92629222
2021-09-19T00:00:00Z,10.73,11.177,9.675,9.883,36.13687769,27.39731956
2021-09-20T00:00:00Z,9.883,9.934,7.9,8.04,34.48879392,33.91933901
2021-09-21T00:00:00Z,8.04,8.35,6.799,7.111,13.16995103,27.93187421
2021-09-22T00:00:00Z,7.111,8.336,6.863,8.309,15.29645899,20.98506798
2021-09-23T00:00:00Z,8.309,8.731,7.891,8.631,27.8209228,18.76244427
2021-09-24T00:00:00Z,8.631,8.635,7.209,7.834,36.45019355,26.52252511
2021-09-25T00:00:00Z,7.834,7.913,7.33,7.547,37.85876726,34.04329453
2021-09-26T00:00:00Z,7.547,8.168,6.812,7.613,37.82373334,37.37756472
2021-09-27T00:00:00Z,7.613,8.2,7.437,7.457,38.0227006,37.90173373
2021-09-28T00:00:00Z,7.457,7.577,6.897,6.942,27.49428276,34.44690557
2021-09-29T00:00:00Z,6.942,7.422,6.812,6.993,17.92756809,27.81485048
2021-09-30T00:00:00Z,6.991,7.49,6.935,7.464,22.38183727,22.60122937
2021-10-01T00:00:00Z,7.464,8.349,7.371,8.248,51.14772218,30.48570918
2021-10-02T00:00:00Z,8.248,9.057,8.071,8.613,73.54184596,49.0238018
2021-10-03T00:00:00Z,8.613,9.422,8.613,8.999,85.81485931,70.16814248
2021-10-04T00:00:00Z,8.999,9.108,8.221,8.561,76.46526549,78.60732358
2021-10-05T00:00:00Z,8.561,8.809,8.167,8.487,67.86185368,76.71399283
2021-10-06T00:00:00Z,8.49,8.496,7.616,8.177,50.2851935,64.87077089
2021-10-07T00:00:00Z,8.177,8.416,7.874,8.123,37.84956478,51.99887065
2021-10-08T00:00:00Z,8.123,8.215,7.83,7.912,26.32511824,38.15329217
2021-10-09T00:00:00Z,7.912,8.204,7.775,8.09,29.21466681,31.12978328
2021-10-10T00:00:00Z,8.09,8.093,7.404,7.453,21.35269674,25.63082727
2021-10-11T00:00:00Z,7.454,7.708,7.21,7.342,18.38807392,22.98514583
2021-10-12T00:00:00Z,7.342,7.499,6.98,7.495,19.04428599,19.59501889
2021-10-13T00:00:00Z,7.495,7.589,7.237,7.567,33.53439828,23.65558606
2021-10-14T00:00:00Z,7.567,7.879,7.509,7.644,49.7721672,34.11695049
2021-10-15T00:00:00Z,7.644,8.172,7.325,7.488,50.07784881,44.46147143
2021-10-16T00:00:00Z,7.488,7.593,7.275,7.307,43.23630533,47.69544045
2021-10-17T00:00:00Z,7.307,7.422,6.9,7.176,30.58281626,41.29899013
2021-10-18T00:00:00Z,7.176,7.279,6.92,7.009,19.23339383,31.01750514
2021-10-19T00:00:00Z,7.009,7.171,6.946,7.109,15.56603774,21.79408261
2021-10-20T00:00:00Z,7.109,7.63,7.01,7.611,40.79908676,25.19950611
2021-10-21T00:00:00Z,7.611,7.866,7.261,7.379,54.47133307,36.94548585
2021-10-22T00:00:00Z,7.379,8.196,7.341,7.943,75.7185318,56.99631721
2021-10-23T00:00:00Z,7.943,8.118,7.663,7.795,65.89277837,65.36088108
2021-10-24T00:00:00Z,7.795,7.819,7.223,7.475,62.4332779,68.01486269
2021-10-25T00:00:00Z,7.475,7.9,7.411,7.729,53.04384363,60.4566333
2021-10-26T00:00:00Z,7.729,8.003,7.504,7.634,44.48400807,53.32037653
2021-10-27T00:00:00Z,7.634,7.705,6.541,6.632,33.33835151,43.62206774
2021-10-28T00:00:00Z,6.632,7.135,6.514,6.948,25.71934071,34.5139001
2021-10-29T00:00:00Z,6.948,7.41,6.914,7.387,31.18249393,30.08006205
2021-10-30T00:00:00Z,7.387,7.65,7.069,7.293,46.69800761,34.53328075
2021-10-31T00:00:00Z,7.293,7.393,6.907,7.25,57.58125122,45.15391759
2021-11-01T00:00:00Z,7.25,7.801,6.935,7.533,64.43005995,56.23643959
2021-11-02T00:00:00Z,7.53,7.765,7.351,7.758,78.72111506,66.91080874
2021-11-03T00:00:00Z,7.756,8.841,7.584,8.705,89.11149262,77.42088921
2021-11-04T00:00:00Z,8.705,8.907,7.778,8.122,82.96936623,83.60065797
2021-11-05T00:00:00Z,8.122,8.128,7.516,7.628,62.95330997,78.34472294
2021-11-06T00:00:00Z,7.628,7.892,7.358,7.847,42.5895315,62.83740257
2021-11-07T00:00:00Z,7.846,7.954,7.65,7.728,30.30165761,45.28149969
2021-11-08T00:00:00Z,7.728,7.88,7.53,7.844,29.0460219,33.97907034
2021-11-09T00:00:00Z,7.844,7.973,7.45,7.505,24.7841227,28.04393407
2021-11-10T00:00:00Z,7.505,7.619,6.671,6.98,24.73290289,26.1876825
2021-11-11T00:00:00Z,6.98,7.231,6.884,7.06,24.23358004,24.58353521
2021-11-12T00:00:00Z,7.06,7.191,6.726,6.953,25.08960573,24.68536289
2021-11-13T00:00:00Z,6.953,7.179,6.913,7.105,28.28981055,25.87099877
2021-11-14T00:00:00Z,7.105,7.159,6.887,7.028,30.88351579,28.08764402
2021-11-15T00:00:00Z,7.028,7.152,6.8,6.895,34.81896924,31.33076519
2021-11-16T00:00:00Z,6.895,6.895,6.107,6.309,29.91942024,31.87396842
2021-11-17T00:00:00Z,6.309,6.353,6.053,6.302,24.7379032,29.8254309
2021-11-18T00:00:00Z,6.302,6.352,5.498,5.639,16.4124084,23.68991062
2021-11-19T00:00:00Z,5.639,5.941,5.51,5.903,18.36287773,19.83772978
2021-11-20T00:00:00Z,5.903,6.232,5.748,6.078,24.83083134,19.86870582
2021-11-21T00:00:00Z,6.078,6.255,5.892,6.166,48.04409562,30.41260156
2021-11-22T00:00:00Z,6.166,6.192,5.68,5.75,49.71812976,40.86435224
2021-11-23T00:00:00Z,5.75,5.853,5.589,5.761,47.10937562,48.29053367
2021-11-24T00:00:00Z,5.761,5.787,5.461,5.545,24.59293899,40.47348146
2021-11-25T00:00:00Z,5.545,5.94,5.503,5.822,29.91220507,33.87150656
2021-11-26T00:00:00Z,5.822,5.858,5.018,5.137,22.06054208,25.52189538
2021-11-27T00:00:00Z,5.137,5.289,5.062,5.139,22.9086418,24.96046299
2021-11-28T00:00:00Z,5.139,5.227,4.785,5.201,19.75908216,21.57608868
2021-11-29T00:00:00Z,5.201,5.633,5.149,5.578,39.26632298,27.31134898
2021-11-30T00:00:00Z,5.578,5.907,5.342,5.648,60.53051524,39.85197346
2021-12-01T00:00:00Z,5.648,5.95,5.591,5.697,74.61916383,58.13866735
2021-12-02T00:00:00Z,5.697,5.723,5.483,5.568,74.13659442,69.76209116
2021-12-03T00:00:00Z,5.568,5.59,4.953,5.15,55.08428002,67.94667943
2021-12-04T00:00:00Z,5.15,5.151,4,4.322,34.49413293,54.57166912
2021-12-05T00:00:00Z,4.322,4.39,3.931,4.044,13.95630949,34.51157414
2021-12-06T00:00:00Z,4.044,4.134,3.627,4.094,14.79672833,21.08239025
2021-12-07T00:00:00Z,4.094,4.271,4.053,4.243,19.75263482,16.16855754
2021-12-08T00:00:00Z,4.243,4.378,4.089,4.366,34.05062933,22.86666416
2021-12-09T00:00:00Z,4.366,4.386,3.909,3.924,39.59888284,31.134049
2021-12-10T00:00:00Z,3.924,4.029,3.601,3.612,29.60579414,34.41843544
2021-12-11T00:00:00Z,3.612,3.774,3.48,3.764,23.89104905,31.03190868
2021-12-12T00:00:00Z,3.764,3.847,3.621,3.803,22.79968879,25.43217733
2021-12-13T00:00:00Z,3.803,3.879,3.317,3.35,23.36159656,23.35077813
2021-12-14T00:00:00Z,3.35,3.538,3.277,3.437,20.00493569,22.05540701
2021-12-15T00:00:00Z,3.437,3.665,3.275,3.563,24.01523738,22.46058988
2021-12-16T00:00:00Z,3.563,3.68,3.463,3.473,33.91339063,25.97785457
2021-12-17T00:00:00Z,3.473,3.515,3.267,3.344,31.01509184,29.64790662
2021-12-18T00:00:00Z,3.344,3.517,3.279,3.489,33.03872764,32.6557367
2021-12-19T00:00:00Z,3.489,3.542,3.38,3.387,31.79680535,31.95020828
2021-12-20T00:00:00Z,3.387,3.42,3.206,3.339,36.95592948,33.93048749
2021-12-21T00:00:00Z,3.339,3.558,3.311,3.533,50.00416303,39.58563262
2021-12-22T00:00:00Z,3.533,3.829,3.511,3.667,64.98452958,50.64820736
2021-12-23T00:00:00Z,3.667,3.947,3.587,3.89,86.40073644,67.12980968
2021-12-24T00:00:00Z,3.89,4.206,3.855,4.04,83.23482734,78.20669779
2021-12-25T00:00:00Z,4.04,4.13,3.982,4.107,88.21541326,85.95032568
2021-12-26T00:00:00Z,4.107,4.208,3.863,4.035,82.5059625,84.6520677
2021-12-27T00:00:00Z,4.035,4.28,4.002,4.058,77.36108516,82.69415364
2021-12-28T00:00:00Z,4.058,4.058,3.638,3.64,47.81874482,69.2285975
2021-12-29T00:00:00Z,3.64,3.703,3.368,3.406,24.1478537,49.77589456
2021-12-30T00:00:00Z,3.406,3.625,3.318,3.475,6.932786489,26.29979501
2021-12-31T00:00:00Z,3.475,3.602,3.317,3.41,10.04805129,13.70956383
2022-01-01T00:00:00Z,3.41,3.676,3.41,3.669,24.49362034,13.82481937
2022-01-02T00:00:00Z,3.669,3.874,3.589,3.8,47.95841229,27.50002797
2022-01-03T00:00:00Z,3.8,3.812,3.547,3.65,64.66749205,45.70650823
2022-01-04T00:00:00Z,3.65,3.721,3.517,3.605,66.06822262,59.56470899
2022-01-05T00:00:00Z,3.605,3.923,3.243,3.39,44.36925758,58.36832408
2022-01-06T00:00:00Z,3.39,3.446,3.16,3.263,28.94085243,46.45944421
2022-01-07T00:00:00Z,3.263,3.502,2.971,3.102,16.29249865,29.86753622
2022-01-08T00:00:00Z,3.102,3.18,2.877,2.972,12.11402229,19.11579112
2022-01-09T00:00:00Z,2.972,3.092,2.944,3.031,12.52182517,13.64278204
2022-01-10T00:00:00Z,3.031,3.051,2.787,2.902,13.2962958,12.64404775
2022-01-11T00:00:00Z,2.902,3.085,2.884,3.024,21.31784086,15.71198728
2022-01-12T00:00:00Z,3.024,3.225,3.021,3.169,45.4817937,26.69864345
2022-01-13T00:00:00Z,3.169,3.266,3.068,3.084,60.78854679,42.52939378
2022-01-14T00:00:00Z,3.083,3.213,3.012,3.169,76.32275511,60.8643652
2022-01-15T00:00:00Z,3.169,3.289,3.133,3.216,74.5763207,70.56254087
2022-01-16T00:00:00Z,3.216,3.225,3.129,3.174,73.40284708,74.76730763
2022-01-17T00:00:00Z,3.174,3.181,2.951,3.007,52.34237016,66.77384598
2022-01-18T00:00:00Z,3.007,3.035,2.89,2.992,33.53857054,53.09459593
2022-01-19T00:00:00Z,2.992,3.003,2.852,2.889,16.86625878,34.24906649
2022-01-20T00:00:00Z,2.889,3.018,2.745,2.765,12.73246522,21.04576485
2022-01-21T00:00:00Z,2.765,2.784,2.351,2.444,7.946101722,12.51494191
2022-01-22T00:00:00Z,2.444,2.503,2.046,2.209,10.61759339,10.43205345
2022-01-23T00:00:00Z,2.209,2.305,2.14,2.261,16.60181836,11.72183782
2022-01-24T00:00:00Z,2.261,2.262,1.925,2.118,18.75281944,15.32407706
2022-01-25T00:00:00Z,2.118,2.154,2.036,2.104,20.205116,18.51991793
2022-01-26T00:00:00Z,2.104,2.287,2.077,2.116,23.84699638,20.93497727
2022-01-27T00:00:00Z,2.116,2.17,2.032,2.123,35.3294766,26.46052966
2022-01-28T00:00:00Z,2.123,2.214,2.087,2.2,53.7056989,37.62739062
2022-01-29T00:00:00Z,2.2,2.297,2.196,2.256,70.86680529,53.30066026
2022-01-30T00:00:00Z,2.256,2.365,2.22,2.309,81.22611197,68.59953872
2022-01-31T00:00:00Z,2.309,2.318,2.185,2.312,83.93185638,78.67492455
2022-02-01T00:00:00Z,2.312,2.409,2.3,2.368,84.84478267,83.33425034
2022-02-02T00:00:00Z,2.368,2.461,2.238,2.259,66.05425301,78.27696402
2022-02-03T00:00:00Z,2.259,2.27,2.164,2.263,49.13733609,66.67879059
2022-02-04T00:00:00Z,2.263,2.444,2.231,2.436,50.57580637,55.25579849
2022-02-05T00:00:00Z,2.436,2.614,2.413,2.529,68.67564534,56.12959594
2022-02-06T00:00:00Z,2.529,2.606,2.443,2.562,87.04601571,68.76582248
2022-02-07T00:00:00Z,2.562,2.757,2.501,2.692,86.1981138,80.63992495
2022-02-08T00:00:00Z,2.692,2.698,2.457,2.554,79.6300248,84.29138477
2022-02-09T00:00:00Z,2.554,2.683,2.482,2.645,72.62916347,79.48576735
2022-02-10T00:00:00Z,2.645,2.728,2.473,2.487,47.62048114,66.62655647
2022-02-11T00:00:00Z,2.487,2.548,2.296,2.335,29.97148972,50.07371144
2022-02-12T00:00:00Z,2.335,2.351,2.227,2.289,11.61595273,29.73597453
2022-02-13T00:00:00Z,2.289,2.332,2.205,2.253,10.00431321,17.19725189
2022-02-14T00:00:00Z,2.253,2.3,2.188,2.267,12.0608998,11.22705525
2022-02-15T00:00:00Z,2.267,2.466,2.263,2.455,32.65803885,18.24108395
2022-02-16T00:00:00Z,2.455,2.481,2.362,2.431,57.24381663,33.98758509
2022-02-17T00:00:00Z,2.431,2.449,2.183,2.209,55.27555082,48.39246877
2022-02-18T00:00:00Z,2.209,2.256,2.124,2.158,33.72793177,48.74909974
2022-02-19T00:00:00Z,2.158,2.185,2.09,2.154,11.53897606,33.51415289
2022-02-20T00:00:00Z,2.154,2.155,2.023,2.061,11.3963464,18.88775141
2022-02-21T00:00:00Z,2.061,2.147,1.904,1.907,8.405229464,10.44685064
2022-02-22T00:00:00Z,1.907,1.983,1.845,1.953,11.70825807,10.50327798
2022-02-23T00:00:00Z,1.953,2.033,1.865,1.877,12.07986523,10.73111759
2022-02-24T00:00:00Z,1.877,1.892,1.656,1.84,24.18762815,15.99191715
2022-02-25T00:00:00Z,1.84,1.973,1.816,1.945,35.04832756,23.77194031
2022-02-26T00:00:00Z,1.945,2.024,1.934,1.981,60.64670484,39.96088685
2022-02-27T00:00:00Z,1.981,2.041,1.874,1.902,69.65415697,55.11639646
2022-02-28T00:00:00Z,1.902,2.099,1.875,2.093,82.91619955,71.07235379
2022-03-01T00:00:00Z,2.093,2.143,2.029,2.094,82.51899754,78.36311802
2022-03-02T00:00:00Z,2.094,2.127,2.025,2.079,86.62302238,84.01940649
2022-03-03T00:00:00Z,2.079,2.088,1.94,1.978,66.628393,78.59013764
2022-03-04T00:00:00Z,1.978,1.982,1.81,1.836,40.89256543,64.71466027
2022-03-05T00:00:00Z,1.836,1.887,1.804,1.878,22.76614213,43.42903352
2022-03-06T00:00:00Z,1.878,1.887,1.81,1.83,12.56208399,25.40693052
2022-03-07T00:00:00Z,1.83,1.885,1.741,1.785,14.18618648,16.5048042
2022-03-08T00:00:00Z,1.785,1.845,1.771,1.806,15.90020174,14.2161574
2022-03-09T00:00:00Z,1.806,1.935,1.8,1.933,46.20671393,25.43103405
2022-03-10T00:00:00Z,1.933,1.946,1.808,1.882,64.90683811,42.33791793
2022-03-11T00:00:00Z,1.882,1.884,1.791,1.849,73.4774956,61.53034921
2022-03-12T00:00:00Z,1.849,1.879,1.829,1.834,52.48780488,63.6240462
2022-03-13T00:00:00Z,1.834,1.871,1.756,1.767,31.49080017,52.48536688
2022-03-14T00:00:00Z,1.767,1.824,1.747,1.814,25.15260513,36.37707006
2022-03-15T00:00:00Z,1.814,1.849,1.747,1.832,33.83387034,30.15909188
2022-03-16T00:00:00Z,1.832,1.896,1.792,1.895,65.01366546,41.33338031
2022-03-17T00:00:00Z,1.895,1.92,1.85,1.885,80.38048027,59.74267202
2022-03-18T00:00:00Z,1.885,2.219,1.852,2.167,89.36023201,78.25145925
2022-03-19T00:00:00Z,2.167,2.72,2.166,2.697,88.79600458,86.17890562
2022-03-20T00:00:00Z,2.697,2.994,2.564,2.594,84.44711913,87.53445191
2022-03-21T00:00:00Z,2.594,2.698,2.442,2.474,72.96792037,82.07034803
2022-03-22T00:00:00Z,2.474,2.6,2.395,2.501,59.36590231,72.26031394
2022-03-23T00:00:00Z,2.501,3.153,2.474,3.146,70.22211909,67.51864726
2022-03-24T00:00:00Z,3.146,3.193,2.871,3.08,80.65350058,70.08050733
2022-03-25T00:00:00Z,3.08,3.296,2.976,3.109,88.12522072,79.6669468
2022-03-26T00:00:00Z,3.109,3.157,2.995,3.033,78.63169763,82.47013964
2022-03-27T00:00:00Z,3.033,3.129,2.834,3.104,75.56594322,80.77428719
2022-03-28T00:00:00Z,3.104,3.503,3.033,3.375,76.10650409,76.76804831
2022-03-29T00:00:00Z,3.375,3.557,3.193,3.314,74.63311429,75.4351872
2022-03-30T00:00:00Z,3.314,3.704,3.174,3.451,72.72551578,74.48837805
2022-03-31T00:00:00Z,3.451,3.595,3.189,3.235,61.13384525,69.49749177
2022-04-01T00:00:00Z,3.235,3.448,3.062,3.438,59.12305645,64.3274725
2022-04-02T00:00:00Z,3.438,3.6,3.28,3.294,47.52890026,55.92860066
2022-04-03T00:00:00Z,3.294,3.408,3.228,3.296,44.3144483,50.322135
2022-04-04T00:00:00Z,3.296,3.299,2.96,3.119,32.47647326,41.43994061
2022-04-05T00:00:00Z,3.119,3.134,2.909,2.927,21.29908951,32.69667036
2022-04-06T00:00:00Z,2.927,2.928,2.518,2.538,9.765699747,21.18042084
2022-04-07T00:00:00Z,2.538,2.723,2.485,2.683,8.63504563,13.2332783
2022-04-08T00:00:00Z,2.683,2.774,2.585,2.615,13.09024415,10.49699651
2022-04-09T00:00:00Z,2.615,2.699,2.594,2.68,22.48950953,14.73826644
2022-04-10T00:00:00Z,2.68,2.685,2.538,2.552,20.38029814,18.65335061
2022-04-11T00:00:00Z,2.552,2.561,2.232,2.263,16.96331189,19.94437319
2022-04-12T00:00:00Z,2.263,2.399,2.222,2.365,15.58316927,17.64225976
2022-04-13T00:00:00Z,2.365,2.578,2.364,2.573,35.07008665,22.53885593
2022-04-14T00:00:00Z,2.573,2.582,2.392,2.432,48.28235808,32.978538
2022-04-15T00:00:00Z,2.432,2.483,2.378,2.449,60.6656109,48.00601855
2022-04-16T00:00:00Z,2.449,2.501,2.415,2.482,60.21138309,56.38645069
2022-04-17T00:00:00Z,2.482,2.511,2.341,2.361,47.85884432,56.24527944
2022-04-18T00:00:00Z,2.361,2.405,2.229,2.387,41.7600614,49.9434296
2022-04-19T00:00:00Z,2.387,2.485,2.351,2.476,46.88220482,45.50037018
2022-04-20T00:00:00Z,2.476,2.519,2.366,2.426,66.75963125,51.80063249
2022-04-21T00:00:00Z,2.426,2.655,2.371,2.439,68.27182054,60.63788554
2022-04-22T00:00:00Z,2.439,2.553,2.385,2.434,55.11629162,63.38258114
2022-04-23T00:00:00Z,2.434,2.443,2.327,2.354,35.2165159,52.86820935
2022-04-24T00:00:00Z,2.354,2.392,2.298,2.31,19.90503919,36.7459489
2022-04-25T00:00:00Z,2.31,2.314,2.117,2.276,13.71565173,22.94573561
2022-04-26T00:00:00Z,2.276,2.296,2.065,2.092,12.81601159,15.47890084
2022-04-27T00:00:00Z,2.092,2.177,2.074,2.144,18.66205371,15.06457234
2022-04-28T00:00:00Z,2.144,2.272,2.124,2.158,18.29087492,16.58964674
2022-04-29T00:00:00Z,2.158,2.197,1.958,1.991,19.53650026,18.82980963
2022-04-30T00:00:00Z,1.991,2.035,1.78,1.817,14.96019084,17.59585534
2022-05-01T00:00:00Z,1.817,1.924,1.765,1.908,14.88177792,16.45948968
2022-05-02T00:00:00Z,1.908,1.939,1.788,1.854,17.64330382,15.8284242
2022-05-03T00:00:00Z,1.854,1.899,1.796,1.82,19.49695011,17.34067728
2022-05-04T00:00:00Z,1.82,2.03,1.814,2.023,41.94709256,26.36244883
2022-05-05T00:00:00Z,2.023,2.05,1.763,1.809,41.43830387,34.29411551
2022-05-06T00:00:00Z,1.809,1.821,1.705,1.765,42.99157816,42.12565819
2022-05-07T00:00:00Z,1.765,1.796,1.68,1.719,14.65323982,33.02770728
2022-05-08T00:00:00Z,1.719,1.728,1.66,1.687,11.61830727,23.08770841
2022-05-09T00:00:00Z,1.687,1.714,1.399,1.412,6.486848422,10.91946517
2022-05-10T00:00:00Z,1.412,1.573,1.381,1.453,8.427880363,8.844345352
2022-05-11T00:00:00Z,1.453,1.479,1.098,1.156,8.890006585,7.93491179
2022-05-12T00:00:00Z,1.156,1.2,0.934,1.033,12.38053527,9.899474072
2022-05-13T00:00:00Z,1.033,1.222,1.021,1.191,17.9088958,13.05981255
2022-05-14T00:00:00Z,1.191,1.33,1.184,1.305,34.49223324,21.5938881
2022-05-15T00:00:00Z,1.305,1.361,1.26,1.36,56.39110783,36.26407895
2022-05-16T00:00:00Z,1.36,1.36,1.195,1.211,67.0319333,52.63842479
2022-05-17T00:00:00Z,1.211,1.283,1.191,1.255,70.6199538,64.68099831
2022-05-18T00:00:00Z,1.255,1.269,1.115,1.12,45.24241471,60.96476727
2022-05-19T00:00:00Z,1.12,1.175,1.085,1.153,31.83124363,49.23120405
2022-05-20T00:00:00Z,1.153,1.174,1.074,1.09,10.75486903,29.27617579
2022-05-21T00:00:00Z,1.091,1.127,1.068,1.109,16.4339514,19.67335469
2022-05-22T00:00:00Z,1.109,1.177,1.104,1.161,23.64427658,16.94436567
2022-05-23T00:00:00Z,1.161,1.224,1.107,1.124,33.74528669,24.60783822
2022-05-24T00:00:00Z,1.124,1.144,1.074,1.135,41.70493685,33.03150004
2022-05-25T00:00:00Z,1.135,1.155,1.095,1.124,38.24786325,37.89936226
2022-05-26T00:00:00Z,1.124,1.139,1.007,1.038,31.04395604,36.99891872
2022-05-27T00:00:00Z,1.038,1.053,0.991,1.005,18.73057796,29.34079908
2022-05-28T00:00:00Z,1.005,1.038,0.994,1.027,14.08183916,21.28545772
2022-05-29T00:00:00Z,1.027,1.044,0.997,1.036,18.46627586,17.09289766
2022-05-30T00:00:00Z,1.036,1.161,1.023,1.154,48.42419895,26.99077133
2022-05-31T00:00:00Z,1.154,1.186,1.094,1.128,64.5259292,43.805468
2022-06-01T00:00:00Z,1.128,1.161,1.002,1.024,60.58792107,57.8460164
2022-06-02T00:00:00Z,1.024,1.112,1.018,1.084,43.9710521,56.36163412
2022-06-03T00:00:00Z,1.084,1.095,1.011,1.022,24.17543708,42.91147008
2022-06-04T00:00:00Z,1.022,1.026,0.991,1.022,24.26624905,30.80424608
2022-06-05T00:00:00Z,1.022,1.05,1.001,1.035,17.54978469,21.99715694
2022-06-06T00:00:00Z,1.035,1.125,1.03,1.1,41.04102414,27.61901929
2022-06-07T00:00:00Z,1.1,1.104,1.006,1.044,48.92595844,35.83892242
2022-06-08T00:00:00Z,1.044,1.057,1.009,1.02,47.51243781,45.82647346
2022-06-09T00:00:00Z,1.02,1.073,1.011,1.025,26.84962285,41.09600637
2022-06-10T00:00:00Z,1.025,1.029,0.921,0.938,16.44332103,30.26846056
2022-06-11T00:00:00Z,0.938,0.982,0.864,0.95,21.17383513,21.48892634
2022-06-12T00:00:00Z,0.95,1.101,0.89,0.962,28.50562588,22.04092734
2022-06-13T00:00:00Z,0.962,0.966,0.836,0.876,30.75929464,26.81291855
2022-06-14T00:00:00Z,0.876,0.923,0.811,0.918,31.11370077,30.1262071
2022-06-15T00:00:00Z,0.918,0.98,0.835,0.97,35.60615918,32.49305153
2022-06-16T00:00:00Z,0.97,0.98,0.841,0.853,35.40229885,34.0407196
2022-06-17T00:00:00Z,0.853,0.917,0.844,0.892,39.07977964,36.69607922
2022-06-18T00:00:00Z,0.892,0.903,0.781,0.832,29.34663114,34.60956987
2022-06-19T00:00:00Z,0.832,0.86,0.741,0.858,40.83703656,36.42114911
2022-06-20T00:00:00Z,0.858,0.906,0.813,0.884,44.80491719,38.3295283
2022-06-21T00:00:00Z,0.884,0.939,0.861,0.895,62.18812955,49.27669444
2022-06-22T00:00:00Z,0.895,0.904,0.843,0.85,64.22030627,57.07111767
2022-06-23T00:00:00Z,0.85,0.908,0.848,0.902,71.38047138,65.92963573
2022-06-24T00:00:00Z,0.902,0.958,0.886,0.938,74.19017764,69.93031843
2022-06-25T00:00:00Z,0.938,0.973,0.913,0.967,87.63488108,77.7351767
2022-06-26T00:00:00Z,0.967,1.04,0.877,0.922,73.89767826,78.57424566
2022-06-27T00:00:00Z,0.922,0.988,0.92,0.964,65.30093496,75.61116477
2022-06-28T00:00:00Z,0.964,1.007,0.917,0.922,42.70851716,60.63571013
2022-06-29T00:00:00Z,0.922,0.943,0.865,0.886,33.34134288,47.11693167
2022-06-30T00:00:00Z,0.886,0.886,0.804,0.853,20.12335794,32.05773933
2022-07-01T00:00:00Z,0.853,0.874,0.744,0.792,17.00455414,23.48975165
2022-07-02T00:00:00Z,0.792,0.804,0.723,0.776,19.22521142,18.7843745
2022-07-03T00:00:00Z,0.776,0.783,0.752,0.77,19.42551959,18.55176172
2022-07-04T00:00:00Z,0.77,0.79,0.721,0.763,21.82671788,20.15914963
2022-07-05T00:00:00Z,0.763,0.767,0.724,0.746,21.0526837,20.76830706
2022-07-06T00:00:00Z,0.746,0.763,0.73,0.755,27.58609005,23.48849721
2022-07-07T00:00:00Z,0.755,0.779,0.749,0.774,44.7051063,31.11462668
2022-07-08T00:00:00Z,0.774,0.928,0.769,0.883,65.34543973,45.87887869
2022-07-09T00:00:00Z,0.883,1.055,0.866,0.998,79.28397332,63.11150645
2022-07-10T00:00:00Z,0.998,1.037,0.952,0.981,79.42369833,74.68437046
2022-07-11T00:00:00Z,0.981,1.098,0.921,0.937,71.29280676,76.66682614
2022-07-12T00:00:00Z,0.937,1.003,0.929,0.973,64.3683477,71.69495093
2022-07-13T00:00:00Z,0.973,1.115,0.96,1.102,70.21779678,68.62631708
2022-07-14T00:00:00Z,1.102,1.115,1.019,1.073,78.37857032,70.98823827
2022-07-15T00:00:00Z,1.073,1.107,1.034,1.051,80.04664707,76.21433806
2022-07-16T00:00:00Z,1.051,1.165,1.048,1.113,74.44230881,77.62250873
2022-07-17T00:00:00Z,1.113,1.13,1.029,1.031,59.87018577,71.45304722
2022-07-18T00:00:00Z,1.031,1.099,1.03,1.086,52.83021967,62.38090475
2022-07-19T00:00:00Z,1.086,1.149,1.036,1.123,49.88073479,54.19371341
2022-07-20T00:00:00Z,1.123,1.174,1.021,1.028,39.86107381,47.52400942
2022-07-21T00:00:00Z,1.028,1.043,0.981,1.03,33.02713716,40.92298192
2022-07-22T00:00:00Z,1.03,1.068,0.967,0.986,13.0475028,28.64523792
2022-07-23T00:00:00Z,0.986,1.013,0.957,0.989,16.43796293,20.8375343
2022-07-24T00:00:00Z,0.989,1.015,0.979,0.985,12.27617118,13.92054564
2022-07-25T00:00:00Z,0.985,0.99,0.897,0.898,9.411521636,12.70855191
2022-07-26T00:00:00Z,0.898,0.898,0.849,0.89,10.73649411,10.80806231
2022-07-27T00:00:00Z,0.89,0.974,0.873,0.973,31.33501723,17.16101099
2022-07-28T00:00:00Z,0.973,1.027,0.946,1.002,59.79177085,33.95442739
2022-07-29T00:00:00Z,1.002,1.054,0.978,1.009,79.56754395,56.89811068
2022-07-30T00:00:00Z,1.009,1.062,0.984,0.995,77.51614587,72.29182022
2022-07-31T00:00:00Z,0.995,1.042,0.986,0.992,69.8521148,75.6452682
2022-08-01T00:00:00Z,0.992,1.026,0.981,1.016,63.95079716,70.43968594
2022-08-02T00:00:00Z,1.016,1.06,0.935,0.949,44.77713753,59.52668316
2022-08-03T00:00:00Z,0.949,0.97,0.922,0.936,27.12281654,45.28358375
2022-08-04T00:00:00Z,0.936,0.966,0.927,0.954,14.73734261,28.8790989
2022-08-05T00:00:00Z,0.954,1.003,0.949,0.999,29.66183575,23.84066497
2022-08-06T00:00:00Z,0.999,1.132,0.99,1.01,40.29675638,28.23197825
2022-08-07T00:00:00Z,1.01,1.027,0.984,1.008,46.21808144,38.72555786
2022-08-08T00:00:00Z,1.008,1.051,1.005,1.029,44.20441347,43.57308376
2022-08-09T00:00:00Z,1.029,1.045,0.954,0.975,34.97204293,41.79817928
2022-08-10T00:00:00Z,0.975,1.025,0.944,1.022,35.15103651,38.1091643
2022-08-11T00:00:00Z,1.022,1.08,1.021,1.049,44.30096478,38.14134807
2022-08-12T00:00:00Z,1.049,1.082,1.023,1.078,71.93223111,50.4614108
2022-08-13T00:00:00Z,1.078,1.118,1.073,1.077,83.58137108,66.60485566
2022-08-14T00:00:00Z,1.077,1.107,1.027,1.04,76.23688156,77.25016125
2022-08-15T00:00:00Z,1.04,1.103,1.028,1.052,54.52265276,71.44696847
2022-08-16T00:00:00Z,1.052,1.062,1.015,1.027,32.92722071,54.56225168
2022-08-17T00:00:00Z,1.027,1.06,0.987,0.996,16.82649244,34.75878864
2022-08-18T00:00:00Z,0.996,1.012,0.96,0.965,7.30735833,19.02035716
2022-08-19T00:00:00Z,0.965,0.965,0.827,0.835,4.390046759,9.507965844
2022-08-20T00:00:00Z,0.835,0.873,0.804,0.833,5.846740449,5.848048512
2022-08-21T00:00:00Z,0.833,0.854,0.818,0.844,9.921286934,6.719358047
2022-08-22T00:00:00Z,0.844,0.844,0.794,0.825,13.69516452,9.821063968
2022-08-23T00:00:00Z,0.825,0.862,0.8,0.857,22.22909625,15.28184924
2022-08-24T00:00:00Z,0.857,0.868,0.829,0.838,35.58616376,23.83680818
2022-08-25T00:00:00Z,0.838,0.863,0.838,0.852,56.97222872,38.26249624
2022-08-26T00:00:00Z,0.852,0.854,0.761,0.771,47.80679177,46.78839475
2022-08-27T00:00:00Z,0.771,0.778,0.753,0.774,35.32834745,46.70245598
2022-08-28T00:00:00Z,0.774,0.788,0.75,0.754,10.33216482,31.15576801
2022-08-29T00:00:00Z,0.754,0.803,0.747,0.8,22.44678508,22.70243245
2022-08-30T00:00:00Z,0.8,0.811,0.759,0.778,26.01714943,19.59869978
2022-08-31T00:00:00Z,0.778,0.808,0.775,0.778,41.03303926,29.83232459
2022-09-01T00:00:00Z,0.778,0.803,0.765,0.8,53.40732087,40.15250319
2022-09-02T00:00:00Z,0.8,0.809,0.772,0.78,60.9375,51.79262005
2022-09-03T00:00:00Z,0.78,0.786,0.77,0.78,58.25320513,57.53267533
2022-09-04T00:00:00Z,0.78,0.828,0.778,0.819,59.22046703,59.47039072
2022-09-05T00:00:00Z,0.819,0.826,0.778,0.807,64.25518926,60.57628714
2022-09-06T00:00:00Z,0.807,0.824,0.743,0.744,51.18580766,58.22048798
2022-09-07T00:00:00Z,0.744,0.801,0.726,0.791,43.85620915,53.09906869
2022-09-08T00:00:00Z,0.791,0.84,0.782,0.825,50.58135535,48.54112405
2022-09-09T00:00:00Z,0.825,0.88,0.825,0.861,79.40997771,57.94918074
2022-09-10T00:00:00Z,0.861,0.88,0.85,0.866,88.47117794,72.820837
2022-09-11T00:00:00Z,0.866,0.876,0.842,0.86,88.52813853,85.46976473
2022-09-12T00:00:00Z,0.86,0.917,0.838,0.872,81.52958153,86.17629933
2022-09-13T00:00:00Z,0.872,0.886,0.792,0.806,54.95988456,75.00586821
2022-09-14T00:00:00Z,0.806,0.836,0.801,0.83,36.08888889,57.52611833
2022-09-15T00:00:00Z,0.83,0.83,0.776,0.79,17.17635934,36.07504426
2022-09-16T00:00:00Z,0.79,0.798,0.755,0.777,17.96977498,23.74500773
2022-09-17T00:00:00Z,0.777,0.807,0.777,0.806,20.81354088,18.65322506
2022-09-18T00:00:00Z,0.806,0.809,0.739,0.748,20.59663171,19.79331586
2022-09-19T00:00:00Z,0.748,0.775,0.72,0.771,31.5244282,24.3115336
2022-09-20T00:00:00Z,0.771,0.807,0.757,0.774,38.77204806,30.29770266
2022-09-21T00:00:00Z,0.774,0.799,0.725,0.737,42.04630575,37.447594
2022-09-22T00:00:00Z,0.737,0.787,0.733,0.781,49.43820225,43.41885202
2022-09-23T00:00:00Z,0.781,0.799,0.746,0.783,53.35141418,48.27864073
2022-09-24T00:00:00Z,0.783,0.786,0.758,0.76,61.21201526,54.66721056
2022-09-25T00:00:00Z,0.76,0.773,0.734,0.745,47.37458232,53.97933725
2022-09-26T00:00:00Z,0.745,0.769,0.732,0.766,40.15207417,49.57955725
2022-09-27T00:00:00Z,0.766,0.803,0.743,0.755,36.72255396,41.41640348
2022-09-28T00:00:00Z,0.755,0.771,0.729,0.761,42.12795937,39.66752917
2022-09-29T00:00:00Z,0.761,0.779,0.747,0.776,46.38370765,41.74474033
2022-09-30T00:00:00Z,0.776,0.786,0.755,0.765,51.8018018,46.77115627
2022-10-01T00:00:00Z,0.765,0.78,0.756,0.761,51.8018018,49.99577042
2022-10-02T00:00:00Z,0.761,0.77,0.735,0.74,37.06337917,46.88899426
2022-10-03T00:00:00Z,0.74,0.784,0.733,0.779,49.77798056,46.21438718
2022-10-04T00:00:00Z,0.779,0.794,0.771,0.788,65.41821096,50.75319023
2022-10-05T00:00:00Z,0.788,0.79,0.764,0.783,86.30786679,67.16801944
2022-10-06T00:00:00Z,0.783,0.799,0.772,0.774,78.08411989,76.60339921
2022-10-07T00:00:00Z,0.774,0.778,0.753,0.766,64.69614175,76.36270947
2022-10-08T00:00:00Z,0.766,0.78,0.765,0.773,51.866491,64.88225088
2022-10-09T00:00:00Z,0.773,0.794,0.766,0.784,53.62318841,56.72860705
2022-10-10T00:00:00Z,0.784,0.792,0.75,0.7505,37.29665779,47.59544573
2022-10-11T00:00:00Z,0.7505,0.7538,0.7312,0.7384,26.62556022,39.18180214
2022-10-12T00:00:00Z,0.7384,0.7482,0.7326,0.7391,8.35499805,24.09240536
2022-10-13T00:00:00Z,0.7391,0.7399,0.681,0.7187,19.13580595,18.03878807
2022-10-14T00:00:00Z,0.7187,0.7517,0.7037,0.71,24.02285861,17.17122087
2022-10-15T00:00:00Z,0.71,0.7183,0.7036,0.7076,32.00913984,25.0559348
2022-10-16T00:00:00Z,0.7076,0.7323,0.7076,0.7208,39.6529295,31.89497598
2022-10-17T00:00:00Z,0.7208,0.757,0.7138,0.7468,59.80386992,43.82197975
2022-10-18T00:00:00Z,0.7468,0.7616,0.733,0.7549,77.10714136,58.85464693
2022-10-19T00:00:00Z,0.7549,0.7562,0.6957,0.7032,62.13603445,66.34901524
2022-10-20T00:00:00Z,0.7032,0.7342,0.6918,0.7104,42.15890682,60.46736088
2022-10-21T00:00:00Z,0.7104,0.7104,0.676,0.7045,23.77427904,42.6897401
2022-10-22T00:00:00Z,0.7045,0.7132,0.6953,0.7036,30.72831588,32.22050058
2022-10-23T00:00:00Z,0.7036,0.7292,0.6926,0.7193,39.84246937,31.44835476
2022-10-24T00:00:00Z,0.7193,0.7236,0.7034,0.7144,50.73746568,40.43608364
2022-10-25T00:00:00Z,0.7144,0.7892,0.7088,0.7535,62.81076797,51.13023434
2022-10-26T00:00:00Z,0.7535,0.784,0.7478,0.7738,72.83341666,62.12721677
2022-10-27T00:00:00Z,0.7738,0.8032,0.7647,0.7705,74.31828831,69.98749098
2022-10-28T00:00:00Z,0.7705,0.8165,0.7553,0.8056,81.61815948,76.25662148
